OBJECTID;PS_ID;X;Y;Z;date_20150404;date_20150416;date_20150428;date_20150510;date_20150522;date_20150603;date_20150615;date_20150627;date_20150802;date_20150814;date_20150826;date_20150907;date_20151013;date_20151106;date_20151118;date_20151130;date_20151212;date_20151224;date_20160117;date_20160129;date_20160210;date_20160305;date_20160317;date_20160329;date_20160410;date_20160422;date_20160504;date_20160516;date_20160528;date_20160609;date_20160715;date_20160727;date_20160808;date_20160901;date_20160913;date_20160925;date_20161001;date_20161007;date_20161013;date_20161019;date_20161025;date_20161031;date_20161106;date_20161112;date_20161118;date_20161124;date_20161130;date_20161206;date_20161212;date_20161218;date_20161224;date_20161230;date_20170105;date_20170111;date_20170117;date_20170123;date_20170129;date_20170204;date_20170210;date_20170216;date_20170222;date_20170228;date_20170306;date_20170312;date_20170318;date_20170324;date_20170330;date_20170405;date_20170411;date_20170417;date_20170423;date_20170429;date_20170505;date_20170511;date_20170517;date_20170523;date_20170529;date_20170604;date_20170610;date_20170616;date_20170622;date_20170628;date_20170704;date_20170710;date_20170716;date_20170722;date_20170728;date_20170803;date_20170809;date_20170815;date_20170821;date_20170827;date_20170902;date_20170908;date_20170914;date_20170920;date_20170926;date_20171002;date_20171008;date_20171014;date_20171026;date_20171101;date_20171107;date_20171113;date_20171119;date_20171125;date_20171201;date_20171207;date_20171213;date_20171219;date_20171225;date_20171231;date_20180106;date_20180112;date_20180118;date_20180124;date_20180130;date_20180205;date_20180211;date_20180217;date_20180223;date_20180301;date_20180307;date_20180313;date_20180319;date_20180325;date_20180331;date_20180406;date_20180412;date_20180424;date_20180430;date_20180506;date_20180512;date_20180518;date_20180524;date_20180530;date_20180605;date_20180611;date_20180617;date_20180623;date_20180705;date_20180711;date_20180717;date_20180723;date_20180729;date_20180804;date_20180810;date_20180816;date_20180822;date_20180828;date_20180903;date_20180909;date_20180915;date_20180921;date_20180927;date_20181003;date_20181009;date_20181015;date_20181021;date_20181027;date_20181102;date_20181108;date_20181114;date_20181120;date_20181126;date_20181202;date_20181208;date_20181214;date_20181220;date_20181226;date_20190101;date_20190107;date_20190113;date_20190119;date_20190125;date_20190131;date_20190206;date_20190218;date_20190224;date_20190302;date_20190308;date_20190314;date_20190320;date_20190326;date_20190401;date_20190407;date_20190413;date_20190419;date_20190501;date_20190507;date_20190513;date_20190519;date_20190525;date_20190531;date_20190606;date_20190612;date_20190618;date_20190630;date_20190706;date_20190712;date_20190718;date_20190724;date_20190730;date_20190805;date_20190811;date_20190817;date_20190829;date_20190904;date_20190910;date_20190916;date_20190922;date_20190928;date_20191004;date_20191010;date_20191016;date_20191028;date_20191103;date_20191109;date_20191115;date_20191121;date_20191127;date_20191203;date_20191209;date_20191215;date_20191227;date_20200102;date_20200108;date_20200114;date_20200120;date_20200126;date_20200201;date_20200207;date_20200213;date_20200225;date_20200302;date_20200308;date_20200314;date_20200320;date_20200326;date_20200401;date_20200407;date_20200413;date_20200425;date_20200501;date_20200507;date_20200513;date_20200519;date_20200525;date_20200531;date_20200606;date_20200612;date_20200624;date_20200630;date_20200706;date_20200712;date_20200718;date_20200724;date_20200730;date_20200805;date_20200811;date_20200817;date_20200823;date_20200829;date_20200904;date_20200910;date_20200916;date_20200922;date_20200928;date_20201004;date_20201010;date_20201022;date_20201028;date_20201103;date_20201109;date_20201115;date_20201121;date_20201127;date_20201203;date_20201209;date_20201215;date_20201221;date_20201227
862582;9874875;428350,099999999976717;5689165,900000000372529;330,8999939;0,0000000;-5,1599598;-4,7595701;-4,6158900;-8,0571299;-7,7207699;-5,4518700;-2,1601100;-0,7882390;-3,5486901;-6,1645098;-4,0364900;-3,9695401;-3,7136199;-5,6239600;-5,0217900;-9,4586601;-4,8454499;-5,8764801;-7,5136299;-7,2497802;-7,8905101;-8,0624599;-9,4704599;-7,7277999;0,9068810;-8,2558899;-8,7128000;-5,7847900;-6,6270700;-8,5503197;-6,7303100;-12,1389999;-7,0132298;-7,8566098;-4,0663600;-7,9586301;-2,3356800;-5,9380102;-6,6897402;-6,2016001;-4,5077100;-4,1671500;-6,6774902;-4,5829701;-4,7866602;-7,6887798;-5,6766701;-5,0788202;-5,6754198;-5,3500800;-5,1747198;-6,7078900;-4,0724602;-2,9308600;-7,4582801;-4,9395399;-5,0983000;-6,7810702;-6,7117100;-7,3677201;-6,0312800;-6,8297400;-6,4273300;-6,2410202;-8,5610504;-5,2673898;-9,4779501;-7,1819901;-6,7439799;-8,0149899;-10,2040005;-9,4021101;-7,8062701;-9,0122604;-9,3087196;-12,2248001;-6,9075899;-7,0431299;-8,7219000;-13,1289997;-9,4621601;-8,3832598;-6,0554900;-7,3456502;-6,8921399;-8,4187298;-4,7928901;-5,2445798;-4,7643199;-7,3833299;-7,1904802;-5,2774200;-5,4857798;-6,2985401;-6,2471099;-5,8849602;-4,4271402;-5,1067100;-4,5459199;-4,8406801;-0,6651460;-1,9812500;-2,5993400;-2,2138000;-4,4767799;-2,2508199;-3,5333900;-5,5079098;-5,8917999;-4,8215899;-2,1155200;-7,8193102;-4,7809501;-5,4370699;-4,8365798;-2,8480301;-4,4647002;-7,5385098;-7,4756799;-4,1777501;-7,3160300;-4,1427498;-7,8880601;-5,0760798;-5,9669299;-2,9097800;-7,3810802;-6,8349400;-5,2260299;-3,2070000;-3,1414001;0,6883200;-2,1088300;-2,6826999;-3,3062899;-9,0931396;-5,6395402;-11,3695002;-2,9102399;-8,6517496;-4,6708298;-4,9786601;-4,6573100;-6,1278000;-4,2937002;-1,8307900;-2,2320600;-4,3829098;-4,4947801;-4,6307101;-4,8027301;-3,7783999;-3,4221399;-6,7293501;-2,7377200;-4,9360900;-2,6278100;-6,6760998;-7,4346299;-5,1555200;-6,7298298;-5,7712302;-7,8026700;-7,1049500;-8,0795298;-9,6240902;-11,1496000;-7,8297801;-8,0695801;-8,7992897;-9,8516903;-7,8418398;-10,8558998;-11,9519997;-11,0818996;-11,9049997;-9,5698900;-8,7988195;-10,6697998;-9,7473898;-11,8109999;-9,2361403;-7,5170102;-7,2825899;-8,1417599;-11,3863001;-8,5086298;-9,1226797;-9,3477402;-9,9228096;-10,4154997;-10,9361000;-11,5997000;-12,2328997;-11,7316999;-6,2545900;-4,0744901;-7,3949399;-4,7498598;-4,8494902;-7,6366601;-6,7902198;-7,6467099;-4,6765800;-5,0798802;-8,5048103;-4,4299402;-5,9651198;-8,6514301;-6,3196702;-6,8512001;-5,8111601;-7,4363399;-4,8470502;-6,1110401;-5,9260602;-6,7087698;-4,1544499;-9,3137703;-7,4292998;-7,6972098;-7,6336398;-6,6357198;-9,2689896;-8,9658298;-11,6004000;-8,3492603;-9,1243496;-7,0456901;-13,4663000;-14,3771000;-8,1506205;-6,4947600;-16,6443005;-7,8542700;1,9378901;-8,0890198;-13,9453001;-16,3290997;-8,8851099;-12,1226997;-13,7538996;-12,3787003;-11,9609003;-9,7950401;-6,9830298;-5,8166099;-8,8445902;-6,0238299;-11,5992002;-10,6976995;-9,5560102;-9,9177599;-8,4942503;-7,6125398;-2,7070601;-5,3541398;-5,7096500;-6,0226402;-9,5472898;-7,2652998;-1,4229100;-9,6784601;-5,0108099;-5,3751898;-0,9513970;-5,3169799;-6,0592999;-9,1574602;-4,6335702;-6,2388201;-5,8278799;-5,4349699;-7,3812099;-15,6382999;-5,8745198;-8,2516298;-6,9435902;-8,3135099;-6,7325301;-10,1020002
862675;9874984;428335,400000000023283;5689186,900000000372529;331,7000122;0,0000000;2,3905101;-0,6295040;1,7294199;4,2301698;-0,6556250;-1,4778301;0,0602221;0,6434430;2,3799300;0,2070380;2,8642399;1,5970000;-0,7818430;1,0084500;3,1981201;-3,7722299;3,4383900;1,5351800;1,7831000;1,7249000;-4,3536901;-0,5360060;0,4733110;-2,2815001;0,4275150;0,7553460;1,2877800;1,4750299;2,8769801;1,5817800;0,0308709;0,8313170;1,0664099;2,1281700;2,5302300;2,3842900;2,9279499;1,8844800;3,2339399;2,8657401;2,6377399;0,2710830;0,2248280;3,2898200;1,4480200;3,2531600;3,8431799;3,2231200;1,5333101;1,7721900;1,0488900;2,8049800;2,6234300;0,4051100;5,6844902;-0,0560420;0,2215610;-1,5684700;-0,6705650;0,9259370;1,3463300;2,2662899;-1,8694600;2,5826600;-1,8500299;-0,6646390;-2,3753200;-1,8566300;1,3460799;-1,4423300;-1,0022300;-2,6007700;-2,9777901;-1,4737999;-0,5610300;-4,7033401;-1,9348300;-0,1415480;-0,7192210;-5,5622501;-0,1306030;-1,3677300;2,5324700;1,7993900;-2,0140600;0,2038170;0,3176900;2,0402901;1,9234000;-1,0171200;-1,0450100;1,3223701;1,6166400;1,6882000;1,7084100;1,4531600;2,6841400;0,9729990;1,1580400;3,1541500;1,3848500;1,5263200;0,8152000;3,1435399;1,3926001;1,2382700;0,4864220;1,0974900;-0,5485790;1,0820600;3,1676500;-1,1469700;0,2661410;1,7323101;0,2482290;0,6910640;0,6379440;1,1637300;-0,5763750;1,1460600;-0,6045470;-0,4442930;0,2980100;-0,2608760;2,0816500;1,1929600;0,7262150;-2,2112200;-1,7007600;-3,2367899;-0,8103740;1,3562400;-2,8110499;0,7530000;4,5262499;-0,2945990;-14,1219997;1,0054899;-4,7536101;9,7192698;6,6469498;-7,1206999;0,5826290;-0,5650520;-0,8585180;0,1092720;-0,7850810;-1,7631201;1,9549600;2,3918300;-1,1882100;1,3511800;2,4216499;-1,4286400;0,8901200;0,3651460;0,3934780;1,0868200;1,1936500;0,9499890;1,7900000;1,9137100;-0,3229100;0,8382350;2,0617700;-0,8381540;0,2602740;0,4131870;2,2498600;1,0161000;-0,8514910;-0,9416220;-0,0109377;0,6143120;2,4296100;-1,1420000;-2,9092300;-2,8376901;-3,6800900;-4,4591999;-2,6719601;-2,7836499;-3,1855600;-3,9699299;-2,3828001;-2,9600999;-3,2302799;-3,4312601;-2,5760100;-1,9294400;-4,0342598;-3,4855900;-3,0914199;-3,0080800;-2,9554501;-1,1080800;-0,9685490;-3,2967999;-1,6468400;-1,7065300;-3,0468800;-2,6384201;-4,9341202;-1,6709700;-1,3699200;-4,3105898;-0,9439430;-0,7920420;-1,4918200;-1,8570300;-2,1645899;0,0011072;-1,1046000;0,5294160;-0,7609280;0,8765810;-0,8686110;3,7467599;-0,3945050;0,2236520;-1,0047300;0,0851991;0,2353730;-0,4451030;-0,3132100;-2,2250500;-1,0934100;-1,4200500;-1,0674500;-1,9531600;-0,8144730;0,6213340;2,3832400;-0,0181074;0,4842070;0,4478330;0,3725310;0,0430841;0,3436800;1,4786400;-1,6390300;-3,3239501;-1,2881200;0,9099860;-2,0464001;-3,0918200;-2,9365799;-6,6860099;-2,9084101;-2,4161000;-3,4836800;-2,6688900;-4,1886702;-2,8190899;-1,3423200;-2,7231500;-2,4402201;-3,2480800;-1,5082400;1,4012700;0,6788040;0,1420140;0,6044260;-0,1254580;-1,3712900;0,6035410;-0,0782154;1,2050600;-1,3929000;-0,5621960;-0,8484870;-2,2440000;-0,8094650;-1,6460100;0,0957496;0,0924671;-0,0176895;-1,0186000;-0,8585630;-0,2081470;-0,5861750
862728;9875044;428311,000000000000000;5689209,400000000372529;334,2000122;0,0000000;-22,1021996;-5,7390199;-18,8456001;-21,7182999;2,4945800;-5,8134298;-9,4390602;-4,9514098;-9,8173304;-10,9200001;-11,9850998;-6,8985400;-9,4223700;-9,5966902;-1,9190900;-12,3827000;-9,8165102;-10,2152996;-12,5319996;-14,5443001;-12,9169998;-13,2376003;-15,9920998;-12,9926996;-10,7544003;-13,5263004;-9,7514496;-5,4315100;-9,6437798;-8,6379900;-10,1954002;-8,4256001;-9,3560200;-6,5896001;-7,3298001;-11,0545998;-9,5869102;-12,4891005;-12,6238003;-11,1440001;-10,5566998;-9,0391302;-12,2911997;-10,0278997;-11,5230999;-12,9232998;-10,6012001;-12,0481005;-12,4429998;-9,6166801;-11,0619001;-10,2936001;-11,3218002;-9,8148098;-9,7495403;-11,7087002;-10,9576998;-13,1511002;-12,4555998;-14,1995001;-14,1924000;-14,9034996;-12,7709999;-12,6857004;-12,6568003;-11,4889002;-12,4986000;-13,2784004;-12,8126001;-12,1043997;-13,8561001;-14,2830000;-11,5560999;-13,7671003;-12,7580996;-16,9449005;-10,5894003;-13,2708998;-10,5451002;-18,3069992;-13,9829998;-13,8340998;-12,0830002;-12,1935997;-14,1842003;-12,7651997;-13,3298998;-10,3622999;-11,9672003;-13,2757998;-12,9548998;-14,0088997;-14,5019999;-13,5783005;-14,0032997;-14,7061005;-12,4965000;-14,0459995;-13,6110001;-11,6808996;-12,2729998;-13,4874001;-13,7873001;-10,7931004;-10,9539003;-11,4541998;-12,8899002;-12,4608002;-13,9989004;-9,7491798;-8,5113001;-16,3885994;-15,2779999;-9,9082899;-10,5625000;-14,4031000;-10,1985998;-14,8801003;-15,5677996;-14,9734001;-15,2199001;-12,1210003;-11,2875996;-13,9526997;-15,1966000;-13,7774000;-16,0158005;-11,8197002;-16,5662994;-9,6554604;-11,9429998;-4,6114702;-13,2202997;-17,4962006;-16,3237000;-10,7289000;-8,4097996;-5,2647800;-1,7216600;-18,4020004;-18,6219997;-18,9466000;-16,9727993;-12,4988003;-17,7630997;-13,2584000;-10,9622002;-13,0865002;-13,5105000;-12,0121002;-14,9491997;-12,4761000;-10,7018003;-13,3177996;-11,3367004;-13,7995996;-12,5166998;-13,1025000;-13,3736000;-13,0804996;-14,1675997;-12,8636999;-14,9055004;-16,0730000;-16,7478008;-18,7297993;-15,9775000;-18,7835999;-15,3339005;-18,8255997;-19,8568993;-17,8150997;-18,3752003;-17,1623993;-20,3792992;-18,4106998;-16,8381004;-16,5181999;-18,5718002;-20,2364998;-21,0582008;-19,5370007;-16,6681004;-16,4762993;-17,5813999;-18,2544994;-17,7159996;-19,2908001;-20,4549007;-19,4901009;-18,6770992;-17,7217999;-18,4545994;-17,7544994;-19,6770000;-15,0093002;-15,9054003;-17,5489006;-18,2458992;-16,4578991;-19,1224995;-18,4034996;-18,0571995;-15,7637997;-15,3091002;-16,6597996;-14,5671997;-15,6571999;-18,8372002;-16,6977005;-20,2203999;-18,2621994;-18,7912006;-17,2684994;-19,0914993;-17,9351006;-19,5529995;-16,1380997;-19,7320004;-19,6597004;-19,0494003;-19,8262997;-19,8892994;-19,9752007;-20,0161991;-21,9622993;-20,2474995;-21,0807991;-19,0900002;-20,5151997;-19,1655006;-20,9573002;-19,6669006;-23,4209003;-24,1530991;-21,0436993;-19,7894993;-20,6655998;-24,3866005;-22,0189991;-23,4249992;-22,4232998;-23,2667999;-24,3915005;-20,7490005;-24,7220993;-19,3855991;-19,4673004;-20,8696003;-20,3782005;-19,5611992;-19,0063992;-16,8616009;-18,8612003;-17,3656998;-15,3838997;-15,8893995;-18,3463001;-17,8472004;-16,3388996;-14,1943998;-15,1574001;-17,1166000;-16,6882000;-18,2061005;-16,0778999;-16,6268997;-16,6310005;-18,0021992;-17,9676991;-16,5604000;-16,5510998;-18,3243008;-17,4951000;-16,6011009;-18,1170998;-16,5545006;-17,8080006;-18,4004993;-16,4617004;-18,8223000
862772;9875091;428295,599999999976717;5689222,000000000000000;333,8999939;0,0000000;-1,7273500;4,3486700;3,5325999;-4,1738601;-5,7125101;-7,3295398;-0,9938480;-2,3217700;-2,7343099;-1,4449500;-4,2700100;-4,5784101;-5,1789298;-6,6169701;-1,7641500;-3,8914299;0,6114350;-1,4015400;-15,9982004;0,8426400;3,0322199;-7,3198199;-0,4075990;-11,8927002;2,3855200;-4,3972902;-8,6324797;3,7660899;-5,8002601;-7,7272601;-8,7255697;-5,6635799;-5,9654899;-5,1246400;-5,8859301;-9,6206398;-7,4621401;-7,4059501;-5,1318898;-3,8218999;-7,2714100;-4,9173102;-5,7706599;-5,0925202;-6,1950302;-8,2156897;-8,6408100;-6,6714101;-7,3864398;-6,7460399;-6,8796601;-7,1170101;-6,6911998;-12,1667004;-7,1961799;-8,4905005;-6,5591502;-9,7965899;-8,3468599;-8,7216997;-9,6430197;-9,4374800;-9,7893696;-10,3547001;-10,2820997;-8,7187004;-8,5101995;-7,8183198;-9,9135303;-9,2721004;-10,4794998;-12,3121996;-10,7343998;-9,0672998;-9,5899897;-13,3327999;-9,4738398;-8,8968496;-8,8311996;-14,0080004;-12,3109999;-10,8120003;-11,2558002;-8,6333904;-11,3226004;-9,7862301;-10,5410004;-7,4364700;-8,7571096;-9,8987103;-7,8940601;-7,2447000;-8,3401003;-8,0156603;-9,1596003;-10,3044996;-8,0687704;-7,2049899;-7,2406101;-5,4158702;-6,8722901;-6,9364200;-8,2222004;-5,9205399;-3,9943800;-4,8206100;-11,5501003;-0,5912510;-11,6170998;-1,9099700;-2,5601101;0,5137410;-11,7872000;-3,0309601;-6,6552501;-3,1267900;-5,6790099;-9,8379898;-8,9265099;-5,8061399;-6,7790198;-9,7997198;-10,1576004;-9,8395901;-9,8422699;-8,7661505;-9,8827105;-7,2617402;-10,6712999;-5,8349199;-7,3222799;-5,1427798;-15,6954002;-7,7559600;-8,5356197;-6,6955600;-1,7592800;-5,6371899;-6,3122802;-11,0704002;-19,9295006;-1,3977900;-4,1005402;-8,1769104;-8,7005196;-9,9541597;-6,7665601;-7,4650402;-7,9549899;-7,4125099;-8,7583504;-7,1652699;-7,2197299;-10,5366001;-7,3239698;-8,7694902;-7,7147999;-9,0823698;-11,7456999;-9,7686996;-9,2083101;-8,8603296;-11,5703001;-11,8232002;-9,1739197;-13,1694002;-13,7828999;-12,2322998;-10,9937000;-12,3143997;-12,2405996;-12,0008001;-14,3430996;-12,6091995;-13,6449003;-13,5486002;-12,6684999;-11,3507996;-15,4789000;-17,2912998;-17,6212006;-15,8389997;-15,5340996;-13,4896002;-13,2540998;-14,4542999;-14,7941999;-14,8716002;-16,4178009;-14,5676003;-17,6205006;-14,6996002;-15,0914001;-12,1286001;-17,8929996;-9,2586803;-7,0746698;-9,6419601;-12,7446003;-11,8480997;-13,6690998;-10,7561998;-9,7878399;-7,4855099;-8,4072199;-9,8009195;-7,2071300;-9,1546202;-7,9632301;-10,1498003;-10,1754999;-9,9666700;-13,2021999;-12,2034998;-11,8079996;-9,9470596;-11,3329000;-9,5767202;-13,6721001;-8,6327295;-10,6044998;-7,7919502;-9,7045498;-10,5888996;-8,5704498;-11,9167004;-16,0564995;-13,6948004;-12,9975996;0,1949670;-10,4389000;-3,4753101;-3,8759201;-6,8926101;-5,1653099;-3,5386200;-6,8516402;-7,2971301;-8,6542797;-7,1896601;-11,6014996;-8,9756403;-7,6260500;-8,4941397;-10,7025995;-11,2607002;-12,6267004;-12,0944004;-5,7944298;-8,0612001;-12,6121998;-10,7839003;-11,5409002;-11,3628998;-13,0642004;-11,0152998;-12,1693001;-13,4483004;-12,2968998;-5,0035200;-7,9669199;-8,5558901;-5,9869900;-11,4504995;-10,9354000;-9,8421297;-14,2584000;-10,1589003;-6,6410799;-7,4398298;-8,2707901;-5,5223298;-13,2187996;-10,3118000;-12,9119997;-13,0958996;-10,5717001;-9,3701000;-8,5784397;-8,3592501;-9,5385399
862809;9875128;428276,700000000011642;5689231,700000000186265;329,6000061;0,0000000;0,1938390;-1,3902200;-1,7051400;-2,7671499;-0,3178740;3,8533001;10,4708996;16,4073009;12,0179996;9,7984695;9,2025700;14,5067997;11,7223997;11,6568003;13,9414997;-0,2089500;-0,7162760;3,8336899;1,0526400;2,9329100;-6,8950000;-2,7996700;-4,6019101;-6,1956902;1,9056799;2,8117001;-0,8102800;8,4483500;0,3216370;15,2781000;17,8115005;18,1116009;2,9293599;7,8566399;12,2089005;6,9061699;9,9509802;8,4617500;9,9292498;8,4695301;8,7308598;8,4460297;7,8532500;7,8826499;7,2776399;6,5162902;7,1511302;8,4224005;7,8921700;7,6784601;7,0456100;8,8780699;6,5871801;7,0995302;7,8348298;6,6097002;9,9782896;7,6459899;6,8044801;7,4034801;8,7341099;7,0390601;7,6167698;8,5420198;8,5257597;7,9259300;8,2346001;8,4201202;8,2364302;9,5825596;7,8270302;7,0194402;8,7998600;8,2322903;7,8613000;5,3882098;7,6111102;9,7059002;10,0776997;4,1966500;5,8179698;9,0125799;7,9787102;8,1420803;8,6156101;6,9334202;6,2326102;10,1264000;8,6528196;8,5578003;8,3524599;7,7339501;8,1248398;6,9779401;8,1439104;7,5932202;9,1861696;6,7042499;9,9187899;8,6639404;8,2974901;7,2600899;6,8882399;10,1753998;2,8762200;1,4162500;1,0075999;0,0549469;0,0065107;1,6530000;0,3750620;-4,4736300;-1,7963500;0,7251460;-2,9409201;0,8105500;0,3530260;-2,6638701;-1,1204700;-0,7554610;3,1328101;0,6494200;-1,1385000;3,1442800;-1,3484499;0,1059500;-1,9416300;-2,5022500;5,1850700;3,7818301;-5,3948698;-3,9332500;0,5432140;3,2544200;-1,1874599;1,4512500;5,4962301;1,4672000;5,7959900;-1,3444099;2,6962199;1,7268300;-2,9304800;-3,8003800;0,8243920;0,1067730;13,3018999;8,4442797;7,9369998;8,8120804;7,8508201;9,9935703;8,1978998;8,5040302;11,1267004;9,3388500;8,6641998;9,0683899;8,8141098;10,1269999;9,0773201;10,4196997;7,2044401;6,8704700;9,1496696;3,8176000;4,4541602;5,5272999;5,7630200;6,2744398;4,8976498;5,3544002;3,1594200;4,6172800;3,5869300;3,7146299;4,1287298;4,1230898;1,8931700;1,3982300;2,3702900;3,0366499;2,9435899;4,7042699;4,6705399;4,4988699;5,7182698;6,0763302;6,4841299;6,6836801;3,8625500;6,6149902;5,0722799;5,0326900;4,2961302;8,8732405;8,5677004;6,7367001;6,5932498;8,1428003;2,7059400;6,1525602;5,3323398;7,4623799;6,8084502;5,8162599;7,1370401;6,0368700;5,1331501;5,3562598;4,9515400;6,3082099;5,3398600;5,9568801;5,9972100;5,9821200;5,5270100;7,4485798;4,4311600;4,3318901;3,7425201;5,6374002;5,0006099;4,3268700;4,8787298;7,8017802;5,5235100;4,7599702;4,4339800;3,7802701;3,2088499;3,2318499;-0,9708430;-0,9054380;0,2917640;-0,9662820;-7,2416902;-3,8039801;-5,3173199;-2,7395101;-11,7370005;-7,6440301;-6,0365100;3,6596799;-4,4857998;0,9383650;0,8229280;-2,0676301;-1,6956900;-0,7087140;3,7156601;5,2653799;3,0377300;4,6224098;5,5743198;3,9309499;3,9771199;3,3036301;3,3039501;4,0988302;4,8595300;5,6077600;2,7835000;4,6883101;3,6535299;5,4592099;4,8939400;5,6786399;3,0192299;5,3169498;5,0311198;4,2829599;4,2780099;5,5499501;4,4609799;4,4816999;4,8418398;3,7386401;3,8223400;4,7164102;3,2840800
862873;9875194;428256,900000000023283;5689254,400000000372529;330,7000122;0,0000000;17,1574993;13,9459000;13,6258001;7,6266799;8,4300003;8,7592602;4,7906799;8,6182404;8,9690199;6,0792599;8,9624205;9,6085901;6,3865299;8,0612202;3,6535201;7,4624801;12,1168003;12,8181000;8,6304798;7,4316602;7,6822300;7,6007099;6,5588799;11,0579004;7,9897299;9,5348902;9,3361797;10,7533998;5,6524701;6,6784701;5,3871298;6,1396799;5,2965102;7,0767498;5,5543199;3,0765500;4,5773001;5,0273399;7,7994900;3,9034300;4,6291499;3,7962201;2,6272600;4,8049102;4,2514601;4,4281301;3,3633201;2,3406899;2,8803501;2,7955201;2,3854699;3,4939001;2,2232399;2,1603899;-2,7753501;2,0050900;3,7187500;2,2642601;3,1790400;4,2512298;3,9268501;-0,1169860;3,0768399;-0,0172539;2,8477700;1,3470500;2,7515700;4,1479802;1,0472100;3,2043200;-0,0255020;0,9130320;0,8112210;5,9236798;0,4876030;0,3745130;4,6234198;2,5895700;2,2567401;-3,0138299;2,5927200;3,3104200;4,4292898;4,4654102;4,5447302;3,9683001;3,3904400;7,0664301;6,6822100;5,1991000;6,3725200;5,0384698;6,8258801;6,4031000;5,8213601;4,5532298;4,4217100;5,7356400;5,3201098;3,1766200;4,0463700;2,2593000;2,4732599;5,3723602;7,6626501;5,1110201;8,2450504;7,9982400;8,4511700;7,9209700;6,9682002;5,5108299;5,1005802;7,7359099;7,4461198;5,7055502;10,3718004;2,7150099;5,2018099;8,1133499;2,8465300;5,0075202;5,2741599;0,9826950;4,5833402;3,7933099;1,1339900;5,3102002;2,8899801;8,7563000;5,5909600;8,5782604;7,3086100;9,0224504;5,7963300;7,3612700;12,0727997;6,8546300;12,7860003;4,5316200;9,5632696;9,5187197;7,6847801;5,9668002;6,8087602;3,1464000;6,0480700;9,4318895;4,5994601;5,0452800;7,0632401;3,6225901;2,1134601;2,4848001;4,0031600;3,8067501;5,2877102;5,0300102;3,5279601;4,6248598;3,8667700;3,9209599;3,4127800;2,8751800;2,7045300;-0,5251890;-0,3593590;-0,1790380;0,8547930;-0,4717690;-0,7712600;0,5763580;-1,8103400;-0,1766040;-0,5892180;-2,8824401;-0,7007880;-0,6259970;-2,1421101;-3,9747300;-4,2882600;-1,9064600;0,9925920;-0,9423060;-2,3065500;-2,1050000;-3,0277700;-1,2265700;-1,3062201;-2,8087599;-2,3452201;-1,2879100;-2,8456500;-2,0554299;-3,7667999;2,6397700;3,4789200;0,9949870;1,6041800;2,4975300;0,2544080;2,0959401;1,1411300;0,1003500;1,7165800;-0,2072060;0,5875920;0,5723710;-1,6194000;1,8218800;-1,0733401;-2,5882800;-1,6153100;-0,5630880;-2,4796400;-2,2666399;-2,7667401;-1,3784500;-3,3740101;-3,3359399;-3,6872201;-3,6409600;-3,5843301;-1,8678900;-2,7500899;-3,3942101;-1,7206800;-4,8282800;-3,1084800;-3,8862600;-3,0718100;-3,2146800;-0,9362930;-2,0269699;0,5913680;-1,1533300;2,9624801;1,5930400;-1,1621799;0,9571040;3,5697701;6,9054899;5,3248701;4,2248702;0,3160180;-0,7850000;1,7931600;2,0323100;0,2397560;-0,1385620;-5,8107600;-0,0768907;-1,6527200;-4,2988400;-0,2889340;-0,3623630;-1,2888900;-3,8442600;-2,8360801;0,0601828;1,7558399;-3,4159100;-2,8078101;-3,6938901;-6,5461302;-6,0760398;-1,6792001;0,0343947;-2,4748900;-1,0158200;-0,6075820;-0,5755730;-2,6605699;-2,1876900;-2,7262499;-1,9480900;-2,0057099;-3,7873800;-4,1443801;-3,3815801;-4,4300599
862943;9875267;428240,500000000000000;5689266,799999999813735;329,2999878;0,0000000;-0,5489380;1,9474800;2,7451701;0,6491540;4,1466498;5,5875602;4,2858701;7,0322399;9,0843000;6,0236101;4,7000799;8,7305403;6,7761998;5,2204299;3,5532999;-1,2928600;9,2123499;7,0547800;2,5066299;3,8443100;2,2754200;11,3383999;0,1944690;7,4960899;-4,4902201;-5,8326898;6,3153901;7,4881101;3,2688301;5,9450302;7,0808902;4,9336500;6,3446498;4,7679601;2,8324499;5,1782198;3,7762499;5,2375202;7,2875600;5,5996399;11,0839005;7,2200899;1,8321700;8,3941698;5,0139399;4,8324599;6,8162599;6,0823002;6,0744500;4,7968001;6,8106799;5,1461401;7,6872602;3,7797401;3,2856801;3,0272200;3,1384101;4,7571902;9,7071600;6,0708699;1,5358500;2,9734900;2,8909199;2,5809400;2,6643701;4,8115902;6,5402799;6,1923900;1,4900800;5,9374399;3,9504299;1,3913900;5,6850600;4,6977201;5,6515198;1,9622101;0,8402780;2,1640401;5,6089401;0,3835010;-0,2141560;4,3096900;3,3024499;5,3344998;3,3707399;3,9266400;1,8690100;7,1944199;6,1660199;6,5356398;5,5726399;4,0098100;2,4519100;2,3754900;4,1033502;1,4823101;3,4317999;1,6347800;3,7254200;3,5047300;-0,9573190;0,3192930;-0,3681930;1,2714601;3,9263101;-0,4541980;0,5829310;-0,0132055;0,0763330;-0,4563730;0,3743380;-2,1855299;-1,8118700;0,2275200;-1,1654700;1,3693300;1,2104700;0,7387960;-1,8819600;-1,2812700;-0,9346290;-0,4836790;-1,1957300;-0,3799960;-1,4621900;-1,8053200;-3,4067800;-1,0292500;2,8443501;-1,3230000;-1,9564000;-2,9679599;-3,7028699;-2,3120899;-3,1435399;-1,2860800;-3,0636899;-1,9412301;-2,0204401;-4,3314600;-1,3980200;-0,5038460;-2,1844599;2,6236701;-3,0975499;1,4534500;2,3621399;0,6554010;2,3792200;2,9418499;2,3394401;4,4251499;4,6276302;4,1008000;5,0549402;5,0051799;4,8926702;5,4888601;2,9992299;3,9037299;3,8086801;3,9615200;1,4754800;0,8695650;3,0268300;-2,7051101;0,1280530;-0,4826390;-0,8233960;-5,7445798;-0,6903930;-2,5443001;-2,5079100;-2,2347701;-2,5181201;-2,3580301;-0,2306370;-1,3950200;-0,4050830;0,9804460;-4,0836701;-2,9157701;-3,4300699;-0,8017870;0,6087300;-1,3212100;-0,1407650;1,8570100;-1,7130400;-1,0612000;-2,7914801;-0,2714430;-0,6074920;-3,8517699;0,9069420;3,5167999;1,2105401;0,3071300;-1,0819200;0,9554170;-0,8277510;2,0612099;1,7536300;2,7900600;2,6095300;1,7803100;4,0002098;2,1382501;-0,5462930;0,9066230;2,1771100;2,2844501;2,6165500;4,0785198;3,2740800;1,3803300;-0,7025520;0,2894390;-2,1955299;0,6080850;-2,3027301;1,7243400;-1,2520800;-1,8814300;-3,3972199;-2,2758400;-4,0183001;-3,5672801;-2,9351399;-4,5602198;-4,1353998;-3,1271501;-3,6215301;-6,5472398;-4,7355599;-5,5216999;-3,4817100;-3,9419601;-4,6125498;-3,6397800;-6,1886301;-5,6438799;-5,9390702;-4,8182101;-6,5390601;-7,1262999;-4,4722400;-5,7616401;-4,0841498;-3,2155600;-5,5009699;-4,6720500;-3,7363601;-3,6248600;-2,3687000;-3,7131901;-3,3569701;-3,5851800;-3,6022501;-2,1228900;-1,1505200;-1,2965900;-0,0305762;-0,4759480;-1,7045300;0,5989310;-0,6471410;0,7053690;-3,5950699;-2,0809600;-1,2804000;-1,7725600;0,4187080;-4,2837801;-7,2138000;-0,7694740;-2,1890099;-2,5787699;-0,6391170;-7,9199100;-2,7906599
862986;9875312;428235,299999999988358;5689272,900000000372529;331,7999878;0,0000000;-1,0271200;-4,9067702;1,0625100;1,9580400;3,2905099;-1,5177300;-2,5650899;3,0433300;5,1100302;0,5767230;4,1019301;3,9007399;0,9224520;1,1752000;-3,5356500;-3,8552999;-2,1975100;-1,4293500;-6,5937400;-5,5533299;-3,1808100;-0,7371960;-4,4159598;-2,2946899;-12,4650002;0,6166680;-1,8761700;0,2884820;-2,9992800;2,5708101;-4,2395601;-1,0443799;1,6584899;-2,2304800;1,4499000;4,5205498;-0,0413835;-0,9663630;1,9858100;-2,0182199;2,7221000;0,8362280;2,3495500;0,8536060;2,2702301;0,3653570;-0,0351496;-0,1517690;0,4866300;1,1375400;0,6054520;-0,6907320;-0,4017940;-4,3614001;7,0957899;0,4656280;1,3910400;0,3453560;0,7611470;-2,7689400;-3,2088900;-1,6112601;1,1430900;-2,0765500;-1,1724700;0,5939380;-1,5978500;-1,2932301;-2,1397400;-0,3247400;1,1171900;-1,4153900;-0,7875630;0,8969910;-3,6555099;-1,3181900;-0,8066090;0,3028920;4,4293599;-3,5369401;-1,8268400;0,4252330;0,4509090;0,5168090;0,3207660;-2,5855999;0,2745850;1,8755500;1,7277100;0,7719060;1,7861000;1,4436100;-2,2563000;-0,7571200;-0,9053180;-0,2567110;-0,5704250;-0,6769390;-0,1314760;0,1442520;-0,9639700;0,5332500;-0,6000430;1,5432400;-0,9146310;-4,8831701;-6,4974098;-1,1497700;-2,8171599;-5,5433798;-3,6613300;-1,7749200;-2,3910999;-9,7446003;-6,1423802;-2,0678799;-5,9798698;-5,5627999;-3,6397099;-3,2788501;-2,6746299;-2,4385600;-3,6971300;-2,2631800;-3,3702300;-1,9139200;-2,4548500;-3,2275400;-2,6164601;0,6745160;-2,2240400;-1,0808100;-3,2808399;-4,2640800;-1,1631600;-2,9413400;-1,9060100;-2,9851799;-1,8963600;-5,2381001;-7,4812899;-2,6954801;7,7648101;-4,5102701;2,2913201;1,8979599;2,4907701;2,0427899;0,9905680;-0,3246530;0,7554890;0,4756600;0,5690670;-0,5975920;-0,9330780;1,5224900;-1,6784101;-2,1070600;-0,9993920;0,0719134;0,1377720;-0,6961020;-4,4274001;-3,2759399;-2,2938800;-4,7681398;-3,8339901;-3,4132600;-2,7799499;-3,0409701;-4,5154400;-2,2234399;-4,6330900;-6,2301402;-4,1167402;-6,7795801;-3,9361401;-3,1687901;-5,7680101;-6,9537702;-6,3785901;-6,0905800;-5,2339501;-4,1242199;-4,2587600;-2,7266200;-4,2176600;-0,6088920;-6,0891600;-3,5760400;-2,0766399;-4,9695401;-7,2621698;-6,8584499;-6,7405601;1,1756200;3,6592000;-4,6296601;2,3060601;-4,5644999;-8,5219498;-9,3604202;-3,0915101;0,6738640;-3,2864399;-3,7335899;-0,8853600;-4,3196502;-5,8418198;-5,6033201;-3,5027599;-5,2926102;-7,3941102;-4,1759601;-4,4997501;-3,0518701;-2,5959599;-1,3195601;-4,8814001;-4,0588298;-4,6092401;-2,6537299;-3,5894799;-4,0774999;-3,9103401;-5,5662899;-5,2407899;-5,9428301;-5,8309498;-6,6165500;-5,7355599;-6,9693799;-5,6538200;0,1578930;-6,5067201;-3,5313499;-6,8218699;-6,6857800;-7,2783799;-3,5812600;-6,0822701;-5,8085098;-9,4582796;-3,6568899;-4,6753998;-6,8184199;-9,0413599;-9,1440601;-7,2408800;-4,2504802;-6,2526698;-5,3934598;-5,1699200;-7,0174198;-5,0563598;-4,6564498;-4,9325700;-4,8472199;-5,8964400;-5,5828600;-2,6718900;-3,9073000;-7,0703502;-3,5270600;-6,7016301;-6,0532699;-6,7449498;-4,5919299;-6,2923698;-5,2912502;-5,7119198;-5,6236300;-6,2783899;-6,8712301;-6,0720601;-6,6065602;-6,8472300;-7,5531602;-5,3869300;-7,1577601;-9,3297005
863025;9875353;428225,400000000023283;5689283,200000000186265;331,6000061;0,0000000;0,4829070;7,6598301;4,1610599;0,4012620;1,5195500;1,3657800;0,8978100;-0,4176210;1,0017900;1,5311300;4,8291302;4,6767998;2,1659501;3,0290401;2,0389400;1,0151800;3,6343501;4,2287698;4,8866100;2,7614300;1,7486300;3,2944901;0,7108380;5,6888800;3,0108199;5,8626699;1,1801400;5,7700300;0,3705300;2,0246201;0,9665220;1,4639000;4,5411401;3,0889001;2,5955999;4,1714201;6,3102798;4,9099698;5,1564398;3,9549999;4,0114198;-0,3057190;-0,6887230;1,4442400;1,5779500;-0,9745290;1,9740200;1,6354800;-0,1701930;-0,8309740;-2,0978200;-2,0292799;0,3177990;-4,7727299;0,0773876;1,3676900;-0,4278220;-2,5852201;-3,5233400;-0,6915860;0,3558190;-2,3084099;-2,0167301;-1,6116101;-5,1010699;-2,5500400;-5,3277302;-2,8795700;-0,8672170;2,6887600;-0,0788743;-1,6985400;-3,5657201;-5,1259899;-3,5557101;-3,5600200;-0,8736340;-2,1773100;-1,8537000;-6,4606199;-0,6044410;-2,5053201;0,3403670;1,8106200;-0,7141070;-1,9404401;2,2028799;1,4367000;-0,0187616;-1,1285599;-3,2126000;0,2851080;-1,6906400;-2,2399001;-0,9729030;-0,3297700;-1,3801800;-2,6207500;-0,0838442;0,3174970;1,3262200;1,9211600;-0,3622740;-0,0972472;2,3201301;1,2225400;-1,4836900;-1,8042600;-1,8177500;0,0385458;-0,1004190;1,2341200;0,6734420;2,0998099;2,2273200;2,4870200;3,2244699;1,1885200;0,4938130;2,8770800;-3,1841700;-1,2771200;-0,3550630;0,6388320;-3,0770400;-0,3541110;-2,1334701;1,2958699;-3,1201999;-0,3291070;-1,6185300;-0,5510240;-1,3726500;2,0855801;-1,3146300;-0,0271778;0,8006280;0,0918362;4,4490199;-1,8169700;0,3813120;1,5920900;-0,0587650;-0,2079180;-1,3111100;-2,3409901;0,3585530;-3,1646800;-1,9456000;-0,3014630;-1,1988800;-0,9697760;-0,3268960;-2,1416399;-0,1162610;-2,4174500;-1,2111800;-3,8921800;-3,9950900;-3,9538901;-6,1825600;-3,9926100;-2,9780400;-3,9375000;-2,0531399;-3,4513400;-5,5110002;-4,2790198;-5,9111199;-5,3397799;-6,4695601;-6,6004400;-7,4877701;-5,9754601;-6,7711701;-8,0082798;-7,2096300;-7,0037799;-7,8741999;-7,3067398;-7,9280601;-7,0255699;-6,5154800;-5,4821401;-6,0850401;-7,5840802;-9,3539305;-5,3044300;-5,8276701;-5,7038102;-5,3880501;-6,4066901;-6,0392098;-8,2137299;-3,9113600;-1,5490400;-3,3876500;-4,6587701;-4,8328800;-2,5391099;-6,3452802;-3,1998601;-6,5825601;-4,1775899;-6,4153099;-7,8772802;-7,0930500;-4,5116801;-3,3688600;-6,8110600;-4,4035602;-3,4331501;-3,5653400;-4,2264400;-5,3331800;-5,1808300;-5,3066602;-4,2781100;-6,6951499;-4,4286900;-5,2050099;-4,2291398;-3,6620500;-0,4624490;-2,0607100;-4,2166600;-3,3126500;-3,0977199;-5,2855201;-4,7031999;-3,7567599;-3,9563899;-5,2212400;-4,0168200;-3,7162399;-2,3116400;-7,2867298;-5,5670700;-2,4708700;-3,8177900;-4,0611401;-1,2687200;-1,8381900;0,4330290;-2,2079699;-2,5818501;-3,6573200;-1,8349299;-3,7826099;-1,7675500;-3,5656400;-5,8558302;-5,8169599;-3,4749801;-0,6774580;-3,8399000;-4,4893599;-3,6376200;-6,5274301;-3,7711000;-3,4105000;-3,7549000;-7,9519801;-4,6024499;-6,5207100;-4,6498199;-4,1779599;-3,5149000;-5,1293898;-4,2429099;-6,7945600;-5,3976698;-5,7965598;-4,1169000;-5,4536200;-7,7522202;-5,2000999;-5,8932099;-4,5789399;-4,3831701;-7,1141100
863073;9875402;428203,799999999988358;5689295,700000000186265;329,2999878;0,0000000;2,9778900;2,3639500;-2,1313601;-2,0398500;-2,0529001;-5,1176801;-5,5626998;-4,7680998;0,1047400;-3,3394599;-3,7369800;-11,4792004;-5,6851902;-4,6318598;-10,3878002;0,6692170;-0,7841660;6,9878302;-9,9287901;4,5513401;-18,8953991;3,3443799;-16,4647999;-0,4540100;1,4170600;2,1324699;-3,1051099;-2,1734400;6,6103001;-8,7312098;-1,9705900;3,8250401;-12,6729002;-9,2468100;-10,3626003;-8,3395004;-7,0667901;-8,2913103;-8,3951197;-6,7463598;-6,2739601;-6,6138501;-9,7455196;-7,4895201;-7,5381899;-8,0956001;-6,2824302;-8,8197803;-7,5907402;-7,2430902;-7,7113900;-8,4828997;-7,5391202;-8,6436195;-5,3628402;-7,1935902;-7,9958901;-8,2868204;-7,3640599;-10,4216995;-10,6640997;-10,4998999;-8,4939098;-9,9263897;-7,9739799;-5,3469801;-3,9833300;-2,7776501;-9,4764996;-7,6567602;-7,8172202;-6,6763101;-4,9858298;-6,3781500;-8,4490004;-9,6912003;-8,1944304;-7,8188601;-8,1958303;-13,0955000;-9,8432703;-7,1982398;-6,8511801;-8,1820803;-5,2065501;-6,2178402;-9,1235800;-5,3367300;-5,0668502;-5,0672002;-4,1000099;-4,7902899;-8,0164099;-9,0249300;-5,9136300;-10,1363001;-6,6660800;-7,0424099;-7,9830999;-8,1251497;-8,5084400;-9,6232405;-11,0809002;-9,8907900;-10,9104004;-6,0240402;-6,5978198;-9,6680403;-7,2366800;-4,9507499;-3,0108900;-5,1899900;-5,0350099;-6,5233798;-9,6929798;-7,7048302;-4,3707099;-8,1269503;-3,8703001;-3,0773900;-3,9618800;-6,8644300;-5,8421898;-8,5189304;-5,5159402;0,6564560;1,7473400;-0,5905830;-1,1380600;-2,9205401;-3,1005001;-0,0670428;1,2528700;0,4791270;-2,4777000;-2,3539701;-3,1087000;-3,9498799;0,5811090;-2,5294499;-1,8040500;-0,9346840;0,6083170;-1,3526300;-1,5375900;-8,2320299;-4,8530598;-5,2850800;-5,0230398;-5,3950500;-5,9559302;-5,8605099;-4,8787298;-5,5766401;-3,6955900;-5,0049400;-4,1436100;-6,3914099;-7,2739301;-6,3050499;-8,5699997;-6,5356398;-8,7290401;-8,2332201;-8,4331999;-10,8373003;-9,1888599;-10,2838001;-9,1110697;-10,4478998;-10,6445999;-11,9633999;-10,2749996;-11,4244003;-10,4230003;-9,8797703;-8,1389599;-10,0740004;-12,8175001;-12,5396004;-13,7221003;-9,9561300;-11,7908001;-9,5655499;-10,1290998;-11,3332996;-11,8396997;-10,3242998;-10,9160004;-11,2644997;-11,2941999;-9,4632902;-11,6209002;-11,2249002;-10,5984001;-8,6221704;-9,7531500;-10,0544996;-10,5938997;-9,8033895;-12,5300999;-10,0590000;-9,9055996;-9,2338104;-8,3883200;-11,0296001;-8,8385696;-8,9917297;-11,4983997;-9,3840599;-10,4245996;-11,0609999;-9,9274101;-9,1886597;-9,5135498;-9,6281500;-9,8976202;-8,2515602;-11,4652996;-10,6370001;-10,0750999;-10,1947002;-12,0523996;-10,4398003;-9,1736698;-10,4540997;-9,8465796;-11,7032003;-10,7631998;-15,3143997;-6,1165500;-6,5685101;-3,1880200;-5,5658798;-2,3297300;-4,4310098;-2,5623300;-3,0339601;-3,7938499;-1,1224600;-6,4380999;-3,3630700;-0,2947760;-2,1339099;-3,2546000;-4,2243400;-5,9298000;-6,1488400;-5,7666502;-30,0615005;-6,3615098;-4,6369400;-4,6612101;-8,5160503;-8,9638004;-8,2942400;-9,2479401;-11,3610001;-10,9839001;-9,6083403;-8,5655003;-6,9939499;-11,4270000;-8,9070301;-10,0570002;-9,5693398;-10,8779001;-10,6318998;-12,1166000;-9,6352701;-9,8146696;-9,1549997;-11,4209003;-10,6567001;-12,1890001;-11,0858002;-10,8092003;-12,4148998;-12,5382004;-11,4189997;-13,6695004
863074;9875403;428216,000000000000000;5689291,900000000372529;331,8999939;0,0000000;4,7504101;0,5432610;3,7571800;-4,6168399;-2,0571101;-3,8355999;-6,3907900;-0,8596030;4,8059402;-1,5049400;-2,1636901;0,8719280;-1,6473300;-2,6895800;-0,6654220;-2,0792699;1,3928300;4,2128100;1,7184100;3,0333500;2,7379401;1,9607000;-4,0127802;1,1880300;3,0716701;1,7015400;1,0371100;2,4338901;-2,0893800;-2,9867101;-4,0921898;-5,2314901;-0,7881530;-4,9244399;-3,8636000;-2,2560599;-2,3804400;-2,5098100;-3,7686601;-4,2298999;1,1093400;-0,7193700;-0,7922410;0,2084480;-1,4240100;1,1667100;-0,2544860;-1,1831800;0,8896410;-0,8718760;-0,4382510;-1,3567899;-2,7104900;-0,7367750;-10,7601004;-3,1993699;-3,2148700;-3,0789399;-2,2115901;-1,0738900;-5,9305601;-7,7580900;-3,5228701;-7,9777398;-4,7981300;-3,7535999;-5,2426100;-3,3844399;-9,6062098;-3,4566801;-3,5674701;-6,5820098;-4,5670600;-3,2789600;-3,4876001;-4,3575602;-3,1737499;-2,5463600;-2,0984399;-11,7933998;-9,9336395;-0,6691320;-2,8590701;-3,2274499;-8,0997601;-4,0219498;-4,7074699;-2,5696299;-4,0017600;-6,0183601;-4,6764302;-3,4361100;-3,3352101;-4,9838901;-4,6775498;-8,1941204;-4,4771399;-5,6216998;-4,9330001;-4,5219202;-3,1122501;-4,8922400;-4,5942502;-5,2986898;-3,6405101;-3,4116299;-3,1180799;-3,8001299;-4,4637699;-3,5173600;-4,3628898;-5,3730102;-5,1222501;-4,0333600;-5,4968500;-2,4111199;-3,9955800;-6,3727498;-4,2505002;-4,3219399;-4,8758898;-3,0568199;-5,2201600;-6,5435100;-4,3496499;-3,4169600;-5,6536999;-3,8206301;-5,8474398;-2,7585700;-2,2147100;-1,7330400;-2,5754900;-0,1212210;-6,9765201;-4,5252800;-3,1778800;-7,7228398;0,3016950;-5,4381700;-4,4888501;-8,0651302;-6,3754401;-5,2669001;-6,3674402;-5,1475000;-6,0764499;-2,7314301;-7,2026401;-6,1619401;-6,6765099;-2,4246099;-0,0808864;-4,5444899;-2,1382599;-3,8289700;-2,9842601;-2,2192600;-1,5036401;-2,7862401;-3,7093699;-1,0852000;-4,4971700;-1,6555600;-14,0001001;-9,9740496;-8,5209599;-9,0537596;-2,6455600;-19,3232994;-9,5338497;-16,8528004;-7,7834501;-6,5330601;-7,3737001;-5,3764300;-3,3643301;-4,6122298;-8,4811096;-6,9034100;-12,1146002;-7,1893401;-9,4057302;-7,8201098;-9,8772602;-10,4355001;-11,0201998;-9,3052597;-12,4619999;-10,1180000;-12,1743002;-9,6526899;-10,9153004;-10,3114996;-9,6722698;-2,6933801;-8,7922602;-9,8209600;-11,9032001;-11,0930004;-16,0417995;-11,5508003;-10,8132000;-5,2091398;-5,2010999;-8,5118103;-9,6095695;-8,6500397;-10,5553999;-7,2171202;-11,8590002;-12,3758001;-9,0989599;-9,3199501;-10,1224003;-7,5775700;-9,9792004;-5,7509999;-9,9544697;-11,7069998;-10,2047005;-17,7693996;-9,3023396;-8,7416401;-9,7027302;-10,7125998;-9,3708696;-10,9254999;-11,1070004;-9,1192904;-11,8409996;-11,6879997;-10,2435999;-10,3837004;-11,6170998;-13,9110003;0,0886357;-8,2988005;-5,7224698;-1,4452200;-10,9229002;-3,3487999;3,6678100;-4,2209902;-7,1005802;-9,7970200;-10,2200003;-6,4078498;-10,0560999;-32,6948013;-12,8341999;-11,1564999;-8,8104095;-9,6521101;-6,8465800;-17,3458996;-6,7483802;-8,0163603;-8,2731400;-8,6932001;-4,6384301;-6,3751202;-5,3499298;-5,1582499;-3,3484199;-5,8033199;-7,4107900;-6,8426499;-7,2628398;-6,8411198;-8,2222996;-5,4615102;-7,6947298;-4,5320501;-4,0897498;-6,1589899;-8,1055498;-7,5683799;-4,6606102;-6,0357599;-9,5267096
863155;9875492;428196,500000000000000;5689308,500000000000000;332,0000000;0,0000000;0,2992840;3,2481301;-13,6015997;-8,0238600;-5,2404699;0,8740220;-2,4881499;0,1729230;-1,7264500;-1,6884000;3,2320199;4,9784002;2,6932600;2,7960100;4,1688299;0,2888630;2,4484000;4,9677100;4,2006202;2,5399201;5,1044898;1,6175600;1,6021800;-0,2820280;1,1698900;-0,3373490;-3,7974601;-7,4940701;-2,8402200;-2,0026901;-3,4219899;0,2305180;0,4016130;0,6417960;1,1153200;-2,4507501;0,3607440;1,3787000;3,5671301;4,4747701;2,9149799;3,2494500;1,7968400;1,3648000;1,0717100;1,8337300;0,5739400;1,3625200;-0,8488350;2,0399799;-1,3488500;1,7421401;3,2804301;-6,1829500;2,9192200;1,4490200;1,9051700;-0,9838920;-1,0149200;-0,4838270;-0,4272900;-1,1476700;-2,1243200;1,7353700;-2,7407801;-2,0462201;-1,3710099;-0,9055620;0,3235690;-1,7566700;-2,4218099;0,1289250;-1,1649500;0,3356200;-1,4089900;-2,9538500;-0,5280600;-0,6263670;-0,8797120;-8,4145403;-1,4665600;-3,0094500;-1,1592600;0,5358960;2,0394101;-4,1745000;-3,4990900;0,0516634;3,1099100;-0,1562340;0,4093710;2,7606101;-0,5401630;0,5016840;-2,5757000;-0,4254960;2,5990801;2,2411799;-1,1139500;3,6499701;5,0419898;0,6558760;0,7140140;4,9135499;9,4193497;14,6962004;14,5992002;2,5398700;5,7571802;6,7806001;3,9683700;5,6090002;7,7387900;-0,2847230;10,7000999;4,4956799;5,5510898;10,4313002;7,6338301;-6,0459299;13,2167997;2,4181499;3,2488899;12,0815001;10,3823004;8,5904198;10,3800001;-10,7701998;-11,1684999;-9,6028500;-13,8641996;-9,0136099;-7,3282199;-9,3888998;-9,6756697;-13,4382000;-1,0537400;5,8809800;-7,7548399;3,4952199;3,4457099;3,9372101;2,8206301;-0,0565060;0,3578540;0,3799710;3,3798001;-0,1803350;-0,5720210;1,8281200;-0,7920580;0,7026170;0,7525580;-0,3884030;1,5993900;1,1948100;1,0000700;1,1746500;-0,5019920;1,9883699;0,7541040;0,7227600;-0,4732220;-0,0643432;0,1918490;-1,5084701;-1,7871701;0,8273480;-0,0189327;0,4532760;-0,4439000;-1,2539300;-2,4154899;-0,9517620;-4,9640298;-2,4623699;-4,0697598;-4,1983600;-4,8757200;-3,5137100;-4,4605799;-4,6452198;-2,7147601;-3,9239500;0,1006080;-0,1908640;-2,8752301;-3,5884700;-3,8263299;-2,8068500;-2,3198299;-2,1234200;-2,9286001;-3,2937500;-1,5237900;-0,0448210;-1,7640800;-1,9595799;-2,5117400;-1,4067200;-3,2268600;-3,5032499;-1,7603000;0,7917540;-0,3321160;-0,9737910;-0,8432050;-0,8999470;-1,0217000;-1,7002600;-1,2397400;-1,8143300;-0,7303760;0,2851310;-0,4811800;0,3703540;0,6981070;0,8378620;-0,5846570;-0,2788950;-0,9936420;-0,4866180;-2,0934899;-1,9996700;-3,3777201;-3,5869801;-2,7619600;-2,4960699;-2,9578099;-3,2089701;-4,8889198;-2,7343500;0,6591060;-4,9422202;-1,1711500;-2,9086399;1,3600700;5,8139501;2,0973899;5,2632399;0,9955620;2,1232901;-0,8183320;1,6612800;4,2446799;1,6287301;0,8578890;-2,0376699;-0,2359980;-0,0175160;-4,1829300;-2,1112001;-1,8420700;-2,0538399;-0,0941575;-1,6149300;-1,3581100;-4,3185401;-1,8633900;-0,8947130;2,8842700;-0,7093000;-2,0892799;-1,0611399;-2,4185901;-2,1581399;-0,8830270;0,6824530;-0,9824070;-1,1720999;1,4544300;0,8808690;-0,6730940;0,5894160;-0,0886270;-0,7532860;0,3474550;0,2499840;-0,5977640;-0,7884980;-0,9113450
863187;9875529;428180,000000000000000;5689315,799999999813735;329,6000061;0,0000000;-0,1756690;-2,1054201;-2,7603500;-1,8268501;4,7045202;-1,7641400;3,3528299;3,4069600;4,9508300;0,7812790;4,0846500;4,7472701;2,1348701;1,9640400;3,8943701;1,6482300;-2,3587501;-5,9947701;1,1281600;-1,4203000;-4,3183298;-5,7838898;-1,3416500;-3,4102399;-0,9078140;0,0955906;3,0553701;1,4112500;-0,0031216;2,2010500;2,3358400;3,3618300;3,8090000;1,2441601;6,1179299;2,4219899;3,4850700;2,6077099;4,1812901;3,1158099;2,8981700;3,8433499;1,5701900;2,6133101;0,9812130;0,5578900;0,9648460;1,5510100;1,1939800;1,6600200;0,1072430;0,7925310;2,4730201;3,6306100;2,8120799;0,2425720;1,1601200;-0,9897980;-0,7486130;0,4266530;0,9853440;0,3709100;-0,8961240;2,3209701;-1,5010099;-0,9927950;-0,4557690;-1,3747000;-0,6605650;-0,0517441;-1,1494800;0,2888560;-0,5173190;0,2069580;-1,0390400;-0,7591080;1,0041100;1,7165400;0,4138520;-5,3097801;1,6381400;1,0128700;-0,3627100;-0,2566280;1,8664700;1,1709200;1,0886000;0,9455310;1,3176100;0,7231080;1,2440500;1,3566000;2,2689500;2,0783000;0,1110270;2,4067900;0,1434760;-0,0267951;-1,1710300;-1,0457100;2,4648900;0,2061870;0,7224670;5,1469102;1,7930700;1,3015400;-0,7126950;-1,3577800;-3,1950099;-2,7472401;-0,7714880;-1,2230400;1,0574300;-1,2052200;1,2918500;-1,7130400;-0,8206620;1,2795900;-1,0539800;-2,5832400;-1,2929300;-1,0704300;-3,2835801;-3,7769499;-0,9302730;-0,8322180;-0,9336870;-1,5693001;-0,6805430;-0,9442320;-0,7027490;-1,1263601;0,1356460;0,6292300;-3,8721299;-5,1958899;-3,8361299;-14,1585999;0,4311970;2,3947599;-2,0285201;-4,0553598;-2,0798600;6,3797302;-2,1984000;2,6747701;1,8218700;0,9558970;0,5111240;2,9198401;1,2901000;2,2026200;1,7371600;0,0405266;2,4928801;1,3484200;0,9706710;0,6037700;-0,2283590;1,3353601;-0,6806290;0,8283270;0,1726610;-0,5775180;0,6604400;-2,9219899;-1,6023200;-0,1780880;-0,8854690;-0,7752390;-1,4440900;-0,9476490;-3,1788099;-3,8696301;-2,6867900;-3,6170101;-4,4236398;-3,1046500;-1,9487100;-2,3255601;-4,1034298;-5,2014098;-2,8459699;-5,0215001;-2,8873200;-3,3018200;-3,4813800;-3,0332799;-1,6420200;-1,2075700;-0,3388390;-1,5186100;-1,4443800;-3,7867200;0,8046550;-0,9214720;-3,3330700;-3,1803501;-4,0535898;-1,5825100;-2,2633801;-1,8833700;-2,4997699;-0,9525550;-1,6709501;-2,2895200;-0,8119450;-2,2105501;0,3216260;-2,1940401;1,0888900;0,8349640;-3,0672901;-3,2490201;-2,5872700;-2,3748901;-1,2956300;-0,9245920;-2,3290999;-1,1567000;-2,3872700;0,4260070;-2,0726399;-3,4651000;-3,7632101;-3,8536501;-3,1462500;-4,2553201;-5,3262100;-0,4302130;-4,3217301;-3,9818799;-6,0843601;-13,1976004;-9,1345196;-8,5679903;-5,8228502;-8,4994402;-10,3035002;-10,2186003;-8,6106701;-9,3399496;-7,5268502;-6,2108998;-5,7303801;-3,4246399;-4,2863402;-6,0034699;-5,5087500;-2,7920101;-5,6698799;-4,0345898;-1,3303400;-2,7730601;-1,6023400;-1,9730500;-2,2189600;-1,7199100;-2,0323300;-1,8063200;-0,8039950;-1,2298599;-2,4702899;-0,8022380;-1,8875400;-0,7255730;-2,0817499;-0,7606340;-3,0267701;0,4943860;-0,8551660;0,2662650;-2,2605200;-0,1142390;-1,4374501;-2,2022800;-1,1565900;-1,2750500;-0,6515600;-0,9228410;-1,5297000
863229;9875573;428167,400000000023283;5689331,700000000186265;329,1000061;0,0000000;-4,3376298;-6,0924401;-6,8689299;-11,1745996;-17,8024006;-8,3741999;-2,2830901;-1,7857600;-3,5222700;-12,1920996;-0,7757100;-12,1815004;10,8438997;-3,2324200;-5,4104400;-9,4367399;-2,4101300;3,7218800;-3,1737299;-3,9472799;-3,3402100;-6,2737498;-10,3527002;-6,9765701;-9,4389801;-8,5758104;4,3691502;-4,6104698;-0,4529450;-3,2733400;-3,1403100;-4,4811802;-0,9791520;-1,6098000;2,3020599;-5,5327902;-6,3598800;0,4145250;0,9180340;1,0998100;-2,0713699;-1,3970100;-3,9597199;1,3800300;-0,4863420;-3,3662100;-1,6540800;-2,3599701;-2,7761700;-1,6216900;-2,7128501;-0,5347610;0,3431510;-3,4089000;6,7734199;-0,7048580;-1,1619200;-0,1635840;3,3116100;-2,3815899;-1,0037800;1,1044700;2,1111701;-0,2493460;2,1767299;0,6045810;2,6192000;1,3582400;-1,0362300;1,6879700;-2,1768899;-1,9844199;-3,7342200;-0,6162240;2,0880499;0,1125160;-0,9624260;3,5462101;0,0410771;-4,4613700;-3,0730801;2,4243300;0,7262640;4,2899599;4,0275698;3,7914400;2,7516899;4,3571200;2,5643401;1,1530499;-3,6301200;-0,7328590;-0,3314890;-2,5294001;2,4194000;-2,7704101;3,7199800;1,6127599;0,9714600;-2,0309501;-1,4430300;-3,1012001;-0,3459570;0,0630618;-4,5593901;-3,4057801;-4,2081499;-5,7762299;-5,3492098;-5,4790401;-4,6413398;-8,0228701;-8,1688900;-7,0474000;-4,8354201;-4,3958998;-6,8799100;-7,5827599;-8,0850801;-6,1330299;-4,7676301;-7,2478800;-7,9366498;-7,5630398;-9,4297104;-8,6334400;-9,9966602;-4,9196801;-10,9473000;-5,6503701;-9,5943403;-7,4251699;-8,6740799;-12,0031996;-11,7926998;-6,4990902;-5,6193399;-9,5585203;-2,8267400;-6,6887798;-11,0234003;-7,8270898;-5,5990200;-7,3870101;-6,9185700;-4,1880398;-4,4680099;-3,5426300;-1,3034300;2,4459500;-1,4083900;-0,4034670;1,1056499;-2,2044699;-0,8922920;-1,0362099;-0,8993700;-0,4302110;-0,5932120;0,5095110;0,3045680;0,5183650;-1,5871900;0,0253699;-0,6531520;-2,1283300;-0,8841090;-0,9192220;0,1252420;-0,6460170;-1,9419700;-2,6440699;-2,5623300;0,4470250;-4,2802401;-0,8842190;-1,7216200;-0,7999630;-2,6377499;-4,8254099;-4,2869000;-2,3099999;-6,0376101;-2,7848201;-3,7033000;-9,9947500;-5,8649302;-4,5923901;-4,6924701;-5,0668802;-1,9074000;-2,7275000;-4,5324302;-1,6178700;-5,4220901;-2,5243199;-0,6261570;-2,4439399;-2,7097099;-1,8141900;-5,9588900;-2,2127800;-1,2405300;-2,4999700;-0,9258070;-0,9257800;-0,7621670;-0,2689210;-0,2266340;-1,4257900;4,2235298;2,4240699;1,9508801;-0,0949433;1,1500700;2,2603600;2,5806601;2,6674900;2,1737499;3,9594400;3,3301499;2,0449500;0,4401890;2,8825300;0,7648290;-2,4449301;0,2355920;-0,1025930;1,1775000;-3,5539801;-0,8314390;1,3547300;-3,4753599;-7,2247000;-7,6810002;-5,4948602;-4,5795798;-6,0788598;-5,1126699;-2,9777601;-4,6536198;-7,3218098;-9,2228603;-10,4242001;-10,8529997;-10,8885002;-9,0539303;-9,8042297;-5,5467100;-1,2258400;-6,8542099;-6,0646400;-3,0672500;-4,3931499;-5,4693999;-2,3663099;-4,0244002;-4,6323299;-4,4226198;0,2977670;-0,9388170;0,0325705;-0,7163900;-0,8066910;-0,2444720;-0,0568777;-0,7044980;0,7033320;1,0634500;-0,3968470;1,3299201;0,3695030;-2,3518000;-3,0731201;-1,7928500;-0,9106190;-2,7612700;-2,0702200;-3,3837099;-2,1935999;-4,9124899
863303;9875654;428158,900000000023283;5689345,900000000372529;333,3999939;0,0000000;-11,4129000;-6,5076299;-10,5165997;-12,4552002;-6,8057899;-11,0369997;-7,7383900;3,0501599;-3,3626399;-16,8722000;-0,3811650;-9,0120802;1,9855000;-8,3511600;0,2829790;-8,0191898;5,0485301;-4,3907800;-16,8813992;-13,0081997;-9,9640198;-8,9512796;-15,7901001;-12,7622004;-16,2192001;-14,8163004;-23,9867992;-23,0226994;-20,7884998;-13,7269001;-8,9553900;-12,8767996;-7,3078899;-8,5258503;-5,7174001;-7,6002598;-6,0057902;-6,9111099;-6,2209001;-8,5775099;-5,8500800;-8,2039204;-7,4190602;-8,1208897;-7,9446802;-9,0570297;-8,2150497;-10,5251999;-9,8926201;-8,0232801;-7,1419101;-5,4905701;-7,8075600;-5,2153902;-2,5979700;-7,9269900;-8,7393599;-6,9282598;-6,9045601;-11,7663002;-11,8938999;-11,3486004;-7,9270301;-11,4987001;-10,9984999;-9,1826601;-6,5254002;-10,3052998;-13,8969002;-8,8859100;-9,2486200;-11,0281000;-10,8523998;-7,8400698;-6,7828598;-8,8834801;-7,6062498;-10,0109997;-5,7478700;-15,9839001;-8,0296097;-10,4157000;-13,6659002;-11,5450001;-9,6609898;-8,8357697;-4,9827299;-7,7095699;-7,1248298;-6,8751702;-7,1605401;-6,6633902;-12,5888996;-11,5358000;-5,9974298;-7,8363800;-7,6441898;-10,6669998;-16,9624004;-5,0619102;-9,8834496;-3,5807800;-6,3065500;-6,4872899;-2,5488999;-1,4791100;-0,3206480;-3,3057201;-0,4531090;-3,3459599;-8,0367899;5,3969402;-0,0496712;-14,9629002;-0,5625130;3,9003501;-1,0013500;2,1307001;-5,5000200;-1,9418600;5,8554401;-9,6049500;-19,4255009;-6,1945500;-8,7385902;-10,1613998;-7,2671900;-8,2998304;-4,8814101;-6,0408902;-20,7359009;-19,8913002;-6,1477299;-8,1418304;-6,3696198;-9,2805700;-10,2629995;-6,7420602;-3,8348100;-9,9577904;-6,1319799;-5,7585402;-5,7265201;-7,7705898;-9,3862600;-11,2363997;-10,9378004;-6,6054201;-8,2129498;-11,9492998;-8,7447100;-6,3462801;-8,3290997;-8,6207600;-4,6335001;-5,2316198;-4,8906298;-5,8167701;-6,8005400;-5,5920200;-7,7468500;-2,1093600;-6,0600500;-5,2135100;-8,7755003;-8,8694096;-2,8757501;-2,8554599;-4,1856699;-8,7400904;-7,6331401;-14,9750004;-5,8638000;-5,5746999;-7,1586900;-7,1836901;-10,6120996;-7,9154100;-9,4363604;-9,3624496;-14,9252996;-14,5824003;-2,5771201;-10,3753996;0,0499287;-5,5368199;-24,3344994;-8,0625801;-22,3325996;-10,1827002;-17,5543995;-8,8050804;-15,5338001;-17,2028999;-14,5728998;-13,2005997;-19,8148994;2,0943501;-7,2792802;-6,7778401;-15,1204996;-10,3149004;-9,3961296;-6,6535802;-5,2969899;-7,8269901;-4,7516398;-7,0752602;-13,4972000;-9,0113096;-14,8185997;-16,3614006;-12,6863003;-6,4691501;-6,2101202;-5,9580102;-7,9633098;-11,7753000;-9,5116196;-8,8215504;-10,2512999;-10,6229000;-9,5631104;-9,9390097;-7,9650798;-12,6714001;5,7112002;-7,9221902;-5,8307600;-11,2191000;-9,7329302;-8,1396999;-10,5838003;-10,6295004;-9,5179796;-9,7645502;-8,3397598;-9,4696198;-10,1836004;-10,0298996;-9,4399204;-9,6520700;2,1039701;-13,7105999;-11,2480001;-8,4456501;-13,4628000;-23,9787998;-11,9450998;-9,0932503;-14,2755003;-15,0499001;-10,2907000;-20,0321999;-16,8864002;-9,6463099;-13,3809004;-14,9609003;-10,6078997;-8,1124601;-10,9315996;-16,0662994;-14,0386000;-10,4078999;-9,2833099;-8,0723000;-8,9834604;-5,0300102;-12,5539999;-7,5296698;-1,6217099;-11,4972000;-5,7527399;-4,4969702;-5,2437501;-3,9981301;-6,2542801;-2,8225200;-8,6269999;-9,6863098;-12,1240997
863304;9875655;428161,700000000011642;5689345,400000000372529;330,2999878;0,0000000;-3,2738600;-4,0094399;-0,3030510;-0,5905400;-1,2074200;-3,5930400;-4,5801802;1,2914900;-2,9767699;-2,5867200;-17,6068001;1,4100000;0,1668700;-1,6777400;-2,4337299;-0,8955190;-1,7703800;1,4026999;-4,9092302;-2,8845601;0,2470020;-2,9025800;-3,5083499;-0,6899170;-5,3759599;-2,6786301;-2,1183200;1,1350100;-3,8273699;-3,8136499;-7,9843302;-1,2574900;2,1860600;1,5372400;-4,1416001;-3,6074200;-6,7863798;-3,6377499;-0,5657730;2,0764101;-2,7755001;-2,6111300;-4,9852700;-5,9327102;1,1484900;-4,4115901;-2,7438800;-1,7722700;-4,6320701;-5,9820900;-1,9614400;-4,1128402;-2,0126400;-15,8083000;-2,1518300;-1,1011900;-0,5535380;-6,7493701;-3,8668499;-1,1458600;-3,1645801;-2,2758000;-1,5994101;-0,0771027;-1,5974500;-3,2200899;-2,3571701;-3,1812899;-4,1451001;-0,7453910;0,2743820;-0,2700210;-1,9250600;-3,6355200;-6,0612998;-5,4651699;-6,2545700;-2,9077401;-5,3901601;-13,7463999;-2,7914600;-0,9947740;-4,5274100;-7,0051899;-3,2955401;-6,3454800;-6,7548499;-5,7724400;-7,3836498;-3,7846401;-5,0482798;-9,8381500;-1,0953900;-0,9001070;-1,9124700;-4,2634201;1,0041300;-3,7178199;-0,6185610;-2,3314900;-1,7670200;-3,3433299;-3,3823099;-4,3368201;-2,0496199;-0,9338380;-0,8522680;-2,6588800;-3,4775400;-0,5331500;-2,6863699;-3,2287099;-4,0859599;-4,6950202;-4,8177700;-3,3196199;-1,8736700;-3,8785701;-4,1352301;-1,1803401;-3,5645900;-4,3459702;-5,8209500;-2,8880200;-3,6049099;-5,0787401;-5,3798099;-0,7863070;-2,9135101;1,3948900;-1,5672300;-3,5090001;1,7606100;0,2390470;-4,0829000;-4,5720901;1,9728000;-3,4444101;2,0227599;-4,0337701;-5,3648500;-0,0133076;0,8580350;2,2281499;-5,9866600;-1,1661299;-0,1742170;-14,9888000;-11,0464001;-5,8079801;-4,5268798;-3,8243799;2,1390700;-4,1547699;-5,0448999;0,0889847;-4,9084702;-2,7764101;-4,6885500;-1,2223099;-2,2447801;-2,8870201;-6,3904400;-8,8584299;-0,9945940;-3,8179801;-1,8980300;-0,8343900;-3,9053199;-1,9539500;-3,8990200;-1,4323400;-1,9488800;-5,4442801;-5,0057201;-13,1051998;11,4796000;9,8960896;-2,3992100;-4,9578300;-6,1427999;3,6356101;6,3831201;1,8568100;3,5781901;-9,8892002;3,6098399;1,9192801;-0,7835010;1,5012800;-7,9504099;-2,8275700;-0,7495400;-2,6198800;1,4379801;2,4329500;4,5809302;4,4903002;5,8637500;-0,4782940;2,6076300;3,1602800;-1,6423500;-1,1606500;-2,6021399;-5,8845100;-3,1781399;-6,9284601;-2,2973499;-5,0762300;-1,6530499;-4,2054501;-4,5253801;-4,1517801;10,2672005;-2,1696401;-5,1419702;1,8274100;-3,9110501;-4,4394002;-5,1885400;-3,4698200;-0,3397820;-1,6018900;-4,1164198;-2,0656900;-3,3144600;-0,2585630;-0,0404758;-1,2175900;-3,6398799;-4,7887402;0,3631660;-1,4707000;1,0286000;1,7797800;4,0743198;3,8077500;2,4243801;5,3482299;-0,3210180;-2,3861301;-0,6404080;0,1841980;-3,1813800;-2,9651999;-4,3066602;-4,9771700;-2,6621101;-3,4897399;-2,9139600;-6,8326201;0,7688320;-2,0867901;0,1891260;-0,5093060;9,6165104;-3,8351200;-8,7542000;9,3966198;3,4356201;-4,6835098;12,1541996;4,2789602;6,7482100;1,3893700;0,9874050;0,2146690;4,9211001;-2,4345901;-4,0477300;-9,8769398;-8,9967804;-12,6927004;-6,0997500;-7,0835400;-1,2731700;-0,7634720;0,2538550;-0,3238600;-2,7982199
863410;9875770;428140,599999999976717;5689367,200000000186265;336,6000061;0,0000000;21,9515991;-1,7925100;6,6484699;11,1000004;10,1100998;14,6274004;16,3444004;15,4756002;15,3195000;10,8521996;12,5200996;10,7266998;11,4157000;12,8183002;14,5865002;11,1159000;16,0727997;10,1681004;16,5242004;13,5337000;12,9040003;11,7952995;8,7482500;9,5705299;15,8148003;11,1225004;11,3762999;8,3753204;13,5650997;11,4130001;13,8859997;12,1157999;17,7719994;17,3759995;13,5423002;10,6660004;13,8245001;12,8094997;9,5062704;12,0197001;11,1618996;11,5144997;12,7557001;3,5834701;9,1324902;7,9252300;11,0324001;1,2634000;4,4894600;4,7948499;5,4896798;6,2406101;0,6925730;5,3263998;8,3153296;3,9265800;2,6162200;5,1244402;8,2485800;-2,5900800;6,9348998;-0,4929700;4,1652799;0,9524340;1,7398800;19,7353992;10,0458002;8,3199797;6,9635801;6,6318998;10,4728003;8,7183905;11,1252003;11,6416998;10,5597000;11,2584000;7,6130199;10,1136999;11,6363001;3,9709899;3,9712000;10,1419001;7,0496202;9,0242996;9,5968704;12,0604000;6,9752698;8,6729002;9,3021498;7,1835899;10,8797998;7,5365400;6,0783000;2,4578300;9,3863897;8,7444801;11,6927996;10,0166998;11,8452997;11,9426003;10,5488005;9,6368103;8,8559103;10,2671003;10,5352001;9,1970797;8,2732096;8,2839899;4,1411200;-4,4801302;8,3942604;21,0895004;16,1636009;18,6268005;-1,6572000;16,6494999;4,2878098;0,9540990;4,0162301;12,0247002;18,1193008;11,0068998;13,0564003;20,9365997;6,4485998;10,3044996;10,2460003;9,5434999;11,7676001;8,4649897;9,4962397;9,5158701;11,8216000;10,9055996;5,5329900;8,4811897;-1,2730200;21,3271999;0,7313660;7,6665401;16,4937992;5,0043702;6,0033798;16,1772003;11,6956997;8,4798298;12,5209999;10,5199003;10,2067003;13,3337002;9,3682804;13,2145004;14,7031002;15,1658001;16,9171009;10,8136997;8,4923401;6,2096500;9,4952803;21,5512009;8,1891804;1,0918400;7,0033998;9,5846796;13,4469995;5,9823799;4,9020801;4,4108000;2,4708400;3,2113800;-3,3123701;-1,4330900;1,2767600;4,4036698;1,2653300;3,0560200;3,6132901;5,1693201;14,7230997;6,7646899;8,4672899;9,2719097;9,9379196;8,4874201;8,8847399;7,1992202;8,4949999;9,8098602;9,1449003;7,9718299;7,4555001;7,7690301;6,5033798;5,2321401;9,5173101;6,6769500;7,9035001;8,1036396;8,0735798;6,9440498;8,0072403;9,5052700;7,5646400;6,9905500;9,3581600;6,4123302;10,1141005;9,0851898;6,7374101;11,1794996;5,6406698;6,2701201;7,4972100;6,8903899;6,1846199;6,9310598;4,5708199;7,7357998;6,6435800;5,5577002;6,1773300;6,6001902;6,7729001;5,1107202;6,4705901;4,2610402;6,7795401;4,5362802;6,1479998;6,0084200;5,9436102;5,5358901;9,8865299;0,4135340;6,0858898;5,8964801;8,3233404;9,8570995;10,0092001;10,4729996;6,7914600;0,9952080;-4,5348301;5,7240400;2,6422701;5,7342801;2,5932000;8,0213900;4,9278102;9,2021303;6,4101300;5,3694100;6,8762999;7,6086798;7,6917801;7,6000600;7,9131098;6,3950100;7,1622100;7,0385499;9,5693502;9,7046099;5,6490002;9,2116299;7,8843002;8,5079899;8,1896296;7,0040598;5,9894400;9,2658300;5,4769602;5,8379898;6,6090698;6,2633600;7,2825999;5,9667201;6,4709501;7,3664298;6,4759102;6,4453301;4,0220199
863448;9875810;428367,099999999976717;5689411,200000000186265;274,8999939;0,0000000;-2,9436800;-2,4287500;0,9976560;-2,6264200;-5,7338800;-5,6364999;-1,7694000;0,1591690;1,0260600;-5,2343702;-1,6738400;-1,5062701;-2,5686700;-9,7195501;6,2126498;4,2288098;0,3798960;0,4380150;-2,9343700;1,2461400;-0,6715300;-1,7618400;-4,2269201;-0,6893410;-1,6837000;0,8160110;0,0139582;0,0098889;-3,1645200;-5,7788301;-9,7855701;-5,8096900;-6,1116600;-1,8444500;-0,9379940;-2,3732600;1,2444000;-1,9619700;-5,3766999;-5,4078302;-2,5835600;0,1411180;-3,0530500;-2,5722401;-5,4931798;-4,9621601;-1,5239100;-5,8233199;-5,5438199;-2,8521800;0,3207160;-4,2124400;-0,8864990;4,2097702;-4,8974900;-2,0176599;-3,8404901;-7,3370099;-4,0735502;-4,4987202;-11,1344004;-13,9715004;-3,7134500;0,6412560;9,0044298;-0,3249640;1,4129400;-1,4590400;-4,9859800;-1,7906300;-2,9386499;-1,8212700;-0,5067280;-1,0537601;-1,0202500;-7,4683599;-1,9361300;-4,8506098;-4,3726802;-6,9996400;-5,8945799;6,2079501;-0,9146460;-1,1662300;-1,6955500;-0,3401670;-3,9498000;3,3074999;-9,0239897;-0,8413710;6,9343700;-2,5703900;-0,9655000;-5,8310699;0,9301890;-3,3078899;-8,1446505;-4,1371799;-2,9996600;-5,5872998;-6,5436602;-8,6588097;-4,5544000;7,2111301;-0,8286670;-8,2230701;1,1109700;-7,0844302;-7,5849199;-5,4292798;-3,3425901;-8,3168898;-3,5666201;-9,1036701;0,0717731;-5,6933599;-10,1121998;-8,1273699;-10,1801996;-6,3488498;-5,6341000;-11,1232004;-4,5235600;-8,4902897;1,3834100;2,9236901;6,8186698;-4,4387102;-8,8303699;-8,9644804;-16,1805992;-2,4672000;5,7774301;-3,1841400;-3,1355600;-2,0564401;5,6768198;-3,3977900;-9,4711800;-3,9547100;-3,7883799;-1,3390400;4,6883202;-3,9843800;1,4796799;3,0684700;-1,3185600;-1,5256701;-2,9290400;7,0134101;-3,8710499;-3,1697299;-2,2195599;-0,3811270;-1,4730999;-2,2302001;-4,0595498;-8,2078800;-5,1951199;-9,5624504;-2,6466601;-7,3218598;-1,1894300;-6,8439898;-6,2495899;-4,3953700;-7,2417698;-8,9271498;-7,2364101;-7,5822201;-9,0895300;-5,2583799;-5,5627298;-7,2291598;-1,7115099;-7,7876000;-3,7007999;-5,5373302;-8,0584803;-6,2556100;-10,8704004;-9,9445105;-10,1725998;-4,5422502;2,4102700;-5,8438902;-17,0965996;0,4766540;-5,3080401;-5,2367401;-3,4659500;-3,7381899;-5,3472500;-3,9032800;2,3269999;-4,7275000;-2,5419099;0,1473280;3,0400801;-3,1176200;-5,6233101;-2,1910999;-1,7917399;-0,3860090;-4,1621799;5,7036700;-10,1740999;-6,3200202;-3,2117400;3,2942300;-1,4940900;-3,5177000;-4,3504300;-4,1479702;0,3065850;-1,7298100;-5,8242698;-3,8796201;-1,2978400;-1,8666900;-3,6680901;-4,0659499;-4,4740701;-3,4446900;-6,9783401;-2,7144001;-4,6358399;-5,2986102;-4,7386398;-4,2410798;-1,1701200;-4,6491899;-1,5069400;-4,9957099;-3,4098499;-5,9568901;-2,8206301;-4,7776299;-0,8912670;-5,8773098;-5,2761102;-1,2153000;-5,3294201;-3,0653601;-3,9903700;-4,3976698;-3,1820199;-0,5824880;-0,1512600;-2,7139399;-0,3164240;-2,2462499;-1,5086499;0,0523236;-4,9918299;-6,0487399;3,1408200;1,4122500;0,4657790;-1,1321900;3,1112101;1,7874800;-1,5201800;-2,5948200;-1,7148000;0,2519750;-7,5619302;-6,3983798;-4,3570800;-4,1973100;-5,0010200;-3,4150000;-5,4701500;-1,3016400;-2,1928999;-3,9772501;-5,2441101;-4,0103698;-6,4640498;-3,0197999;-0,6576850
863484;9875851;428114,099999999976717;5689376,099999999627471;329,2000122;0,0000000;-12,2570000;-1,5481900;-23,3017998;-13,4470997;-6,4481602;-7,3980799;-10,2700996;-7,9467902;-5,0166502;-6,3973398;-6,9378700;-5,0051498;-8,3039398;-9,1969805;3,0042200;-19,0470009;-16,7437992;-3,5786800;-11,4770002;0,7468820;-16,6735001;-21,4971008;-19,1513996;-9,3506899;-12,9693003;-14,0466003;-10,9645004;-12,7646999;-7,9232502;-11,2363005;-11,4105997;-8,9252501;-5,6985102;-5,7501898;-7,2995000;-7,0256801;-8,3221903;-7,8453202;-8,7713299;-9,0731497;-8,2712898;-10,4495001;-9,7495804;-9,8685598;-9,0412397;-8,8042297;-8,3122902;-11,4385004;-9,1682701;-11,2292004;-9,3879995;-9,1553802;-9,8190804;-9,4503403;-8,6519299;-10,0838003;-10,1538000;-10,3189001;-9,4110298;-11,1419001;-11,9813004;-11,4574003;-10,3744001;-11,1517000;-9,8663397;-9,0633202;-8,8784103;-8,8126698;-11,0670996;-7,9113002;-7,6646700;-9,8057699;-9,4105902;-8,8385801;-9,8686104;-9,1530800;-7,1484199;-8,1414499;-8,0779600;-14,0777998;-10,9455996;-8,4902697;-9,5919199;-8,9780903;-8,0809002;-8,9478102;-8,2717505;-8,7513704;-9,0657301;-8,1289997;-8,5821304;-8,9456701;-9,6709003;-8,8204603;-7,5966201;-10,3754997;-9,7291203;-8,5923100;-8,7412996;-7,8634501;-5,3071198;-4,2975101;-5,9235001;-23,5955009;-0,6316870;-18,5168991;-20,5415001;-19,6737995;-17,2376003;-16,6298008;-9,9171000;-15,6780005;-10,5297003;-16,6569004;-9,1575003;-15,3880997;-1,9898200;-22,1019993;-10,1458998;-11,1329002;-13,0403996;-8,0772896;-14,2784996;-13,9384003;-14,3866997;-13,4280996;-14,7146997;-10,5522003;-14,6955996;-13,6134996;-13,9994001;-14,5661001;-13,2907000;-15,6906996;-12,9099998;-13,0136003;-13,5841999;-14,1549997;-11,5458002;-11,8848000;-9,9634199;-16,1322002;-11,8473997;-11,6884003;-11,9186001;-10,3493996;-8,0465803;-8,7295504;-9,3219900;-7,2010002;-9,0397501;-6,8078198;-8,7283201;-8,9258604;-6,6758199;-8,0331402;-9,1915798;-8,6629105;-8,7210999;-7,7245998;-8,6537304;-8,3250599;-10,1259003;-9,6805696;-9,3353996;-13,2226000;-9,5846205;-11,0447998;-10,2531996;-11,0205002;-12,3921003;-13,6676998;-12,2862997;-12,5019999;-11,6997995;-10,8648996;-10,3931999;-8,8057899;-11,3923998;-9,9441700;-13,4615002;-9,1962605;-10,7553997;-11,3017998;-9,7158203;-11,0508003;-11,7729998;-11,6280003;-11,9272003;-11,5797997;-12,6886997;-13,2229996;-13,7662001;-11,2312002;-10,8687000;-10,5850000;-9,3772297;-10,9054003;-9,9755497;-10,6764002;-14,1848001;-10,9113998;-11,1344995;-8,2638903;-9,1537304;-10,7584000;-8,4087696;-10,1310997;-12,3462000;-9,7019396;-12,6047001;-12,7293997;-11,5628996;-11,2003002;-10,8037004;-10,9975004;-13,1243000;-10,0088997;-12,1350002;-14,1800003;-12,9933996;-13,2537003;-11,6417999;-12,1767998;-12,9238005;-14,9154997;-13,4705000;-14,0606003;-13,5215998;-13,7986002;-14,2938004;-22,6047993;-17,9232006;-20,2292995;-17,5935993;-18,6909008;-17,3099003;-16,2625999;-14,8576002;-10,7980003;-15,0390997;-17,6786995;-19,1443996;-14,4165001;-15,7944002;-14,3806000;-15,8557997;-14,6021004;-17,5683994;-12,1540003;-12,7981997;-11,5857000;-15,6229000;-12,1630001;-11,2931004;-12,9406996;-13,4659004;-13,0305996;-12,3751001;-12,2501001;-11,2363997;-11,5663996;-13,1612997;-11,6406002;-11,4624004;-10,7782001;-11,1452999;-9,8468599;-13,3795996;-10,8619003;-10,6830997;-11,1180000;-11,5235004;-12,4506998;-11,4364004;-11,9203997;-12,1549997;-13,4783001;-13,9906998;-13,2243004;-15,2180996
863528;9875898;428103,099999999976717;5689389,000000000000000;331,2999878;0,0000000;-2,6471500;-7,1997800;-6,7515001;0,4153910;-1,2229900;0,4394700;2,1082001;-0,3387130;0,7620900;-0,3084590;0,4842100;1,6996599;-0,9946440;0,1655670;4,5210600;-4,9814100;1,2156200;-1,0911800;0,2285150;-1,8724600;-0,5597090;-2,7320800;-1,9333500;-2,7440500;-2,9012799;-2,8784101;-0,8488240;-1,7060300;1,1782100;-1,6682900;1,6683199;0,0549042;2,0735800;0,5170130;-0,5727700;-1,7338300;-1,2401900;-0,0062854;-0,9978900;-0,4667040;-0,6978490;-0,6718030;-1,5868900;-1,4966800;-1,3708500;-2,3749399;-1,8333100;-2,4290500;-0,9413030;-3,3092699;-2,4670200;-1,9070100;-2,9001501;-5,2081499;-3,7428999;-2,2712700;-1,8173600;-3,2850201;-2,5598300;-3,2119801;-3,0048699;-2,6551001;-4,5642800;-3,8974199;-2,3656700;-0,3171610;0,3376100;-1,0226099;-4,0265899;-1,4614000;-0,8912020;-1,8532600;-1,7109600;-1,4185300;-1,7557499;-1,0197500;-1,7880900;-0,5468420;-1,1162601;-6,1117702;-3,2026100;-2,8429301;-2,8368001;-1,7951500;-0,2021190;-1,3828501;-1,3962600;-1,3429101;-1,0989400;-0,4436490;-1,2662700;-1,4752001;-1,6549700;-2,2309201;0,9373350;-1,8763700;-1,3837800;-3,2150099;-1,0632000;-1,0020900;-0,7420010;-0,6139020;-1,9333600;-0,7740200;1,3771400;-1,6537700;-2,6986201;-3,7386100;-5,2110300;-4,9653201;-0,6830800;-3,4057400;-3,7043700;-3,6631000;-2,7705901;-3,1259000;-3,8720701;-5,9819598;-3,3589699;-2,4630101;-2,0975201;-2,5838699;-2,3193500;-1,9699900;-2,5147901;-3,0159099;-3,2173200;-1,9612600;-2,9997699;-0,7922070;-3,2873800;-0,9816750;-2,3758800;-2,1543801;-3,0180900;-1,3896000;-0,7341670;-3,8387699;-0,0071903;-3,2432101;-0,6025290;-1,0343300;0,2055970;0,5721990;0,0731797;-0,2521250;0,1165930;-0,6779350;-0,1003900;-0,6974090;-2,3133900;-0,8858140;-0,2772900;-3,3417599;-1,2285800;-2,6610999;-2,2165000;-2,3433700;-2,5657301;-2,3046100;-3,4890299;-3,3823500;-3,7310500;-4,0412202;-2,4269400;-6,9994402;-4,2880602;-4,7164102;-4,3149400;-5,3081999;-5,7160301;-7,0236402;-6,3983898;-5,2486300;-6,4601698;-5,5914798;-4,6976900;-4,1703200;-5,6493301;-6,1684799;-6,3793302;-4,4317498;-4,8071599;-4,4801998;-5,4362602;-5,2478199;-6,2913098;-4,7714500;-4,6644702;-5,3510199;-6,9130101;-4,8679399;-5,3038998;-4,4388299;-4,7276201;-4,7460098;-3,6832299;-3,3960099;-2,7150700;-3,2574000;-6,1836801;-2,7137201;-3,9819901;-2,5373900;-3,6048701;-4,6830702;-3,5924699;-4,2596502;-5,0392299;-3,5733399;-4,5697999;-4,8979702;-5,1409898;-4,5171099;-4,0363102;-3,8534701;-5,0523100;-2,4901400;-4,3408599;-5,3591399;-5,0612502;-4,7426500;-4,7106400;-4,0460300;-3,9528401;-5,1113300;-4,2536702;-4,3514700;-3,8830800;-5,2281699;-3,8676300;-2,9446900;-7,7719202;-10,3500996;-9,1575603;-9,4718704;-10,1527996;-7,6277900;-8,0556402;-6,6330700;-7,4050102;-5,6689601;-3,9466500;-3,2314601;-3,5250299;-6,2855902;-4,2846098;-5,9945302;-6,1297598;-0,6661450;-4,7629600;-2,7291501;-4,0651498;-4,0843401;-3,7420199;-2,7848499;-5,5298400;-4,3477998;-3,7400301;-3,9086299;-1,4649700;-3,1199601;-6,0672798;-4,0701199;-2,6120601;-1,9823900;-3,5685899;-3,0357499;-3,9372399;-3,4391699;-4,4220099;-4,3370900;-4,7243400;-5,2249298;-4,2033701;-4,9087200;-5,9067001;-5,3784900;-6,8466601;-6,4707398;-7,1881599
863529;9875899;428376,700000000011642;5689429,400000000372529;274,2999878;0,0000000;-0,5992760;-2,3942699;-0,3554390;-0,2593660;1,4378800;-0,6045140;1,0238800;2,7385700;1,8587101;-0,2089830;0,9577570;1,1197400;-0,8479570;0,0627070;-0,6746340;-1,5960799;0,8999610;0,0020629;0,1702950;-0,8011960;-0,2970850;-0,7347340;-2,5417600;0,4978820;-1,1122600;-0,0175226;-1,1618800;-0,5164520;-0,8413450;-1,2374300;-1,1374500;-1,3478800;-0,3377480;0,8341090;0,4519740;-0,9678310;0,6031060;-0,0560169;1,2240500;-1,0235699;-0,1377070;-0,2276300;-0,0673080;0,7736080;-0,5389210;-1,5565701;-0,1930300;0,2062750;-0,2299010;-0,0414328;-1,0771700;-0,2626250;-0,4017600;3,2753799;1,5740401;-0,3167680;0,8814240;-1,0602300;-0,8496130;-1,7269900;-1,3523200;-2,3384399;-1,1082700;-1,3308400;-1,7734801;-1,0281700;-0,5150750;-0,4279580;-0,7089370;-1,2578599;-1,6069601;-1,6196300;-0,0600174;0,4954130;-0,6247010;-3,4981000;-0,7768240;-0,8937800;-0,3047380;-5,5186701;-1,8180500;-0,2361270;-0,8789760;0,1197660;0,7812480;-0,3413050;-0,7175370;0,9443910;-0,3808930;-1,0026700;-0,3104200;-0,3576460;-0,1223240;-0,9613850;0,5828760;-2,0006800;2,3611100;0,5193990;0,3952820;-1,4296100;-0,6342900;-0,3555030;-0,4056450;0,2931700;-0,2949170;-2,4822199;5,4451399;-0,4525810;-1,9626700;0,5723850;1,2442501;-1,9941000;-1,1907200;-0,8290660;0,3633100;-1,2591300;-0,0982027;-1,5395200;-2,4864700;0,2748890;-0,8618520;-0,2077330;-1,4090000;-1,2989900;-1,2201999;-1,4991200;-1,6067300;-0,0479081;-2,1707599;-0,7137790;-1,6443400;-2,2449501;-1,9506600;0,3250070;-2,4923201;-0,2652100;-0,8359130;0,2835390;1,7933600;-3,2685900;-0,9367390;-0,4112400;0,2667200;-0,8987560;-1,7183000;-0,9112920;-1,1991000;-0,6104300;-1,5071100;-0,7761050;-1,2988200;0,0843743;-0,0303799;-1,2568800;-0,8642060;-0,6656750;-0,6417150;-0,8087650;-1,0176001;0,3754630;-0,4017250;-0,1330700;-0,1686380;0,8062050;0,2409800;1,4034801;-0,3629980;0,6116540;0,5061600;-0,0902959;0,0944049;0,5774890;-0,8458240;0,4238190;-0,2082620;-0,8102580;-0,9583150;-0,1623380;-1,1654900;-1,3914900;-0,3111440;-0,1389480;-1,4890300;-0,1362480;-0,2190220;-1,0819200;-1,1105700;-0,3733820;-0,1286610;-0,4839950;-1,1323600;-1,8522000;-2,4573901;-2,3665800;-0,3795780;0,5231650;0,7634370;-0,1992770;-0,7198730;0,2982830;-1,6993999;0,1970730;-0,8599990;0,4643200;-0,1883200;-0,6508100;0,3473290;0,4987870;-0,2702360;-1,3735501;-2,0896101;-1,5781400;0,1679650;-0,1395780;-0,2189040;0,3866080;-0,9018690;2,9100399;0,1805180;0,7010470;0,8463060;0,3786750;-0,6783000;0,6821640;-0,7228760;-1,8474100;0,0067617;-0,9438050;-0,8639290;-1,1779300;-0,9396820;-0,3216810;0,4915880;-1,5133801;-1,2471700;-1,4496200;-0,2406690;-0,2194050;0,2060730;-0,7093030;-1,5022800;-0,2202230;-1,5576800;-0,9497750;-1,8673100;-2,3671000;-0,9953290;-1,3138400;-0,4052380;0,2849800;-1,3635401;-2,4022701;1,3113000;0,7437010;-0,2554590;-0,3926050;-1,5605400;-0,1571730;0,1150020;-0,5130550;0,2843710;1,6190400;-0,1546050;0,9377450;-1,5806700;-0,2256800;0,3738660;1,0474300;-1,6323600;2,6770999;0,9096160;1,7043400;-0,9031490;0,5260190;0,2200280;-0,1245880;-0,1697140;-0,3884970;-0,5871630;0,3839610;-0,1482060
863573;9875947;428367,900000000023283;5689441,400000000372529;282,8999939;0,0000000;0,1203460;-1,5551000;0,4668520;-1,6806200;0,0395927;0,3289830;0,4025120;2,6024101;1,7266300;0,4267110;1,9923199;0,5913540;1,8936700;0,7542630;-2,0052600;0,2230840;0,7116470;-1,4390100;0,0382147;-0,1135310;-0,4613740;-1,0013000;-0,5834960;0,2093460;-0,4647740;0,4446770;-0,3097340;1,5700300;-1,4973201;-0,5780650;-0,6853770;0,1368880;1,0472200;1,3827699;1,4157300;0,1976620;2,1573901;1,2636600;0,4579580;-0,0835233;0,7668290;0,7071550;-0,7144410;2,0106399;1,2988900;0,1903850;-0,2470340;-0,5837160;0,8410250;1,0073299;-0,8871340;-3,4281399;-2,1550500;-0,7643050;-2,8282900;-1,2321500;-0,5653800;-0,8028950;-0,4988530;-2,2270300;-1,4623300;-0,9793480;-0,5855120;-2,4617100;0,2425350;-0,1191520;0,3967160;1,3843200;-0,2787860;0,0636535;0,6653720;-0,0845599;-0,0328708;0,0219169;-0,7636310;-1,4788899;0,0193958;-0,3527610;1,2444900;-2,9684200;-0,7161170;0,3512780;0,3292280;0,0441484;4,2589798;-0,2807550;3,6999600;1,0762100;1,6022600;1,2840700;2,2158799;2,8558500;0,0884023;-14,6494999;0,7240140;-2,0105300;0,6042410;-0,3731250;2,3859601;0,6855330;-0,0501103;1,1574500;0,7860050;-0,4072070;0,2691950;0,4900160;0,6458930;-0,0478010;-1,0000200;1,1030101;1,2153600;0,7687310;-0,1324030;-0,6491100;2,2387600;1,5256300;0,4806490;-1,2008801;-0,4486060;0,2244540;-0,3228800;-0,5475340;-2,2109399;-1,4924999;-0,1481530;0,9597580;-1,2896200;1,6751500;-0,8761730;0,8011600;0,6405680;-1,7585000;0,3435270;1,3166200;-0,8190280;2,1054001;2,0171101;1,2680200;2,2586200;-0,5411520;-1,9401900;0,6172320;2,2431800;0,6069990;-0,9204580;0,4910620;0,9113920;1,4704400;0,5726850;-0,6729290;1,7513400;1,4829600;4,5111799;0,7075120;-0,1155880;1,1548100;0,2759570;0,8977880;1,2492200;0,9982790;1,8804300;2,3195801;3,0009899;1,5438000;0,2469130;2,8936000;0,8538420;0,9970180;2,3466599;1,1328000;1,7443900;2,9020400;1,0534700;-6,4106898;0,0019674;-0,0121679;1,8779900;2,2641101;1,6966400;1,9095800;0,6572110;1,1028500;2,4651999;0,5482430;2,5222600;1,9804400;0,4362160;1,4046800;1,5834100;0,5983370;2,7285500;1,6493900;0,9219680;1,4166700;2,4308600;2,9656200;3,6787400;2,1334701;2,0915101;2,7632599;2,1897299;2,4316800;1,5219899;3,4829299;1,4496400;2,4776700;1,6113600;1,5878100;2,5845001;3,2260799;-1,8394099;2,3095701;2,2807901;3,1934600;1,6486400;2,0501900;1,5209800;2,9717901;1,1567200;0,2994730;0,9432410;-0,5639970;1,2449400;1,1120400;0,0854239;-0,6043600;0,2866600;0,1903330;0,6160830;0,3685920;1,1569400;1,5262300;0,9905040;0,8457500;1,8368100;2,7642200;1,8484700;2,0993600;3,1263499;3,1247599;0,7995490;0,8896460;-1,3199000;0,9329540;0,4525940;0,0637784;0,4348310;0,4697760;1,2024699;2,8772900;2,2565601;1,0313300;3,3278501;1,6107900;1,1234300;2,4290800;2,7187099;1,3418000;3,1685600;3,4670701;2,6508200;3,9660201;2,0937901;3,5364201;3,6705101;3,4430201;1,8128999;2,5747800;-4,5497599;4,6520801;2,2358799;3,0269301;2,5193601;1,4278100;3,5867901;1,6435900;2,7640300;1,9179900;1,3375601;1,2120600;1,2691600
863574;9875948;428367,400000000023283;5689443,200000000186265;276,1000061;0,0000000;-0,5154150;-1,3666600;0,4586990;1,0646600;0,6393980;0,2682840;0,9463820;2,8566999;2,1399300;-0,3244780;0,2350060;1,6031700;0,2704620;-0,6271320;0,8465690;-0,6291370;-0,4558920;1,5164700;-0,1212720;-0,4200130;-0,2567270;-0,5023570;-0,9118030;0,0943861;-0,8139440;0,1329500;-0,4740180;1,2465000;-1,4930201;0,3117370;-0,2728040;0,1937350;1,4978400;0,7708720;1,3504601;-0,4743500;0,7146700;-0,8629690;0,2205210;-0,3817550;1,1135900;0,5501900;-0,8399420;-0,0507588;1,6522900;-0,5045700;-0,0849900;0,1616280;0,1335930;-0,3949720;0,2338130;0,0787661;0,3163410;-0,3474950;0,1001080;0,9936370;1,2430500;-0,6350530;-1,0807700;-0,1357070;-0,6294900;-1,1109999;-0,9682430;-0,4734920;-1,4547800;-0,1828680;-0,2904780;-0,5049980;-0,5501620;0,4949100;0,0992391;-0,2500000;-0,3932090;1,2950300;-1,0569800;0,2184260;2,9557300;1,0950700;-0,1481540;-2,6731300;0,1597150;0,6140760;0,6635360;1,9740100;2,5143199;0,9523980;0,9309610;1,4805400;1,9847200;1,3840300;0,1111720;0,5380890;0,9713790;0,4784010;1,2204601;0,1483890;2,7265401;0,4548370;0,5704420;0,7217300;-0,6330110;-0,0826435;0,1760150;0,6115140;0,6354320;0,9303490;-1,0841399;-1,0158000;-1,9463300;0,5985010;1,2332000;-1,0103400;-0,6219740;-0,8438090;0,9972850;0,7272040;-0,1286010;-1,4010700;-1,6835999;0,5717690;-0,6893430;0,3917230;-1,8990700;-1,2242399;-0,5404830;-0,3870380;-1,3770601;0,6346610;-1,7730700;1,7270900;0,6542890;-0,7808580;0,2462950;0,8470290;0,1570750;1,6154000;0,6090810;0,4135190;2,7729299;-2,1514699;-0,1874020;1,0030100;2,9556701;1,1134200;-0,1433720;2,1991200;1,0043000;0,6978920;1,2279400;2,3702600;1,1540400;2,1958899;2,2526300;2,0416701;2,1387801;1,7867800;1,5864600;1,8566700;1,0793500;1,5489600;3,0792601;2,0301499;1,1779500;2,5389299;0,6738920;2,7660999;2,4460499;1,4817700;2,1372299;0,4991310;-1,2322800;-0,7587710;-0,9495950;-0,3324100;-0,2146910;-0,3043220;2,1316299;0,3438640;0,2296140;0,2078200;0,2492190;0,2191350;-0,7565770;2,8351500;1,7312000;1,4942400;0,2567010;1,6081700;1,7154300;1,8906000;1,7712500;2,0484900;0,7459030;1,0480200;2,8520401;3,2345400;2,0871100;4,0418100;1,8327500;2,2311101;2,0390100;1,9423300;1,3112000;2,8079100;1,3348500;0,8890060;3,2624700;1,1843300;-0,0901687;0,8794490;1,0100300;1,2249700;1,2061800;2,1761501;2,8443799;2,7885201;1,0311100;2,6725900;1,1543300;1,7582700;1,3406600;0,5713420;2,1658199;1,3257700;0,9145940;-0,8200000;0,5741460;0,0018797;0,5380780;1,0080000;0,2316630;-0,1803640;2,1766500;0,4392100;-0,5710820;0,9372900;0,2328560;2,0037899;1,3587300;2,1187999;1,1490500;0,4094710;0,9759460;1,6950300;0,7535160;1,1249000;1,8440300;0,2339990;1,4974600;2,9411600;0,8242250;1,2951800;2,0418601;1,8076800;1,2094700;2,7061000;1,6778100;2,0404501;2,9003201;0,5769350;1,4203800;4,1305199;4,3683500;3,3930700;3,1150301;2,6306000;4,1313100;3,1683700;1,5095900;4,8395700;1,4940799;5,1056199;3,6488600;3,4589300;2,6222601;3,1580200;2,5183001;1,9450800;1,1423100;1,9615000;1,1959600
863621;9875998;428380,700000000011642;5689456,299999999813735;273,7000122;0,0000000;0,5550690;-1,4423600;0,8980310;1,1847900;3,1877401;-0,9317240;0,2969230;3,9285800;2,1634700;1,1911900;8,0061998;2,0226400;0,9646270;1,7541200;7,0281601;0,4091500;2,4392800;2,6357100;0,1700360;4,0908298;3,2240300;-0,2009880;3,1550701;0,9495970;-0,1313230;1,5916600;0,5540410;2,0694900;-2,1683500;1,0598600;0,6059610;1,4605500;2,5393801;2,8985000;2,0371201;2,0036700;3,1420300;1,1704201;4,6608000;2,8493500;2,9399199;3,6139600;1,5872400;4,5745602;2,3567801;1,6707700;2,5743201;2,8790300;2,0732000;3,1620700;2,1632700;1,4718300;5,5968599;-1,1554101;-3,8662701;3,6727400;3,9700501;0,7421170;1,5322000;4,7235298;5,3482399;3,8851399;1,1687900;5,5324202;1,8706300;1,5839601;1,7048900;0,8474380;4,4405298;1,5296100;0,3753810;0,8631530;2,1739399;2,5211999;8,9626904;8,1187296;8,9316797;-4,1264601;-4,0680399;-8,0780697;-9,8720903;-3,9065199;-4,2919698;-5,8265200;-4,2471199;-4,1674900;-6,8407602;-2,1081700;-6,4255300;-5,5421100;-6,9177599;-5,5127401;-8,2306404;-8,3973799;-6,1628199;-10,2491999;-3,9986200;-6,1887202;-5,4717102;5,7757101;5,2189798;5,0623202;6,1533198;6,7271600;6,3380098;5,8499398;7,1509900;6,9543099;6,1454301;5,4052501;6,4147501;5,2233300;4,8595500;6,1996799;7,7184901;6,3040700;5,6656098;6,4344802;4,6549301;4,7512898;3,7056799;8,0870895;5,4395599;3,9999299;5,7671399;6,3032999;5,7117901;0,8570290;-0,2201190;1,5121100;1,8816500;-1,5131400;0,5349300;0,1542840;1,0534400;1,2338700;0,3644210;1,5940200;3,5225799;0,9009320;1,8770601;0,8383210;1,0933200;2,5055499;0,1846130;1,5127300;1,0394000;1,5328200;1,9406500;0,5177320;1,8834500;2,0812600;1,9428500;2,6700301;1,2785000;2,6934199;1,8048000;1,3304000;0,6505520;3,8822300;3,3318400;2,3159299;0,6447540;3,2228799;15,1306000;12,0695000;6,2259798;11,5690002;15,0046997;16,6063995;13,6517000;14,8107996;1,0988600;6,8397598;19,8959999;6,0151401;16,9162998;9,9778299;0,7606600;-6,9789200;14,1330996;6,5099802;8,7101402;5,5239301;14,1514997;-10,8484001;-11,6128998;11,6815004;2,4652801;3,6838000;-11,3000002;6,5802202;-13,3687000;-10,1955996;-0,4312590;-10,7315998;-6,5699401;-12,3607998;-11,2735004;10,9731998;-6,9227099;-4,0084300;-7,4040499;-6,8245301;-15,6955004;-3,1214099;3,4430301;2,7197199;-10,3992996;12,0185003;-10,4611998;-12,5107002;-3,1226900;0,0937605;1,5388700;-1,4400001;0,1822970;3,7026999;1,3565800;2,7973499;1,0752200;2,6214900;2,5967901;1,2992899;0,6160380;0,0856513;1,8752100;0,9289820;1,0661100;1,5613300;0,6227660;0,3179140;1,4080800;-0,8839480;-0,5504810;-0,5854260;0,0413430;1,2564800;1,1671000;2,0867400;0,1872280;0,6374500;0,9149320;1,6281900;-0,0803510;0,6602350;1,2628000;0,2021710;1,1634500;2,7576900;0,8228330;1,0273800;2,6027200;2,4963901;1,3300101;2,8403399;1,3163400;2,5461600;2,6551800;1,9945600;3,0872600;3,8695400;1,5166500;1,7212900;1,0613900;1,7042300;1,4599500;1,4682800;-2,9634900;2,1363001;1,7624300;1,4427600;0,0087202;-0,0894254;-0,2918900;0,0252174;0,2504420;4,0451798;5,3353500;5,2235899;6,0539098
863677;9876056;428071,799999999988358;5689414,599999999627471;330,8999939;0,0000000;-0,3559360;0,1759580;-0,1735040;1,9347200;5,0128498;8,5391397;3,6281700;4,9492698;7,9879799;3,2212200;8,3316803;2,8884001;5,4168901;4,6690602;12,3554001;5,3234200;2,8501899;3,0477500;1,0023299;0,0492787;2,3956001;0,3232500;-1,2333699;-8,3983603;0,5535030;3,2379899;0,6404560;5,9104400;17,9680996;1,6558100;4,4249101;7,2066398;8,9383001;9,9317999;7,9561701;4,8847599;6,5507002;6,2091599;7,3727498;5,9009900;4,9345698;5,5103302;5,3667002;5,4250898;4,7470698;3,7337401;5,7423801;4,2920699;5,2312198;4,7501502;3,7987599;4,1054101;5,7645602;1,8813200;-0,9293590;4,5472798;4,8996801;2,4805501;2,7086401;3,2357399;2,6034901;2,9511199;3,8357000;3,2247100;3,7788301;4,5858202;5,4822402;4,8651700;4,0015001;4,4185300;4,2836900;4,9588299;4,7917600;4,3718801;3,6257999;5,1987000;3,1562500;3,3492601;4,1306200;-0,0190139;5,4043598;3,8633201;3,9397099;4,4194598;5,1083598;5,3599601;5,6606398;4,0220699;6,8462400;5,5002899;5,0165200;4,9827299;5,3859601;4,9196501;7,0042701;5,2089200;7,2509799;5,3596001;3,1749301;3,0553501;5,3984499;5,7117500;6,2154999;3,6408000;6,4285102;3,4718101;6,6582198;2,0020800;5,1158199;5,0185399;9,6573601;0,1841280;4,7496200;0,8989240;4,6065998;5,2569499;-0,0532389;-1,8958800;5,5718498;4,8962202;3,9854901;-10,0720997;11,5061998;-0,0359640;4,4400301;1,8361200;2,6011000;8,9526701;1,6093600;1,7305200;2,1360500;5,1274199;3,2035799;3,3372900;0,9861790;2,4627399;4,6863499;2,4722199;2,7337301;2,6948900;5,1173601;2,3495400;2,7712300;5,7720399;4,9249802;7,6335602;6,8093300;6,3158102;7,1977501;6,5561500;6,2586398;6,0286398;6,4027600;4,9038701;6,7411199;5,4811401;6,4324398;6,1928701;5,5715499;6,1891499;3,9781899;5,2340698;5,2286201;4,7585402;5,7628398;2,4756000;4,9413199;3,7407000;4,2494702;3,4586101;3,2805901;1,5991700;2,8849299;2,8458099;2,4704700;3,9115400;2,5993400;3,4048800;3,2721701;3,5562601;2,4170101;3,4453399;2,1493700;1,6890000;1,9118400;2,6815100;2,8898699;3,4081700;4,1178002;3,1505001;2,9755399;2,8128300;1,9084400;0,3625870;3,9377899;3,8630800;5,2431798;4,9656701;4,2043500;4,5071402;5,3341899;5,9942298;6,2344398;6,9595399;7,2211299;3,9209299;4,6563802;3,6805899;4,3550901;3,7445800;4,5245199;5,0656700;3,4111199;2,7040999;4,2977600;3,9922600;3,9835501;5,1375198;3,8868501;3,7805800;3,4066701;3,0941401;3,6693201;4,7258701;4,0473800;2,7250600;2,5919800;2,1924200;0,8230140;1,9234800;1,1848500;1,7636400;-1,4580700;-1,8760800;1,8864800;-0,0111179;-0,6549630;-0,7841120;0,6000700;0,8398750;1,6304100;0,6669460;-1,8718400;-0,4808000;-1,6586200;1,8547200;1,6898800;1,3651600;7,3671598;5,3045602;1,2592700;1,3456800;0,6364770;1,2057400;1,4813700;1,9688900;2,1921599;3,8010499;1,8808900;1,9134800;3,3443401;2,4421401;1,4850200;2,9145999;2,8499200;2,8967500;2,3550000;3,7670300;3,5409200;3,9361000;2,9300599;3,4015400;1,5838000;2,2673099;2,7804101;0,6817810;1,4622300;2,5904701;3,1430600;3,1762099;2,4646299
863678;9876057;428079,000000000000000;5689417,099999999627471;327,8999939;0,0000000;-0,2157560;2,7549200;-3,4274199;-1,7116400;1,1428900;1,3246300;2,4417400;8,3793297;4,9215102;-1,8092300;-1,0937200;3,6355801;2,2820101;2,8211401;-0,8131070;4,1282201;-0,3228640;-0,0082264;0,6534550;-0,0591097;-0,0264091;-2,4445100;-12,7034998;-2,5785201;-7,9196701;-3,4736700;-3,1662099;-7,2446899;-1,4852901;-0,1052100;0,2786030;1,1014000;9,2251902;5,1543999;2,0938001;0,6414330;3,1765599;0,9121240;-3,9807000;-5,0595798;-6,2769198;-4,7125902;3,0482500;-2,7918401;5,2558999;7,5437398;7,9427199;-2,5515800;11,9007998;1,2912000;1,0277801;3,9826701;3,0852001;4,2411499;5,5368299;5,8892002;1,7625700;4,6945000;3,9974799;0,7661400;10,0324001;10,7650995;6,4179401;7,1515598;6,3814602;2,2766600;3,3441801;5,9141502;-0,8124580;1,5018200;4,1605101;3,0852399;2,4540501;4,2429800;8,1821299;9,4704800;6,6613302;5,3710799;1,2355500;0,7603800;2,3725200;0,6698460;2,3069501;6,2775698;4,5848398;3,8520899;6,7332101;3,2541001;6,3660898;6,7139902;6,6697001;4,1548200;4,5088201;0,7751130;4,3011899;-0,0902925;10,4933004;4,2436399;10,0016003;4,0244799;5,0682602;-0,4493140;-3,2498901;-2,0441999;3,7656000;-0,9272530;0,7805090;4,4338498;-4,5009899;4,0437598;4,7088799;-2,3382199;-7,7132301;-1,4569800;4,8181901;3,4705701;5,7387900;-0,2389810;4,1827102;2,9576001;5,0049000;3,1075399;0,5556470;1,6748400;4,2566600;2,9573801;1,8331200;3,6865001;-3,1098599;8,1860504;-1,4166800;-1,3694100;-3,8535900;-0,1917200;-2,9665301;0,1601600;-2,1399901;-0,2279500;-0,0051360;-0,1589160;-3,8417399;1,1796800;-5,3220301;0,2086750;1,5135601;0,5186930;3,5420899;3,7575901;4,7668500;3,5687699;6,4237299;4,3132701;6,8183198;6,0071702;5,5373702;6,5223398;4,6619802;4,0608702;-0,0682464;6,2048802;4,2586002;0,3678180;4,2466402;4,3635302;4,1340299;0,4647870;2,7664101;3,3893900;-1,6822799;0,2494340;-3,4271300;-1,6213400;0,8832930;0,1560630;-1,0495300;3,2617700;3,7507601;0,1096500;1,4368300;2,3180001;-2,1058300;2,2589300;0,7993440;-0,4865470;0,0005546;-0,8643050;0,9886920;3,1048300;-3,0176699;1,0761600;-3,0472600;-3,5498500;0,4171640;2,3058500;4,9657102;3,9179800;4,1284199;9,1515303;3,1128900;2,2135799;0,0973935;2,9033501;0,5266490;2,3002801;1,6657799;1,9442500;1,7356700;3,2357299;-1,7034900;0,9752250;-0,2512270;6,0998001;-2,0681100;-3,0591700;3,1837800;1,2068100;0,6569910;2,9354801;1,0942100;2,1926200;2,0943000;5,5785198;-0,0385623;4,2892399;0,0257502;-0,1950940;1,8718100;3,1577699;2,5532100;0,2463330;0,0535903;-0,4810490;-1,5709300;-2,7861600;-2,6751101;-3,9948800;-2,1131599;-1,2142000;-0,7016150;2,0234101;-1,7903301;0,0123701;-7,2958698;-5,2176299;-9,1982803;-7,1437602;-6,5646400;-8,4613705;-1,1177700;2,9626901;-1,4375300;-2,2202201;-4,6132102;-1,9435500;2,1493299;1,7147100;-0,3188260;1,1449500;1,8879400;0,6243540;-0,6455180;-1,1357800;1,7987300;1,3521100;4,9334602;3,4221399;1,3504400;2,8019600;3,1818800;2,2244201;3,4880900;3,1960299;3,2356999;2,9827001;3,2023101;4,6532798;3,5989499;2,2382400;0,8339710;0,5348880;0,7910650
863679;9876058;428101,400000000023283;5689418,099999999627471;336,7000122;0,0000000;-1,3193800;0,4408340;-3,4452400;-3,4208701;-4,0673699;-1,3082800;2,4165599;1,3034300;2,2905900;-2,4191599;1,2234300;-0,9253910;-1,1834500;0,3572130;4,5124698;-1,2058600;-1,3879000;-0,0470400;-1,9983000;-0,9018750;-0,1866490;2,8776100;-2,9926000;-2,5487700;-3,4761400;-5,1348400;-3,5232999;-2,2699299;-2,5089400;-0,8929470;-5,1538701;-6,6982999;-3,2814300;-0,7944480;-1,8812000;-6,7458100;-2,5905099;-3,1707499;-1,8372999;-1,1087900;-2,1487601;-3,4474199;-2,4930100;-0,9492860;-0,8058010;-1,4565600;-2,2905500;-2,6108699;-2,6677499;-2,4295299;-1,8778700;0,5489470;-0,5946040;-1,3032000;11,8256998;-1,4476900;-2,0590899;-1,0627100;-3,8261099;-0,5006790;-2,3986101;-1,8299500;-2,9433899;-1,2790200;-3,4770401;-6,5932999;-3,3235099;-5,5656199;-3,5974901;-0,7203720;-1,4805900;-3,6460299;-2,4956601;-4,8964100;-6,2222700;-3,3885400;-3,1662500;-3,3740499;-2,9363799;-6,6090298;-4,4468198;-2,4269199;-3,4727800;-2,4628601;-2,3967900;-1,9317200;-1,1760700;-6,4491200;-2,2704899;-3,6344700;-5,6515598;-2,0853400;-5,4060502;-1,2234000;-4,5891700;-4,8662901;-4,8849702;-3,6979699;-4,4115701;-6,3776999;-4,7805800;-5,6481099;-9,4817200;13,1912003;12,2784004;12,2009001;11,2470999;11,8488998;11,4940996;11,8163004;9,9181499;9,9667902;11,0253000;9,1034698;9,2098198;9,2834396;9,2913504;8,5957499;8,2812500;7,4281902;5,1492600;10,9281998;7,8316202;11,5478001;10,5171003;9,7770100;9,5283098;9,9482698;10,1644001;4,4798398;6,9669299;9,9595499;3,1471500;5,5099001;6,3334899;5,0815001;7,8798599;6,0659399;8,1321802;4,5546498;6,3629298;3,9090400;4,3650899;1,7076900;5,2884898;2,2754700;5,7994299;3,6922400;5,2150202;5,9955001;8,0679703;0,9594030;3,5197899;0,7757640;8,1052799;3,1345401;7,2241502;7,3067598;4,1628098;5,5147800;3,8604600;5,4511800;3,5857501;3,4493001;6,3524199;1,1028100;11,2247000;5,9642401;8,0397501;4,3142800;2,3743701;3,7861800;5,3418999;4,4280500;2,5355201;3,3790801;2,1502700;5,7524099;4,5525398;3,8313501;1,4380400;3,3180499;4,1189299;4,6096101;5,9530401;4,6735601;7,7972202;2,3116601;2,6316400;2,5804999;3,0471799;2,0433199;-0,0160148;0,9146050;1,6528900;2,3317201;-1,0226500;5,0284100;1,5573100;-0,8464020;-4,3510199;-4,2326798;-0,2029940;-0,8521040;2,4234200;2,6159799;-0,7255260;-1,0218199;-0,0649147;-1,8328201;3,0628500;-0,2002740;0,0578184;0,8313680;0,8643410;1,7984600;-0,2364400;2,3948500;0,8088040;1,2474600;0,4718090;1,3465600;1,0500799;-0,2958300;0,3977960;-3,1322501;-1,1573400;-0,5059680;0,4613050;0,5069160;-0,8349700;-0,9610340;-1,3466700;-2,3985100;-1,2632200;-2,0479801;-2,1973500;0,1602570;0,3379720;-1,2020400;-2,5637100;0,3341110;-0,4723900;-0,3563200;-3,8462999;-4,3368402;-3,9808300;-4,2395101;-2,7013099;-0,6528240;-0,9180630;-2,1428101;-5,0588999;0,6576790;-1,9135700;-6,0094900;-2,3726900;0,5654450;-2,8705499;-0,9190830;0,4437350;3,0489399;-0,7523470;-1,1444900;1,1003200;-0,2579090;-0,6583500;-1,9080800;-0,1274060;-2,5430901;0,1025970;0,3113630;-0,5042670;-1,1467500;-1,8147600;-0,6936310;-0,7750030;-1,5517600;-1,0500000;-1,3262399;0,9926880
863680;9876059;428395,900000000023283;5689472,400000000372529;273,8999939;0,0000000;2,3720200;3,7945099;0,8084740;0,8658260;1,5099900;0,3207940;1,9084800;4,0825300;2,7990301;4,2714801;3,9603400;-0,1027250;4,9091301;1,8218700;5,8701701;6,5184102;6,9308200;3,9591401;5,8388901;2,4288900;3,8085101;3,9620099;2,8067000;-2,6642699;-6,5924902;-0,5716200;-0,7845950;-2,6966500;0,9041710;-1,3188900;4,4671202;5,1717000;-8,3722095;2,9236901;5,6589999;5,2230701;7,5548501;-0,8431240;1,5088900;5,6177201;-0,0401714;5,9117999;6,5925698;4,4216399;6,1277299;-3,2722700;-6,3752198;-2,2019300;6,1100798;2,6192501;-0,3769900;2,2072999;3,8009000;9,2159300;3,7697101;-1,4884300;0,4404520;5,1535101;-4,1752200;0,1322870;-1,1231000;1,8107400;5,8934398;1,7208900;12,5466003;9,5180702;7,8744502;7,5609298;-4,3037200;2,0232301;8,5921001;5,6971302;-3,5402200;10,8736000;0,1394150;-2,2302999;-1,5627400;-2,9589601;-1,4300700;-5,7062602;-4,5920901;-2,3525200;-6,0432801;-2,5253999;1,9196500;-5,1935501;0,1888430;-3,2678800;0,8010670;1,5698700;-3,4060199;1,5926900;-2,5077200;-8,1906404;0,0696573;-4,5182199;1,0719399;-1,9508500;-5,0186000;-4,6933599;-2,8092899;-3,0234599;-3,1639199;-2,3329799;-2,4964800;-1,2651700;-7,5434799;-4,1642098;-5,0609999;-1,6154000;-2,1144300;-5,3256202;-3,9196701;-2,4251399;-2,1015100;-2,0738800;-1,9711400;-8,3585701;-3,5606201;-0,2118870;-2,7880399;-2,4770801;-8,6501598;-1,0296000;-4,6642900;-1,1106000;-4,2216501;-0,8379170;-0,9791070;-1,7593600;-3,0447800;-1,7021600;-3,1243701;-1,2110699;-3,4409599;-1,0699300;-1,5549200;-4,3998199;1,4579000;-5,0917602;-4,6585398;-3,3812799;-3,6050501;-1,8439699;-3,1152201;0,8397580;-3,5938399;-2,4298100;-1,6620400;-5,7201200;-0,3300460;-2,3458400;-2,8553400;-2,2764001;-1,3083800;0,0735757;-1,0713400;-1,2906899;-4,8629899;-0,2550380;-2,5681200;-0,1017650;-3,3843701;-0,8160620;-4,6567502;-3,6361799;-2,1264601;-4,1738701;1,6382000;-3,2736001;-3,8472099;-10,0309000;-1,0033700;-7,5555201;-2,6447899;-2,0187299;-3,2559900;-2,4958799;-5,0946202;-7,8703699;-5,7446899;-5,5779300;-4,9609699;-3,3813601;-7,2553501;-5,3618898;-0,3668950;-1,7511600;-2,8133900;-2,2305601;-1,4374100;0,6266420;-0,6549660;0,1667850;7,1872101;-3,0252700;-10,9833002;2,7953000;-1,0732300;-0,2180870;-0,6973900;-0,9066430;0,2849200;2,0063300;-0,4604960;-0,1168690;2,3988500;0,0820389;-6,1204801;-2,6814401;-2,0230601;-2,0973499;0,7408500;1,3252600;1,7975000;-0,7997200;-1,3518600;2,1046600;0,1401920;-6,0231600;-0,5954520;-4,0501800;-0,2745060;-0,1827420;-3,3417699;-8,1689596;-7,4180198;-3,7577801;-5,0746398;-6,8700299;-3,7562799;-1,6005599;-0,8471560;-1,4756900;-2,0811300;-2,9587901;-1,2370800;1,3851000;0,1878520;1,2593000;-4,5970898;-4,9543800;-3,9686899;-1,2799300;-2,8685801;-5,0840001;1,4512700;2,1749401;2,7683301;-22,8218994;-0,5478440;1,8169000;3,0191300;4,1273999;0,6077550;-1,7340400;1,9137599;6,0974202;0,0890489;-16,0097008;0,8821430;2,1639199;6,2758398;-11,9267998;8,7608404;-9,4890699;-3,1287000;0,1404490;7,1827102;2,8384600;3,8576601;-11,5228996;-5,7902098;5,4882998;1,6274400;-15,1554003;0,3132200;1,9101599;-0,4872200;-4,9922800;-15,5664997
863831;9876218;428046,799999999988358;5689440,299999999813735;329,6000061;0,0000000;-2,6965001;1,3060400;0,4583000;5,6491098;-3,8225400;-6,8777699;10,7100000;6,9056001;6,8930402;3,7846799;5,7988300;6,2742200;6,0616798;6,7018900;8,4413500;3,1066899;-0,3312630;13,6949997;-8,7631197;6,0056701;3,9008501;3,6260800;4,8567400;8,1010904;4,4535298;3,9376900;6,4180298;7,7043300;14,2066002;5,4742799;2,4080801;1,3930100;6,0520601;4,7410598;4,3820100;4,2693200;1,0871300;1,7969700;3,5361900;3,4281199;4,0753598;1,1110300;3,5756299;2,9905701;2,9907501;2,1492100;1,3332700;1,3091400;-0,0465906;1,7530600;2,3039701;2,6262600;4,2519002;6,0928898;1,8912600;2,7391500;3,5736499;0,8388740;1,0386200;2,7919900;1,6520400;1,9622900;0,6845840;2,5194199;0,9970670;-0,1522580;-0,1501850;-0,9723650;0,2010840;0,6078300;-0,6850280;1,6727300;-1,2361701;-2,0499001;-3,7366600;0,5622580;1,8868700;-2,1166999;-0,8406200;-5,7537799;2,4057200;0,3769920;-0,3495350;0,3367480;0,4599120;2,2819099;0,3554150;-1,1589200;1,7736900;1,2352300;-0,1934380;1,1601400;2,4510200;3,1169400;4,2853498;1,3249700;3,8136499;5,1359100;7,6285501;2,3032200;3,0152800;1,9177400;1,5778000;2,2077899;1,5143600;3,0535400;2,4934900;1,6635300;2,1887100;2,4978199;3,7652099;-1,3627000;-0,1710030;-5,4962702;0,3942680;1,9370000;2,8461599;-0,2834910;0,8568080;2,1693299;0,9912330;0,8077740;4,9870901;0,7294050;0,7511580;1,4873101;2,5938599;1,5069900;-0,3716120;0,5979310;-0,2232060;1,9582000;-1,6866200;-1,0394200;-1,3882700;-4,0639801;-1,0912600;1,6996000;-4,6309299;0,4845770;2,6405599;0,6774190;0,3226950;0,3335460;-1,9730500;2,5991099;1,9104400;3,4496400;2,3863399;2,6130700;1,4044200;2,2210400;2,8888500;1,2623700;2,3407700;1,9344400;1,5068500;3,3415000;2,5224600;2,8439000;2,8285401;2,8049500;2,8414700;3,3461900;3,5875399;1,6687900;4,2473001;3,1629400;2,4585400;2,2491500;1,3815399;0,1300980;1,2781500;2,4847500;1,9997200;2,0919001;1,6781000;0,8106730;2,0347099;2,4508901;1,5940000;2,5591400;4,0766301;2,0728700;4,2073698;2,9828601;2,6646199;3,8078401;5,2328401;8,2384701;7,8740401;6,1840501;2,3492801;1,6019700;3,7521300;4,0002398;5,5044298;5,2710199;4,8528399;3,9763701;1,7734300;1,9710500;1,8763300;1,0425700;3,1384699;2,0159900;1,7029200;1,2145200;2,9781899;1,6068200;3,2365799;1,3011000;1,8005199;1,3105500;2,5228701;1,5954000;1,4890900;3,2305100;1,7384900;2,1821001;1,2467500;3,5405400;1,5847200;2,3697801;1,7158099;1,9628299;2,7598100;3,0236499;2,5322499;3,7306399;2,2147200;2,5713601;-0,0161631;-2,2646201;0,0616422;-2,3215799;-3,0491600;-2,8645799;-3,6057301;-2,9350400;-4,9886599;-6,2567401;-0,4669940;-6,6653600;-3,4998801;-0,3942310;0,4954210;-0,4872920;4,0299702;-23,0962009;-0,4165930;2,3468001;0,8017020;1,2558399;3,1775601;0,3681020;-0,7932450;-1,4271899;-2,4539599;1,6747900;2,4016399;-1,4767300;2,3726499;1,8533400;-0,0564880;-0,2403270;1,6388100;2,9685500;3,2569399;3,4115701;1,9176100;1,7652700;-0,3790330;-0,6824110;0,9104290;0,6086930;1,5168300;0,8006660;0,8215610;0,8884350;0,3858080
863885;9876275;428042,099999999976717;5689447,200000000186265;332,5000000;0,0000000;0,0434064;4,3561001;1,1677200;3,2961500;5,1455698;2,7776899;4,0850301;2,4342599;-0,9826200;3,3464100;3,6559100;-0,5943410;0,7738710;1,5129300;4,7965398;1,2520400;2,5337400;1,6577801;1,2786800;1,9068100;-1,6311800;-2,4148300;-5,3699198;0,7026480;1,9657800;3,1245601;0,7393010;-2,8040800;1,5067900;-0,3916410;-0,3140590;-0,3324480;4,9122801;3,0260201;-0,4911310;0,1170870;-0,9990210;-0,4031530;1,0941499;1,9547600;1,0935301;1,3515400;0,6216320;2,7705300;1,7410700;-2,1036601;0,3755990;-0,1838280;-0,9264550;-0,0703421;-2,1997600;0,3563040;1,4461000;-3,9267299;-2,3846600;-2,0209100;-0,5748780;-1,3900200;-3,0379000;-0,2234740;-2,5304501;-1,6137700;-0,4757440;-1,7242900;-0,4837750;1,3438600;1,0278400;0,6378000;-0,5221030;0,5218610;0,6756260;-0,7563510;-0,2910170;0,3474890;0,8874940;1,6458100;0,3702100;0,8599970;-0,9994260;-1,7164800;0,6901680;-1,1899600;-0,0539769;-1,5842400;-0,9271980;-2,3884699;-0,2895550;-0,4152300;1,6412801;-0,2923710;0,5771920;2,4341400;0,5410730;-1,9838901;-0,5826310;-1,9031100;0,5642780;0,2981600;-0,0802814;-2,9689901;-3,2509999;-2,9939001;-1,9761300;-1,9863100;-0,5359330;-2,4466400;-1,4289700;-1,9782300;-2,8820000;-0,5832150;-1,5891200;-2,5345199;2,1007500;5,5284300;5,0492802;0,9154140;-0,2964960;-0,5038230;-3,2365201;-0,3317980;-2,1691000;-0,2330280;0,2397100;-0,9646790;-0,8857870;-2,8724301;-1,9174000;-4,5361600;4,2676802;2,2698801;3,1544700;5,0715399;1,8796099;3,6856899;2,8605299;4,9307399;3,8189099;3,8089001;2,7086101;2,4695001;1,7485700;5,1777000;4,8929601;6,3933702;2,6430299;1,1729300;3,1958699;0,7154130;0,9348550;0,4859600;0,4113490;0,8853130;1,4499100;-1,3586000;2,0571599;-0,7104560;0,5658670;-0,6143380;-1,6754600;-1,3881100;-0,9135460;-1,0263100;-1,0385900;-1,4597600;-1,1173500;-2,5049701;-1,1597800;-2,1603799;-0,6302280;-2,1245799;-3,2292900;-3,7460999;-2,6693201;-2,4291201;-3,4219201;-2,4848499;-1,6892600;-2,5448000;-2,6948600;-3,3121800;-4,3235698;-4,4103699;-2,3866501;-2,1073201;-1,6151700;-1,6408200;-1,1790600;1,6024700;1,0344800;0,7428090;-1,5261000;-0,1492380;-1,7750900;-2,4487000;2,7032800;1,2892801;-1,0325300;-0,5430100;-1,6017300;-2,4388199;-1,1827800;-1,0377600;-0,8662070;-0,4274900;-0,1441530;-2,1479399;-0,3001700;-0,6524910;-0,7454000;-2,1120999;-0,2384500;0,4727370;-1,7514800;-2,6622500;-1,4688600;-0,0556240;-1,5758100;0,4062060;-0,6275440;-1,9092000;-2,2389600;-3,0418200;0,5473620;0,5947820;-1,2482700;-3,1534400;-1,5436400;-2,2981701;-1,4697000;-2,1476300;-1,6194299;-0,2608160;3,9145501;2,0098000;4,7999101;1,9553400;0,2896080;2,3959999;3,5335200;2,4697499;-11,6870003;-4,9590602;4,0679598;1,3137100;-0,0573223;-0,4754110;-1,2981000;-0,7094600;0,6198400;1,4027600;1,1695300;-2,5163200;2,9102399;0,7223340;2,0021601;0,0899873;2,4291101;2,2705801;1,5265100;-2,7095399;0,7950720;0,2462020;0,8597610;2,0576899;1,4826400;2,1442001;-0,3639320;0,2624570;1,1266100;1,1719800;1,1354100;-0,8478460;-1,7034900;-0,9996640;0,1906940;-1,0975000;-3,1139901;-2,3393700;-3,6615601;-3,6050601;-4,3098898
863935;9876328;428027,900000000023283;5689459,599999999627471;330,2999878;0,0000000;0,6672040;4,4249501;1,5789599;1,2036200;2,0978200;1,7197200;4,5354300;3,6214001;2,3647799;1,5095800;2,0743001;1,8632600;2,5477099;2,1467500;0,5460230;1,6615700;1,0130200;3,0255401;5,3541198;-0,4770350;1,7869000;3,0741501;0,0373971;4,1280999;2,4853001;2,5962999;3,0851200;1,3008699;2,1651599;1,1362799;1,4506900;1,7528900;5,9686999;3,7863500;0,3480730;2,7019701;2,5686100;1,9617000;0,2656410;1,1198400;1,7461300;1,0293601;1,1024400;0,6094710;1,9735500;0,6269810;0,5918690;-0,4301390;0,3989500;-0,0622977;0,7352610;1,6077700;-0,6280410;-2,4818799;3,8455901;-1,0212400;-0,0897610;-1,0331300;-0,6104720;0,2950970;-2,4361701;-2,1452501;-0,9498960;-3,0847600;-2,4493201;-2,0193400;-2,0748601;0,0425021;-3,6443601;-2,1269200;-1,7089700;1,7608900;0,1592850;-1,6077900;-2,3707399;0,3228240;0,5303830;0,2589180;-0,1744960;0,8791980;1,8299800;-0,0363013;1,3682300;-0,1788690;0,9356030;0,8446370;0,8436950;-2,1187100;1,0636100;0,1327580;0,2104430;0,3989110;0,2036180;-1,1060400;-1,5267600;-0,8440530;0,2945220;0,2892940;1,5375400;-0,6638620;0,9915280;-0,4820240;-0,8262700;-0,4490030;-0,5959690;-0,1538800;1,0399100;0,9232710;1,7614400;0,2987360;-0,0649347;-0,1681620;-0,4585790;1,9690800;1,8595800;1,8218600;0,3705450;0,8630820;1,0622300;0,6458360;0,5309970;0,5262120;0,4305010;0,3589680;-0,2584350;0,0036977;0,3939410;-0,2966580;0,0159245;0,1840670;-2,0035300;-0,6537650;-2,3877101;1,6052500;-3,5651300;-2,0059900;-1,5319099;-0,8174360;3,7436900;3,1752000;3,7532101;-1,1668500;-1,3649700;0,2826380;-0,9152030;1,0596100;0,0086058;-2,3725200;-2,2460799;-0,9226050;-2,3994100;-1,3376900;0,2804620;-2,2156401;1,0853900;-0,8973780;-0,4027700;-0,0464126;-0,2786990;0,3960910;0,1364810;-0,0957890;-0,4922850;-0,8678280;-0,7812300;-1,9618900;0,1319770;-0,6346010;-0,2887260;-0,7948500;-1,5680500;-2,7428100;-0,1894870;-1,4865900;-2,0998900;-0,6588400;-1,3684000;-2,1236200;-0,6254830;-1,3106700;-1,3817500;-1,5822001;-0,5886960;-0,9295140;-0,5418370;-1,7475400;-0,9048610;-0,7025980;-0,2785800;0,9539310;-1,7086300;-0,1669690;-0,8195790;-0,6036080;-0,3937190;-0,0692977;0,9355770;0,0601749;0,5451800;-0,1444890;-2,0012000;-0,6624760;-1,6697600;-0,5801420;-1,8930500;-2,4148099;-0,8257330;-2,0905800;-1,2933300;-1,6386100;1,3404500;1,1918401;-2,1326001;-1,3441700;-2,4433300;-1,2301600;-1,0677100;-0,2126270;-1,3710400;-1,3878900;-1,7468899;-1,5115100;-1,7232800;-1,6815400;-2,3522699;-2,8915701;-0,0557278;-0,6962850;-0,4555960;-1,6730800;-0,7966460;-2,1152999;1,3943599;-1,4718000;0,1209390;0,6075460;5,0861502;1,6838599;2,0951900;2,5164900;-1,3083200;-0,4764180;0,4280870;1,4951299;0,5830470;-1,0627900;0,5551800;-1,2757800;-0,6421700;3,1611900;-0,6238880;-2,0499499;-2,0675700;-2,2175500;-0,1556500;-1,1354500;-2,1303999;-4,2747698;-3,2827401;-1,2382600;-0,8700180;-2,0454700;0,3630150;-2,6520400;-0,5854220;-0,1874430;-0,6899710;0,3333540;-0,0765119;0,3311900;-0,4404450;-0,2305620;-2,0941999;-1,3301600;0,3453970;-0,2228900;0,0606046;-0,2327680;0,8986140;0,0364039;0,9186650
864071;9876475;427997,900000000023283;5689481,299999999813735;328,6000061;0,0000000;-2,2742300;-0,0591197;0,6254330;-5,8349600;0,9387450;-2,6574500;4,1618199;5,8799300;7,8308601;5,3029599;2,0911500;7,7436800;11,3337002;5,6866102;4,4360900;-3,6362200;2,0372701;1,4480700;2,7761300;1,6010400;-0,3332730;-4,4877100;-2,6474199;-0,7408570;-5,6617398;-3,3657401;0,2146710;2,7753201;2,1626401;1,1148400;7,3037300;6,3757300;6,7613702;8,3672199;8,4274397;7,4262800;7,1949902;7,6271000;5,4860702;6,4735799;6,3053598;5,1284900;4,5778599;5,7314801;3,9974599;4,5815301;4,7864799;4,4996800;4,5211601;2,3134699;4,0330901;3,7139900;2,7332399;-1,1798800;0,8511150;3,3172400;2,0979500;3,1282699;3,2693801;1,9103200;0,0309753;1,1326200;3,0711999;0,2775730;3,6623299;4,6991901;3,9842701;4,0686202;-3,6493101;6,0392199;2,4799099;4,4503598;2,7630401;3,5153201;3,3601000;4,1009002;2,3148301;1,7469400;1,6573000;2,2090900;2,3533299;3,0619299;3,8006001;2,3833599;3,0499301;2,8878000;2,3470199;3,3042099;6,8894200;6,1844101;5,8683500;3,2133801;3,3122399;3,2169199;4,3412700;2,8414299;4,7800298;3,9677801;8,2826405;7,0845699;6,9181099;5,3797598;5,9799500;4,2362299;0,7288970;0,6663590;4,5794601;1,2731800;3,2741599;2,5118799;4,9794698;1,8413000;3,6355600;3,8595500;3,0139501;3,6204300;2,1224899;2,1062100;0,9121600;-0,6207880;-0,1386800;2,8604801;1,7492599;1,8260601;1,3795100;-1,4149801;1,3749900;1,5961500;-0,2579950;-1,2557300;-1,2336299;-2,6032600;-4,6599302;-2,7282200;-2,5281000;-4,3000798;-0,7285690;-0,7652760;-0,5789730;-2,0607500;-1,6191000;-3,0237401;-3,0198300;-3,0343399;1,1896900;4,4768801;6,0803599;3,0418000;3,1021800;3,9409900;2,9370301;3,7803099;2,5392699;4,4137502;5,9746099;3,2978699;0,9179810;3,1066201;2,5439000;2,8015900;3,3813200;4,1290498;2,7442300;2,9331601;1,5858001;-0,1634070;2,4888999;-1,3367400;0,8548110;-0,9242520;-2,0141599;-3,9453900;1,0379200;0,3551610;-0,1834020;1,1659300;1,9225800;1,3944600;0,6975220;0,7189430;0,6089130;2,0115099;-0,3276210;2,0025301;3,8632901;6,3603001;3,2502699;1,7107100;1,9293700;2,9960001;2,2605400;2,3839900;2,4735200;3,0741899;3,3657100;3,4899800;3,9463100;1,1958100;5,7564998;5,3206801;0,7322900;3,9008999;3,5452600;3,4524100;3,7499800;3,4997499;1,5403900;3,0962501;2,5841300;2,4072599;1,9309800;2,9642701;2,5741899;2,6251500;3,4408000;3,7580199;0,6782330;3,3918500;3,7485700;2,1326599;1,6295100;0,8042000;2,8718700;3,2921600;4,1073098;2,4572201;4,6132102;5,4118400;5,6501899;3,5831101;3,8671000;1,5155300;1,2493600;2,7275600;3,1251299;1,2674700;0,6272230;2,4421501;1,4634600;1,7141000;0,6250900;-1,0943201;1,3406399;0,1322980;-3,5515001;-1,2163800;-0,4048450;-0,3787400;1,5590400;-21,2759991;2,2348199;1,2124000;0,3315370;1,0630800;3,7681701;3,2526400;1,2254100;0,5794900;1,7207100;-1,3431300;-0,8796850;0,7204990;0,1285580;2,1515701;2,9726100;3,0669000;4,3922400;2,9010401;0,8455810;4,0672498;1,6497900;0,7525590;0,4900220;-1,2623500;-0,1202220;1,0471100;-1,1598300;-1,0449899;-2,1401000;-2,7250500;-2,3069201
864115;9876522;427989,500000000000000;5689491,799999999813735;330,7000122;0,0000000;-0,6816130;-0,4570890;3,5190599;0,9326600;3,1807101;2,0591900;-8,9369297;4,8052502;1,3796999;4,0840101;6,5833902;3,9013400;5,9144001;2,4298000;11,3929005;3,5897200;2,5289700;3,5258999;0,7518470;3,1151600;2,8018200;2,8415699;0,5506460;5,2841301;5,1443501;6,8059001;5,5958200;5,0820899;5,7033401;6,2817402;6,1796498;5,2882800;-7,1941299;11,8680000;-3,8216500;0,9258760;8,6465702;1,5352200;3,8105400;6,6772399;3,2116599;3,8301599;4,2975302;6,0002999;4,5546298;3,9197600;6,5572801;5,2282901;5,3899999;3,5149100;4,0352302;4,8989501;5,2196698;1,5745400;5,5213900;2,2724400;4,7062302;1,8150700;2,7362499;2,9303200;3,0438399;2,3605900;2,9805701;2,4837501;3,7214301;2,8784101;4,1804399;3,5666699;3,6880000;5,6420398;5,2829399;3,0936999;2,3627400;0,9532430;2,6299901;2,7001300;2,1676800;1,8703500;2,9899001;-0,4586770;3,9483500;-0,3113570;0,4810910;2,3141201;5,0042601;2,9318099;3,5083001;1,0162700;2,5891399;2,9044700;3,4594800;4,6695199;1,2999400;-0,0688963;3,1077001;2,0163300;4,1471901;7,9005599;6,3943400;2,2580199;2,6639199;1,8074000;3,1776800;4,1205602;3,9857600;3,2108901;6,1861501;5,4752898;5,7069101;4,5813198;1,9050699;-0,1527020;1,3233900;5,1494699;1,9396000;4,2847099;4,2481198;4,3247199;2,9667301;3,4089401;3,4185801;2,8777201;4,2549400;2,8922701;3,5465701;3,1616099;3,8105700;3,3045199;4,0196400;4,8069201;3,7078500;5,4496002;1,0279700;1,6475101;4,7306399;5,1210699;3,1115601;1,4310900;6,1005402;1,1644800;7,2695098;2,5909700;3,1328599;5,1679001;4,9148502;6,3181200;6,3876500;3,6687000;4,5580101;2,5609300;2,5250101;4,5946298;3,7637000;4,3285899;5,1375899;2,5228801;3,3704700;3,3805799;2,9970100;4,4885101;2,3125100;4,8956099;1,8124200;2,8124900;0,5070160;1,1924800;3,3714001;0,6699380;2,9221301;1,5497500;1,6937600;-0,3510150;1,1737700;1,1758600;2,4340401;3,0970099;3,3882501;4,9583902;3,8323901;3,0560200;0,5816650;2,7331100;3,3226399;4,2647200;5,9806299;6,1123700;7,9871101;6,9096999;6,1014299;7,6174302;6,6253800;2,8037300;4,7757101;5,2185502;10,5890999;8,5366602;3,8023300;4,5181298;7,8835402;6,8439898;3,9024899;3,8347001;3,9339700;5,7233801;6,4796200;5,6908798;6,2804499;6,5633001;4,9042602;4,8076401;3,7945700;3,6175001;4,7611499;5,5935102;5,3660302;5,5868802;4,1680598;6,5108199;4,6406498;3,8031900;3,8205199;2,4113901;4,8863502;3,7427599;4,8222098;1,3957601;3,5401800;5,4072700;6,2803302;3,9073200;8,6026001;6,0315199;5,8712401;1,6796800;2,7813699;1,8320800;3,7954600;3,3176000;1,3711200;0,2505510;-2,6492100;-1,3587101;2,1481600;5,0631199;6,3233700;3,7280099;6,1109800;9,8033104;7,5988302;8,3659296;6,4412999;9,3247700;8,4357204;7,4516902;9,5941000;7,0104399;4,6451802;4,5217900;4,1080399;5,6272802;4,4892502;4,6809902;5,1004901;4,9378800;4,7924700;4,7997098;5,1713700;6,5760002;4,1966901;6,0935998;3,7937801;3,5827000;4,5426102;3,0228801;5,8567700;4,4619699;3,9505899;2,2225800;3,4228401;3,7708099;3,3194900
864116;9876523;428009,000000000000000;5689496,799999999813735;334,2000122;0,0000000;3,6802001;6,0839200;1,6164600;-8,3560600;-6,4534898;-2,8866301;3,5969000;-4,2728601;-14,2354002;-0,1155730;1,9880500;-0,1202600;0,6334170;4,8382802;5,7454100;-0,0781997;0,1705280;7,3089199;-2,1105001;-0,7789370;6,2040100;-3,4001000;-1,3923600;-0,9017040;-7,7795601;1,5569800;-0,4281060;0,8675880;1,9287699;-1,6924900;-1,9181900;-13,6810999;5,4693799;2,4244299;-0,3546810;1,1759501;0,9044950;-0,3964540;-0,6127490;2,4238999;2,6981499;4,3388200;4,8314500;6,3762398;1,9295200;-7,3112001;2,9484999;0,5770560;2,6979201;4,3081999;12,5846004;-1,4769599;6,7182798;-5,4449000;-3,8085599;-9,0248404;-3,0389500;-2,6041701;-1,0164500;-3,1877799;-2,2578399;-1,3973900;-0,3155560;-5,1912599;-1,5205300;-3,9862900;-3,6678500;-4,7139902;-0,5967040;-0,7154120;-2,3926301;-2,3463600;-6,5858698;-8,0739698;-6,6019602;7,2830200;-3,4297400;-2,7681401;-2,1088200;-1,3190500;1,8502899;-4,1211901;-4,7815099;-0,7720620;0,9153630;-13,5755997;-6,7977400;6,9441400;5,9849100;-4,9690599;-11,3042002;-1,3575200;-0,5500550;2,0708499;3,7431800;2,7085500;-1,9869200;-1,8852299;5,1234798;2,2580400;-3,9822099;-1,6797000;-2,8233199;3,2176299;3,7134199;3,0153100;6,8187399;6,2535801;8,2924404;4,2252898;8,0724697;6,2550802;8,4501200;4,5868902;2,9278500;3,1403899;-10,5531998;7,6375098;-3,1722000;-8,3015203;-6,5936098;-0,9453350;3,3526101;-2,9090199;-0,3691890;-3,9874499;-1,6436800;-2,2741301;3,6256399;-0,2891740;1,8582600;1,8427300;-1,6779100;2,0530801;-3,1835499;-1,0464700;-3,1421700;-0,5501600;2,3541501;-8,3274403;-5,6296000;-12,7987003;1,8683300;2,5222499;-4,0260401;-3,5978899;0,1600860;-1,3146900;10,3578997;-7,6707201;-1,9349900;2,5048101;-0,2935030;4,6188202;3,2263999;2,6647401;2,3494401;3,0274000;5,1539602;4,2292700;1,2033499;2,7861199;-0,1266720;-1,0503000;-5,5317998;0,1620480;1,5511800;4,3923402;4,2972999;1,6171800;-3,1691999;-0,1477510;-0,0461830;1,1523900;-1,9385700;4,1797800;3,1943800;2,0539899;1,3541900;4,4945898;2,0013399;1,2281700;1,0413300;-0,8165390;2,5431600;-13,1609001;-13,7793999;8,0805101;0,9003680;2,0820501;2,5452800;-1,0005000;-3,6805501;-2,2238600;2,2135401;1,0041600;-4,0767798;2,1815701;-3,4075601;-2,6158700;-4,3072400;-3,5653100;-1,6835400;-5,2858200;-3,6112299;0,3492860;-0,3008750;0,4425870;2,0807300;0,9795710;1,3640300;2,1492701;-0,6822540;2,6498201;1,1242900;0,4872650;0,5823190;1,6447999;0,5106900;-1,0756600;-2,9470401;3,1386001;0,2416630;0,8045350;2,0292301;-0,4828270;0,1846880;0,4795700;0,3620810;-2,3377700;0,8502580;0,5117930;0,5742780;-0,8573380;0,4417980;-0,0847178;1,2101901;-1,1807400;-0,4315150;-0,6278590;-3,1569300;-11,7756996;3,4905500;0,8285610;-2,0453100;-0,0946815;-0,5335000;-4,2978902;-0,8821160;-24,3556995;0,1969780;0,7175120;-0,5344470;-0,1962600;-3,3736801;-3,9863701;-4,9333401;-4,9201598;-4,7698498;3,1723599;0,3658220;-5,9290700;-1,3635499;0,3633390;12,3936005;5,8120198;2,5992100;2,4102199;-1,3716700;3,2126501;2,7665200;2,8375700;1,6930900;-0,6268090;2,1324201;1,4179000;1,8601400;2,4295299;1,8548800;1,6782700;1,9060301
864160;9876571;427976,400000000023283;5689503,400000000372529;328,7000122;0,0000000;-2,5425301;-7,0097198;-6,2896399;-5,1129899;-5,0640302;-4,7269502;-6,4108601;-6,5378299;-5,6023102;-5,9594202;-7,9548302;-4,7564998;-4,7837000;-4,9757199;-6,1311998;-4,6550102;-3,7714901;0,0650053;-5,7696199;-1,7071400;-4,2279501;-1,6358000;-2,3316500;-2,4459000;-1,2624600;-2,2692800;-2,3046200;-5,7607698;-7,5100999;-6,4408498;-6,5460701;-6,1445599;-5,1394401;-6,0724201;-6,9436598;-6,4295702;-4,7143102;-4,3887501;-6,0913000;-6,1815600;-5,9736099;-6,7052598;-5,8574500;-8,0719204;-6,9598999;-5,9925098;-5,8688598;-6,9827800;-6,3199701;-7,4079700;-6,5847802;-5,8673501;-7,6413798;-7,9918499;-5,4475999;-7,0080099;-7,6964002;-6,6212201;-6,7581801;-8,4798603;-9,4968796;-9,7230597;-7,2518802;-8,7674398;-6,5626302;-5,7440300;-6,2089200;-6,2414899;-9,1669397;-7,6632600;-6,8561201;-9,1730804;-7,1647301;-8,4184399;-7,5547900;-7,6781101;-7,3016400;-7,0604601;-7,3140802;-6,4104300;-10,2104998;-8,2141304;-6,8548899;-6,8722000;-8,0435104;-8,7771397;-9,9983101;-9,7996101;-9,4346104;-7,6134400;-5,4643798;-7,0737100;-3,1477001;-5,9419699;-8,9588299;-6,9026098;-9,9679298;-5,2828698;-10,1949997;-8,7674904;-5,7602000;-6,8709798;-6,4457202;-5,3325500;-6,8325801;-7,5324502;-7,1330700;-6,0723300;-7,0241699;-6,9906802;-6,5868101;-7,0864601;-6,1418099;-7,6476498;-7,2120800;-6,9726400;-7,8029399;-7,7904902;-7,2520800;-8,2690001;-9,2205000;-7,9210701;-7,8359699;-9,0410700;-9,1768703;-10,7075996;-14,1856003;-11,9272003;-7,7195401;-9,8879099;-8,9857702;-7,9467602;-7,4048200;-11,8804998;-10,8301001;-11,4063997;-12,4600000;-13,9202995;-13,4807997;-11,5410995;-20,1963997;-7,5355101;-7,1630101;-9,9044304;-7,2702599;-8,0749302;-8,9837503;-7,9342098;-7,4405499;-6,8880501;-7,4061399;-8,1983700;-8,0243502;-7,1953201;-5,1556101;-6,1816001;-8,1681805;-7,2060900;-7,3971000;-6,3673701;-6,8624301;-5,9472899;-6,6240702;-8,1268501;-7,6975598;-7,0283799;-7,7152200;-6,6471500;-7,5397401;-6,9795299;-7,5747800;-9,7692604;-7,9770098;-8,7387505;-8,5786505;-8,5331602;-9,0518398;-8,5829000;-8,5870600;-9,1546297;-8,5508404;-9,5272598;-9,2407904;-10,4062004;-10,0531998;-10,9392004;-10,0570002;-9,5824699;-9,3524799;-10,8683996;-10,0605001;-10,9259996;-10,2296000;-10,8288002;-9,6117096;-9,7985497;-9,0126801;-10,6274004;-6,6490002;-7,5370402;-8,3034201;-8,6709995;-7,4131198;-7,7207198;-6,4204502;-6,8067799;-6,3610902;-5,8401399;-5,1158099;-5,7534800;-5,0335398;-6,9776502;-5,7752299;-6,8281999;-5,5708399;-6,5671701;-7,1146102;-4,9276199;-5,7496500;-6,3976102;-7,4708800;-7,4462600;-5,8396101;-5,8984699;-6,5256200;-7,4130802;-7,7070899;-8,4656897;-7,2333798;-9,2454500;-8,0196800;-7,0729198;-3,2883301;-6,6049099;-7,1926599;-6,0372300;-7,8529701;-6,0328102;-6,1016302;-4,7383699;-5,5494199;-6,3664398;-7,7907701;-6,3688402;-8,5568705;-8,2503099;-10,5488997;-7,8629599;-8,7348099;-5,0684500;-9,6612396;-8,7525101;-9,1784401;-11,0495005;-9,5135899;-9,0920496;-7,8726602;-7,0936298;-9,5766401;-7,7315798;-6,3517199;-8,8284197;-8,3398399;-8,4353905;-7,1970901;-8,6065397;-6,7738199;-7,2139702;-7,3176098;-5,1256199;-8,1429300;-6,4820099;-8,6539803;-7,6469998;-8,3880901;-8,4253998;-8,1229401;-8,1268396;-6,9223800;-7,4540801;-6,6150599
864205;9876620;427969,400000000023283;5689507,400000000372529;330,3999939;0,0000000;-3,0227101;-8,8511696;-11,9344997;-18,5849991;-11,2173996;-8,4407501;-8,4961205;-7,2930498;-5,3043399;-7,8922100;-5,2492199;-4,2325802;-2,5658000;-4,2653899;-4,6363802;-16,3698006;-11,9181004;2,6398699;-3,1902800;-16,1805992;-6,7444501;-4,5547500;2,4153099;-1,8086200;-5,4945102;-16,7586002;-14,9956999;-10,3611002;-5,3845201;-5,0069599;-6,6123500;-10,0671997;-6,9686298;-7,8284702;-6,8699498;-5,1493301;-2,6192400;-3,8264000;-7,1549001;-4,7957001;-5,1124001;-4,2092400;-4,0369101;-3,4109800;-4,6994400;-5,5668998;-5,3357701;-5,6657000;-4,3976598;-5,4691200;-5,6897302;-4,8640900;-6,6575198;-8,1734304;-15,6865997;-6,2511702;-6,0389099;-6,1412001;-6,6394200;-7,9245801;-7,9311299;-5,5163798;-7,7930899;-6,2622199;-7,8026700;-5,7810402;-4,0142102;-4,6345601;-5,8859601;-4,6185002;-5,8396201;-2,8873799;-3,6561601;-3,5614100;-4,1599798;-5,6351700;-4,9620199;-5,1710000;-4,9984698;-9,2778597;-5,1321602;-5,2416902;-5,8056202;-3,5300500;-4,0596900;-3,0697701;-4,2376399;-7,1114202;-5,2195601;-6,0377498;-2,3856699;-2,1714499;-3,1446300;-5,7994900;-3,3624599;-5,1561899;-4,9715500;-5,7214899;-4,7174401;-5,3065600;-2,8646200;-4,0508699;-4,1177101;-4,7022700;-5,2829199;-13,3640003;0,2789350;-3,7581501;-7,6172600;-4,2229400;-4,4459500;-3,4063799;6,5703902;1,2093300;0,5894050;-3,3754599;3,7809300;3,9051299;5,8000698;-18,5933990;-1,4487100;3,3195601;-0,0150661;-3,3249800;-9,1810799;-1,6220000;-7,7539902;-17,8486996;-18,4997997;-16,2842007;-14,9652996;-15,8984003;1,2602500;-13,5937004;-15,9176998;-15,6598997;-4,9883399;-11,1765003;-13,1076002;3,5967801;7,0562201;-16,4561996;-7,9565301;-6,5228400;-2,4149201;-6,0235701;-0,5544760;-5,3725300;-3,1999900;-2,9628000;-5,7706599;-3,6068599;-4,9412999;-6,6911802;-3,8312500;-7,3725200;-7,0070601;-5,6646299;-3,9130499;-4,9573002;-5,4665599;-4,5281000;-5,7729602;-5,3604398;-5,5955200;-7,0413699;-5,4753199;-7,1946402;-6,8720398;-8,3763399;-8,5826797;-10,1673002;-7,1480699;-6,3345599;-8,0124102;-7,9070101;-5,6550798;-6,5346498;-5,5115800;-5,7575402;-7,3628402;-6,8728600;-5,8813901;-6,3060398;-5,8682098;-5,0021300;-9,0965500;-6,6390400;-7,2262998;-5,5248299;-7,1623302;-8,0769701;-7,8680601;-9,7179699;-7,6725402;-11,6191998;-5,8356800;-7,7378101;-5,6757398;-5,3108702;-8,8064604;-5,9421201;-7,0995598;-3,6250601;-1,0857199;-6,1834302;-6,3870001;-6,5253401;-7,3537998;-7,2600698;-8,3499002;-5,3750000;-8,5007000;-6,9608898;-5,0124102;-6,9780898;-5,0203400;-3,3216300;-3,7536600;-6,0262499;-5,9494901;-6,5074000;-5,2182798;-5,7578301;-6,0984998;-6,0991302;-5,6418500;-5,4968901;-5,5739198;-4,9173498;-5,1551700;-4,9323401;-13,2019997;-20,0960007;-21,5021000;-14,9054003;4,7304301;-9,7968197;-16,0632000;-8,5410805;-12,9102001;-15,0228996;-18,7758007;-16,4682999;5,1134901;3,4671400;-20,3271008;-17,6184006;0,6425110;-13,4994001;-10,6415997;-5,6443400;-7,9821501;-4,0729499;-3,6413901;-6,9405799;-6,1541600;-5,7974300;-4,9008999;-3,6803601;-3,9631801;-5,5031600;-3,7545600;-4,0102000;-6,4903998;-5,4111099;-5,2174001;-4,1548100;-4,1961699;-2,9254301;-5,2900100;-4,7610502;-6,3654199;-5,1968999;-4,5496802;-5,5179000;-5,0618801;-4,6668501;-6,2761002;-6,2909198;-6,8985300
864309;9876740;427946,900000000023283;5689523,599999999627471;327,0000000;0,0000000;-2,4120300;0,8687140;-1,2313700;-1,7016100;4,2013502;13,7367001;18,6072998;12,9089003;10,9773998;9,2110300;11,3170996;14,3552999;10,2900000;10,1998997;11,6654997;12,1925001;7,0294099;3,7522800;-4,8403301;6,7588000;0,5187400;1,8774600;11,9249001;-0,3949340;9,5226698;6,0732298;3,6812401;9,5997000;7,7138300;17,0296993;6,2157402;3,6207900;13,8677998;12,6050997;10,1020002;14,0460997;8,0479603;6,8010201;12,9362001;19,8764992;11,2767000;10,3858995;9,4112101;12,1142998;11,1569996;11,9841995;10,7158003;10,7255001;11,3350000;10,9379997;10,7972002;12,0775003;10,5725002;5,0654001;8,6340199;9,7240400;12,5223999;5,0288401;8,1432600;8,4828596;7,6822701;11,3409004;9,4020901;12,0663004;8,2545996;9,3860197;9,2039099;10,2497997;6,1725798;9,3068504;8,5512199;7,7684999;9,9405403;7,8122301;10,1240997;7,5141101;8,9071703;9,2308502;13,1426001;10,7531004;8,1107597;7,3232598;10,4435997;8,0241299;8,7101097;9,5489798;10,8191996;9,0003500;8,1624804;6,7342401;5,0613198;6,3239298;5,1092601;6,2055101;8,7250004;6,7139702;6,5225401;7,2480602;10,3491001;3,9660599;5,5182099;5,0678501;4,2697802;4,0158801;1,2477700;2,0235600;2,5492499;-0,2154030;1,2090400;0,2912910;4,6867800;-0,8298660;-0,9010180;2,1973300;4,9257898;8,4670696;0,1129390;3,8906200;3,6607399;2,2578399;4,3647599;1,9914300;4,2391000;4,3486300;2,1985300;2,5375500;3,0746400;0,3389070;2,3306701;1,4522800;-1,0937999;3,4638600;0,3809460;0,6940930;2,7608399;-0,1479140;1,2976201;0,2086500;1,1595500;2,0424600;4,1871901;2,8712001;3,5274100;3,8250401;7,7033601;7,5338302;8,4321203;8,9309196;10,3058996;11,7412004;11,8081999;11,8957005;12,3951998;9,9051800;10,5389996;10,6455002;11,2791004;11,9237003;11,8268995;12,0037003;11,0628004;10,9984999;8,4173698;9,8664198;6,2892299;9,1202002;8,4077702;9,9714003;11,3913002;9,5231304;8,8137197;6,0642700;9,9911804;12,5492001;10,2987003;10,3305998;10,5932999;11,1040001;11,0667000;9,5918798;7,8739100;6,7340298;6,5345101;9,0670404;9,5901699;9,4997997;8,1983099;10,3667002;10,0768003;8,4810104;8,9567900;7,1925802;7,8848100;8,7467899;12,1482000;5,2999201;11,5299997;6,4166698;9,1664801;7,6363802;8,8888302;8,0280399;10,5725002;9,1893997;12,0003996;9,8568697;10,0674000;9,9577904;8,5219803;10,6956997;9,7592802;8,3569298;9,6145401;11,7883997;11,7337999;9,8717699;10,8331003;10,9406004;10,5689001;8,9029999;9,9330797;11,2011003;12,0192003;9,3771000;8,5436001;7,0001702;6,7035999;7,0430899;6,4983802;4,8157501;5,1995502;-0,1531600;-0,6353030;-1,6519200;2,2091501;0,1061410;7,4765301;3,3939199;4,4059901;3,2954600;2,7447701;3,9578400;0,1943650;1,5604700;1,4839200;1,9454100;2,0257199;1,3043300;3,3413501;3,2159700;2,0553701;4,7039499;6,7519002;5,6866598;8,1975698;7,6750498;7,9062400;5,3340502;7,4440899;9,8873301;11,4610004;10,2242002;10,4851999;8,3437796;9,8786697;10,2812996;11,0002003;10,2424002;9,6567898;12,1210003;10,5037003;8,8603001;9,1136904;8,4529104;7,9688201;9,0686197;8,3280602;9,3541203;7,7087898;7,5127401;8,3428898
864415;9876865;427930,000000000000000;5689540,599999999627471;329,2999878;0,0000000;-2,3622200;14,1322002;-3,7642901;3,0801201;-0,1407660;3,4345400;7,5350800;12,2571001;3,6945601;7,9471898;5,0337300;4,5747499;5,2487302;6,7227802;4,7437601;18,6777000;7,0918698;8,1890402;10,9329004;8,7502699;5,4520898;6,9219799;5,2643700;7,0612402;3,4282100;6,3357801;4,3581800;1,1544501;9,2628899;4,2052798;5,2498398;6,0790300;4,4831700;6,5443001;7,8239899;8,1283102;8,3171797;7,1635900;5,9445000;8,3881197;7,2686801;7,8755999;8,3227797;9,7713203;8,0184402;7,1499701;5,4844499;5,1874399;6,0764198;5,5536399;6,6891298;8,2430000;6,7718801;1,4196900;9,1422300;6,1174898;5,7747202;5,6023898;5,3112602;6,3554802;5,4887400;6,5598602;5,3333201;4,7777400;3,3649099;4,8299999;5,9486399;7,0027399;4,3083301;5,3359799;5,3869300;4,6314602;6,9273500;5,8530202;6,9845500;7,8142500;8,0227299;6,1995201;8,2994204;10,8852997;7,3178601;4,7984600;4,4171200;6,9285898;5,4057298;3,9829099;5,1992302;4,6703501;5,9499698;6,9146500;5,0861902;10,6993999;3,5290401;4,9095502;9,4957104;4,7271800;5,8291101;5,5033202;7,3499799;5,1614699;5,9180002;6,9828300;7,9338799;5,0133600;6,0655298;3,8251801;4,1891098;-3,9012599;12,4201002;9,1647902;8,5770502;-5,9965401;-3,0495100;4,7094498;10,7516003;6,2635698;7,1565499;5,5172400;-3,8129201;6,3182201;3,2954900;2,8739901;6,9337201;3,8652799;2,4746499;5,3748598;7,4429302;6,1353898;10,3762999;11,8160000;8,4952803;1,6350900;9,4205198;8,2686300;-0,4661760;18,3150997;14,8930998;19,2507000;-5,2550001;13,4523001;-2,0272601;-5,7650700;8,6002197;7,3039699;9,3638000;9,0259399;8,5403500;9,3509398;8,1300697;7,3373499;7,3621898;9,1323204;9,6723499;8,7778502;9,3186302;7,6735401;7,4283600;7,9492202;5,6547298;7,0335698;8,0696802;7,3564401;5,8573999;7,5489998;4,8423100;6,5706701;5,5897198;7,3876500;5,3885598;4,7102799;6,8555398;5,6767602;5,7486000;7,3602700;6,3980498;4,7536101;7,1190500;7,6421099;4,5823798;3,9421301;5,4713998;6,5319500;6,6860199;6,1731501;7,4319301;8,7235804;8,7489500;8,3317003;8,2196598;8,7316999;6,9575701;7,9635801;6,6646800;7,5935702;10,3226995;7,4415898;9,3447199;6,6051202;5,6435499;7,9937000;6,5409598;6,2538600;6,0947499;7,8470402;6,8145099;5,3014998;5,9666500;7,2324800;7,0875301;7,2144299;5,5345898;5,7629399;6,6091099;6,4530802;7,6553798;8,0218401;7,2091999;8,8368196;7,8576298;6,7546101;7,8317499;5,1313701;5,3386002;7,8637199;7,7603998;7,6566901;7,4749098;7,3084102;9,3406897;7,4608498;6,8835902;4,9763598;14,0299997;-7,0913901;-2,4738300;-0,4862090;-4,9513402;-5,4108901;-4,8819199;-3,1244700;-1,1272700;-4,5078702;13,4328003;1,7704099;2,8830700;1,7974000;7,6972098;4,1010599;5,7950902;9,9660997;6,5760899;6,0074100;6,0452900;6,3079400;7,2266102;3,3737900;5,8778100;3,9130900;4,6722202;6,5230899;-5,2413902;3,5341401;8,4252501;8,1742496;5,6610098;7,1367502;8,8465405;9,6260796;7,6214499;9,0572996;6,5001798;4,8772302;5,8517098;7,5569401;8,0942898;4,7132902;4,4571800;3,4758301;3,2027500;1,4398000;4,4599400
864416;9876866;427940,200000000011642;5689546,099999999627471;329,7000122;0,0000000;-2,0365100;-0,9591060;-2,3088801;-12,9884005;9,5129604;6,9678502;-4,0518599;2,9904301;-1,2559500;0,4680410;-11,9701004;2,4723799;2,3864601;6,2106900;7,0017200;0,6797800;2,9602399;5,4528499;7,8649402;1,5778199;4,7392702;1,4368200;0,5689630;1,8027400;5,8649402;-1,6749700;4,1139302;-6,2695098;0,9622060;-0,2046650;-3,7868099;-3,5476501;-1,3072799;-1,4464000;-1,5427901;0,4833220;0,4246150;2,3426800;0,5686110;-7,1856899;-2,7395401;-9,0352001;-1,9713200;4,0331001;-4,2387900;-0,2014010;-4,9803600;-7,1827102;1,6367700;2,0757000;-0,8296120;7,8274698;-1,4627600;-10,0430002;7,6160002;-1,2389899;-1,2690600;-0,1076270;0,6131330;-0,5360580;-6,9095502;-7,9441099;-0,5237060;-13,6877003;-2,7406900;-3,6576300;-10,5925999;-0,0979307;-4,4260898;-4,1577301;3,3571801;3,2932601;7,2970500;5,2541099;2,8763299;1,6676199;2,2270100;7,8790302;1,7272600;-3,2508600;8,1703100;2,0728199;0,2267790;1,1714799;4,3253598;-0,7646280;2,2430899;3,7611899;2,9761901;0,5386560;-2,7056999;2,3921199;3,1422000;3,7010100;-7,4312100;9,7812796;5,0837302;10,5618000;14,2578001;6,7850599;9,4690504;5,7672701;11,5132999;7,1528602;-1,0324700;-0,2886610;0,1032030;1,0031400;-5,9389100;3,3221400;1,5384600;4,5913901;-1,8519100;4,9370999;0,2930070;4,7714100;1,0596400;2,4681201;-0,0028188;2,4850500;-1,0381100;3,7625301;3,1157501;4,9117999;2,4502001;2,9308801;4,2407999;1,7366600;-2,6467199;-1,5526600;-4,1774101;7,7109399;-0,7564390;1,3616101;1,1302299;4,7212100;9,7955799;0,3061830;7,4600701;2,4017200;1,9040999;5,6364598;-3,1408801;-4,8473301;-0,8965210;-11,4751997;3,1914401;-8,8717098;-2,3632600;-0,2868240;0,9084030;4,2368202;2,3826301;0,8668560;3,8331599;1,8948200;2,8433299;1,4832400;1,9231300;3,4883800;2,1677101;2,1840100;1,9921700;3,7533600;2,4748001;4,3897800;5,4032102;6,2688098;4,5973201;2,3151300;0,2006130;-1,6264700;3,2603500;3,4729900;5,7349801;3,5775399;3,9478099;-1,0108401;1,4779400;-0,4888620;-1,5025001;3,1911099;1,1107500;-0,4962900;0,3553790;1,1589000;0,1653540;1,7902100;-0,9137380;0,0916185;-1,4761600;-0,4225100;-2,7918200;-4,3329101;1,6516800;0,3221960;1,3867600;2,0346100;-0,7352810;3,7224600;0,6872260;-3,4045100;7,4262199;3,6733301;3,7305400;0,3798240;-6,4067602;4,5365100;-1,6837300;-2,2774799;2,3584001;-2,7167399;3,0111001;5,6288400;4,0888801;3,8228099;0,1064260;2,5847600;1,6777900;2,1257801;0,1095630;5,6733098;-3,1856401;3,9471800;4,8562698;0,9771300;3,9022901;3,5578301;4,2423401;3,3005900;3,0964301;2,3302000;3,3263199;1,6525500;3,5578699;1,8848200;5,4836998;1,0141200;2,0909400;0,2820220;0,0116761;0,0027845;-3,7649500;-2,2127099;-1,9377199;-2,8658600;-3,5139401;-2,2759399;-2,1835201;-0,8636660;-3,3410201;2,9696500;-4,9478598;1,4071000;2,2934899;3,9615400;-1,1967000;2,2436800;1,0568000;-1,6241300;-3,1643000;-2,6345100;0,5139190;-2,2977901;2,0549600;-2,4940300;3,0490899;2,6567099;0,1803720;5,5862598;5,9662800;3,2907300;4,1827598;1,2939600;5,5372000;3,8700800;4,5508800;2,4000900;1,5705200;2,9748600;3,7083199
864456;9876911;427918,000000000000000;5689554,400000000372529;327,2999878;0,0000000;0,5256580;3,1368799;1,5538700;1,1727099;1,5086300;1,5965800;-0,6846160;4,2241502;3,5646100;1,3684100;2,8762901;-1,1021700;4,6168499;3,0206201;3,0869401;4,8838100;2,6455300;6,8149600;3,7141399;2,8538201;1,0786800;2,0453601;-1,5401200;0,1454030;6,0740399;4,8752098;4,9202399;3,8256700;-1,0066900;4,1559601;5,3182702;5,1103201;3,2199700;10,0174999;1,2011800;3,6887500;4,1218901;6,0978098;8,4865198;-2,4741700;4,4401202;2,1111400;2,7045600;4,2629399;0,8417830;1,7695000;2,7518001;2,7944801;6,3837700;4,1473799;1,4774400;3,0578001;2,8868001;0,0975108;12,8010998;3,6195600;3,2150300;2,4993601;1,9648200;-2,7142799;2,5500400;-0,8498450;0,8001980;-1,8538800;3,7936800;2,0213699;2,3644700;4,1337299;-0,8739790;2,6403799;2,8100300;0,1988440;2,3617301;-0,4226620;1,7617600;1,1227200;-3,1436100;0,7027500;1,4954500;1,9310499;0,1576200;-0,3666820;1,0731601;-0,6437760;2,8584499;2,0853200;2,9645801;3,1413500;0,6915900;-0,2487360;-1,6401700;2,1392901;4,7569599;7,1485200;6,1080198;4,2814398;4,8630900;4,0851998;4,1045899;4,5991902;6,0898600;6,2399101;5,0142698;3,7555399;-0,0344315;2,9972000;4,6274900;3,3917301;4,5358500;2,5538001;0,9293510;1,4580400;1,5558701;7,1837301;4,9973698;3,5176301;2,9065001;3,2749901;5,2414398;5,5418100;3,6712000;2,3706999;2,4365499;1,3202500;4,1942000;5,1346402;5,5221701;0,0626101;2,1875300;2,4686699;1,3005000;4,3011799;5,4466801;2,0998800;-0,8433200;0,6421170;2,8713400;1,4027700;3,9321699;1,0607400;3,7105801;2,9226000;1,6483001;3,8330500;2,2203600;1,2524800;4,8863802;2,2626400;5,6981802;-0,0621529;3,2337999;5,5356898;4,8345499;4,7559299;5,1453500;2,4560299;5,0629401;5,3004198;3,9070899;3,2667100;3,3708899;6,2902002;3,3110001;2,7428601;0,9223570;3,8152201;8,0697403;2,9970000;5,7585201;4,3624201;6,5539198;3,9830301;7,2261400;8,7490597;6,4927301;6,0738201;7,1115999;5,8472099;6,2367101;5,7275300;6,1928401;4,6059699;3,8844099;8,1121902;5,3689399;9,2658005;2,8484399;5,0904498;2,8986101;6,3948898;5,1284599;-0,4256380;1,0208400;-5,9379201;2,5002100;5,5943398;0,6864250;-0,2666900;0,8958070;2,3195500;1,2043600;1,4186500;0,6131370;0,8774690;0,6780470;-1,5035400;2,8263500;4,0821099;-0,2037590;-0,6796480;3,7188399;4,3141899;4,2469602;3,4878199;5,9556899;7,9082899;4,5591002;7,0808101;3,8690701;5,3590202;5,6802201;-0,1931560;10,5897999;5,0251799;5,1420698;2,5677199;8,4130402;3,1993599;2,8895299;0,9894860;2,9405799;3,3871500;-2,1897700;8,5524902;1,7310700;9,4934998;7,1677198;5,3880301;6,3238401;8,7931900;1,0929400;2,7314999;-0,5677110;3,1891501;5,3882098;-0,2233710;8,6479702;2,7263100;2,3260300;2,4238100;2,0975599;5,8499098;5,2660098;5,2891598;7,0840902;4,6838999;3,6769400;1,1266400;1,9291300;1,4352601;0,2340090;3,5201800;3,5578599;2,2733300;3,3850901;3,4460001;4,3059902;5,1007099;5,4196200;6,5178299;4,2016602;4,8723001;2,8050201;2,0527000;6,3804402;7,1594501;4,3628502;3,0160401;1,3255100;2,8871400;2,0623901
864523;9876982;427891,000000000000000;5689558,900000000372529;330,3999939;0,0000000;-1,3732100;-1,2299500;-1,7348300;-1,9390800;-3,3828700;6,7866902;-1,8814000;0,6388970;-2,3190501;-0,8738230;-0,8010770;-0,9907570;-0,1243600;0,5720690;2,1936600;0,2781350;0,4318960;1,7802800;-0,7013350;1,5206100;-0,4104890;-0,6389940;0,5957600;0,0493062;-1,8480400;-2,6694901;0,0192382;-1,3866900;0,9673580;-0,3276610;-2,4512701;-1,3710901;-2,5163300;-0,6003620;-1,7505400;-0,9044680;0,2371540;-0,3605010;0,6775640;0,2404990;1,2796299;1,3498700;-0,7056040;1,9956400;-0,3227340;1,8186899;-0,5989520;-0,1429270;-0,2822570;-0,8207870;-0,3216630;-0,3678430;0,7181300;-9,0467796;-11,4533997;-0,2000690;2,0826299;0,4269190;-1,9093000;2,4706399;1,0003200;0,9809750;-1,1948200;0,8952970;-1,6683300;-3,0947499;-2,5851800;-2,8077600;0,0553226;-0,4878740;-0,7078610;-1,6852100;-1,0127300;-0,5374800;-0,3006540;-4,1782699;-0,6982030;-1,9736600;6,0011401;-9,5339699;0,1769970;0,0475423;-1,5735101;-0,3101070;2,2675300;-0,5560330;0,3248260;-0,6276880;-0,0049554;-0,0285313;-1,2475801;-0,2612550;0,7006950;0,2680310;0,3657600;-0,8642050;0,2993390;0,1429850;0,3125100;-1,0016500;0,3019320;-0,0300879;-0,0162237;0,5050980;-1,3497699;-0,1127000;0,3786860;0,8019180;0,9305020;0,7111270;-0,9949740;-0,3002900;-0,3795910;0,4513230;-0,5365190;-1,8813699;-0,0715588;0,7993960;-0,4245580;-0,2637400;0,5627200;0,1668120;0,1375060;0,4875560;0,5574740;-0,1204420;0,6060030;-0,2295410;-0,6305370;0,5807480;-0,2937840;1,3739901;2,0023601;-0,4456220;2,4064400;0,0626825;-0,1109990;-0,8694120;2,0302401;-0,2688330;2,3627200;0,2283840;2,6066599;-0,3793600;0,3997980;-1,0473000;-0,2131300;-2,8814900;-1,4161400;0,2231210;-0,2591510;-0,9120020;-1,1484300;-0,3834610;0,3651910;-1,2892801;-1,1765600;-0,1829010;0,3248670;0,5522510;-0,2340210;-0,5232430;0,7322670;0,5951440;1,9096200;0,9505450;0,2220400;0,9440040;1,2253000;1,1504600;1,4707900;0,5039530;0,2612450;2,1236701;-2,4559100;1,4987600;0,3421870;0,0767026;-0,4318850;-0,3426820;2,0118101;0,2016740;0,1592630;1,1655200;-0,2551650;1,0397700;1,6236500;0,7387680;0,5068320;1,4493800;0,2489110;0,9251940;-1,0013800;0,7063220;0,6271420;-5,6703801;11,0698996;-0,7869150;0,4950590;-0,1529440;0,3205030;0,7091780;-0,7300270;1,5008500;1,9237400;-0,8927110;1,3011000;1,0896699;0,5858940;-0,0949185;1,3063400;1,4344701;-0,2393590;1,2051100;0,6270370;-0,2124330;0,5484550;2,1902599;-0,3456650;1,7964600;0,1586470;1,3481700;0,8031120;0,7008580;0,9320460;0,7866980;0,7640390;0,4728720;-0,0014105;4,5013199;-0,0610414;1,1868700;2,2408299;-0,5039780;0,2688590;0,2342230;0,3798980;0,9362080;-0,5935030;2,5362301;0,5210540;-0,6749470;2,8291399;0,4864520;0,0900961;1,8929100;1,0311199;1,5703700;1,2104700;-21,2518005;2,9586999;-0,1811670;1,2993600;1,8430099;1,2019399;0,3032000;1,6124800;1,0444200;0,5027110;-0,7884860;-0,2703830;-0,9080780;-0,2154790;0,5542920;1,7139000;0,4023560;1,1318300;0,3286720;0,9398880;1,4263400;2,5527201;3,4108701;0,8990110;2,0226700;1,8126900;0,7922260;0,6642680;0,7741650;1,7497000;1,8878599;3,2467201
864622;9877084;427901,900000000023283;5689580,200000000186265;332,7999878;0,0000000;-2,6428001;-0,5622590;-1,9405400;-2,8325701;-0,6701840;-2,8279700;-2,2043300;-3,9194901;-0,7089500;-1,6465300;-1,8054200;-0,5401610;-0,2500320;-1,0509100;1,0771800;-2,0020399;-1,0218300;1,6439800;-0,8295700;-1,3348401;0,1120800;-0,9538740;-2,0704100;-0,8574970;-0,3931130;-1,4400700;-0,3016100;-0,7816230;-0,9914880;-1,6662500;3,7310801;-1,8577200;-2,6774499;0,4537640;-0,1796040;0,5314030;-0,2618190;-0,9988150;-0,0816259;0,4241110;-0,1880820;0,2749220;-0,4444010;0,7830650;0,0336622;0,2738540;0,1988750;0,3832520;1,5768400;0,7210900;0,0047538;-0,0961609;0,4047350;-3,2060299;-4,1353302;1,3786700;0,5750100;-0,3837220;-0,8270280;-0,1824270;-0,0620518;-0,7185290;0,2487050;-0,4310000;-0,8673370;-1,9503100;-1,4506600;-0,4248990;-1,1853800;-1,4536500;-1,8592200;-0,9392200;-0,5715420;-1,9786600;-0,7996640;-2,5373499;-0,9797540;-1,5001700;-0,3637890;2,1833701;0,1391410;-2,2014401;0,0888184;-0,6484870;0,3999420;-0,3455440;-0,2673820;-0,8668450;1,3061301;-1,0943300;-0,3568090;-0,1733800;0,2838610;0,2259520;0,2087290;0,6255890;0,2982010;-0,5672110;0,1862110;-0,2473360;-1,2053699;-0,0658296;-0,0105076;1,5542300;-0,8049460;0,6749940;-0,1933670;0,4946740;2,3435900;0,7134670;0,1467770;-0,1185210;-0,1942760;-0,7634520;-0,8896240;-2,4422100;-0,8740560;-1,1419400;-1,6760100;-1,1693200;-0,7296700;-1,3283100;-0,7917480;-1,3147300;-1,1511500;-0,8400380;-0,7683710;-2,3430200;-1,0903100;-0,7529340;-3,0889001;-0,9765610;-0,9463160;-0,3811890;-1,7914400;-2,0219400;0,4300730;-0,0439721;0,6288630;-1,1848800;0,6694980;-1,2686700;-1,0615600;-2,4206400;-0,3373070;-1,5142100;-1,2298000;5,0701799;0,0102135;-0,6120620;-0,2872970;-0,0199438;1,7212000;1,3199100;0,7641190;0,0270054;-0,0020726;1,2274600;0,7651710;-0,2254720;0,7011960;0,9022360;0,1457380;0,9445050;-0,0941315;1,1684000;0,6159600;0,9202100;1,1388000;0,5115720;-0,3796020;-1,0623100;-0,3148710;1,1012700;-2,3642199;0,4153930;-0,4739690;-1,0849900;-0,0440147;0,6223060;0,7245630;0,5456760;-0,7609320;-0,6083070;-0,9098990;0,8495780;-1,8049700;-1,5368900;-0,6212380;-1,5299700;-2,9201701;-2,9254401;-0,6915840;-1,3679000;-1,7678400;-1,1713500;-1,3217700;-1,4317600;-0,5344300;-0,6113370;-0,7357630;-0,8006440;-1,3754600;0,4061390;1,9358900;-0,6746430;0,4373470;0,6394410;-0,3632690;-0,2942410;0,3988330;-0,0406977;0,6380910;0,7455430;0,4506960;0,3074230;1,2620400;0,7100650;0,6618700;1,1233300;0,3771780;0,0466573;-0,6119150;-0,1388260;-0,6715070;-0,2890300;-0,7825700;-0,2169240;-0,7531920;0,2722690;0,2021470;-0,5316150;1,0739200;-1,4490800;-0,6334420;-1,2557000;-0,9201260;-1,4755900;-0,6487910;-0,1837070;-1,2100800;-2,5204699;-1,2059700;-0,2615370;-0,8214200;-1,8605601;-2,6899300;-2,9507899;-0,6108130;-23,8906002;-2,4928501;-0,4874860;-1,8759600;-1,9295900;-0,8378160;-0,3517080;-0,4161870;-2,4599800;-0,8129770;-0,0287206;-0,3085260;-1,9721299;-1,2330700;-0,3754370;0,8728050;0,2790560;0,0673147;1,7089000;0,1034130;1,8100300;0,6775740;0,9408440;0,4506140;1,0409900;0,5848260;0,6181220;0,3038040;0,3020030;-0,0623909;-0,6869260;0,9483920