OBJECTID;PS_ID;X;Y;Z;date_20150401;date_20150413;date_20150425;date_20150507;date_20150531;date_20150612;date_20150624;date_20150706;date_20150718;date_20150730;date_20150811;date_20150823;date_20150904;date_20150916;date_20151010;date_20151103;date_20151115;date_20151127;date_20151209;date_20151221;date_20160114;date_20160126;date_20160207;date_20160219;date_20160302;date_20160314;date_20160326;date_20160407;date_20160419;date_20160501;date_20160513;date_20160525;date_20160606;date_20160630;date_20160724;date_20160805;date_20160817;date_20160829;date_20160910;date_20160922;date_20160928;date_20161004;date_20161010;date_20161016;date_20161022;date_20161028;date_20161109;date_20161115;date_20161121;date_20161203;date_20161209;date_20161215;date_20161227;date_20170102;date_20170108;date_20170114;date_20170120;date_20170126;date_20170201;date_20170207;date_20170213;date_20170219;date_20170225;date_20170303;date_20170309;date_20170315;date_20170321;date_20170327;date_20170402;date_20170408;date_20170414;date_20170420;date_20170426;date_20170502;date_20170508;date_20170514;date_20170520;date_20170526;date_20170601;date_20170607;date_20170613;date_20170619;date_20170625;date_20170701;date_20170713;date_20170719;date_20170725;date_20170731;date_20170806;date_20170812;date_20170818;date_20170824;date_20170830;date_20170905;date_20170911;date_20170917;date_20170923;date_20170929;date_20171005;date_20171011;date_20171017;date_20171023;date_20171029;date_20171104;date_20171110;date_20171116;date_20171122;date_20171128;date_20171204;date_20171210;date_20171216;date_20171222;date_20171228;date_20180109;date_20180115;date_20180121;date_20180127;date_20180202;date_20180208;date_20180214;date_20180220;date_20180226;date_20180304;date_20180310;date_20180322;date_20180328;date_20180403;date_20180409;date_20180415;date_20180421;date_20180427;date_20180503;date_20180509;date_20180515;date_20180521;date_20180527;date_20180602;date_20180608;date_20180614;date_20180620;date_20180626;date_20180702;date_20180708;date_20180714;date_20180720;date_20180726;date_20180801;date_20180807;date_20180813;date_20180819;date_20180825;date_20180831;date_20180906;date_20180912;date_20180918;date_20180924;date_20180930;date_20181006;date_20181012;date_20181018;date_20181024;date_20181030;date_20181105;date_20181111;date_20181117;date_20181123;date_20181129;date_20181205;date_20181211;date_20181217;date_20181223;date_20181229;date_20190104;date_20190110;date_20190116;date_20190122;date_20190128;date_20190203;date_20190209;date_20190221;date_20190227;date_20190305;date_20190311;date_20190317;date_20190323;date_20190329;date_20190404;date_20190410;date_20190416;date_20190422;date_20190428;date_20190504;date_20190516;date_20190522;date_20190528;date_20190603;date_20190609;date_20190615;date_20190621;date_20190627;date_20190703;date_20190709;date_20190715;date_20190721;date_20190727;date_20190802;date_20190808;date_20190814;date_20190820;date_20190826;date_20190901;date_20190907;date_20190913;date_20190919;date_20190925;date_20191001;date_20191007;date_20191013;date_20191019;date_20191025;date_20191031;date_20191106;date_20191112;date_20191118;date_20191124;date_20191130;date_20191206;date_20191212;date_20191218;date_20191224;date_20191230;date_20200105;date_20200111;date_20200117;date_20200123;date_20200129;date_20200204;date_20200210;date_20200216;date_20200222;date_20200228;date_20200305;date_20200311;date_20200317;date_20200323;date_20200329;date_20200404;date_20200410;date_20200416;date_20200422;date_20200428;date_20200504;date_20200510;date_20200516;date_20200522;date_20200528;date_20200603;date_20200609;date_20200615;date_20200621;date_20200627;date_20200703;date_20200709;date_20200715;date_20200721;date_20200727;date_20200802;date_20200808;date_20200814;date_20200820;date_20200826;date_20200901;date_20200907;date_20200913;date_20200919;date_20200925;date_20201001;date_20201007;date_20201013;date_20201019;date_20201025;date_20201031;date_20201106;date_20201112;date_20201118;date_20201124;date_20201130;date_20201206;date_20201212;date_20201218;date_20201224;date_20201230
316676;55985551;428256,000000000000000;5689550,200000000186265;269,5000000;0,0000000;-12,5045996;3,3382101;2,9439199;-3,2618301;1,8495300;3,9453299;-2,4716101;-3,0481901;-4,1953502;3,8158100;6,2050200;2,0324199;0,6120020;0,5964280;-1,9063200;10,6209002;-5,7253199;-4,1666899;-2,9656701;-2,6961300;1,7692100;-6,7438402;10,3388004;-8,5208902;0,8738290;-2,3398800;-1,4587300;4,2374701;-13,4020996;-3,8837199;10,5790005;-8,0700502;-2,8130100;-8,3716402;3,5772800;0,6962740;10,3425999;-0,2060500;3,6710701;-5,0872502;-4,8063798;-0,7901720;-7,0748501;-13,0289001;3,5221100;3,3268299;3,9137399;-10,8379002;0,9700920;3,1038301;11,3528996;4,1834102;1,4704700;1,3830700;-4,8420401;0,2107410;-0,9538580;4,2802100;6,0438900;6,3754702;0,7411100;-5,5626001;-3,8472300;-3,5854299;-5,1334000;-5,4028602;-2,8441701;-5,8662601;0,1782010;-5,2599802;5,3158698;2,5512900;1,4269100;0,0485542;2,6556699;-0,7919330;-0,4023330;2,2978401;-1,3780700;-14,2917004;0,0630661;-2,5461299;8,2584896;-1,4601800;3,2760601;8,8574200;4,2917600;-1,6998800;-4,5231199;-0,0471106;-8,4788504;-11,4053001;-2,7824099;0,5351730;-2,8672299;-1,4701999;11,6400003;-12,7335997;-2,4002199;-4,7102900;-5,5932899;-2,3770299;1,0084800;-2,8683300;-4,8702302;0,8388690;-1,9353900;4,0300398;0,9539830;5,4901700;4,3289800;5,1724901;4,9557500;6,3585000;1,8241000;7,8946500;3,2493899;2,7584600;4,1396599;-3,7805200;-0,2841600;3,2071199;-4,4672999;-1,2198800;-0,0929406;0,7316060;2,7342300;3,0478699;3,0808699;-3,2489200;7,5432901;-1,6515000;-2,8316300;-7,6455002;-4,3321300;-2,4814899;-5,2708101;-4,1956000;-4,6804800;-1,9828800;-8,7833004;-7,5813799;-4,4173598;-2,5069900;2,6922300;-3,1633999;-1,7698300;-1,7189400;0,3239810;2,3494201;3,7745099;7,1501298;1,9739300;2,9863400;-4,7854900;6,2219701;5,5808001;5,5214601;4,6249900;2,1818500;4,3785000;3,4353900;-0,6232470;3,1820400;2,6446900;3,8463199;-3,2927699;1,1413800;-0,2110230;0,7880170;-0,4872870;4,4314499;0,2628000;1,5698000;7,7564802;5,2538300;8,7327805;5,3278499;6,5108900;3,9163001;6,6696000;6,5928502;5,2812099;3,2282300;3,6595800;5,7100000;3,9354601;4,5018501;4,6785102;6,9642801;2,6658900;4,1808801;3,3809299;5,2731900;3,2781100;3,6606500;-0,1582710;3,2957399;2,5772300;1,7180200;4,7316899;2,4572501;6,1808300;3,5265501;4,2864299;3,4466300;6,2247500;4,4369898;5,7371202;0,4559460;5,5715699;8,2201300;4,4594898;4,0051999;5,9703202;9,1835299;4,1015501;3,2858801;2,2696400;4,8206301;7,0049300;3,6470301;7,3675399;7,1209898;4,2166100;6,6419001;2,4818001;3,4349101;3,1687901;4,0113902;3,6273999;3,6169100;5,9836702;3,7027099;4,0808201;4,9724998;-0,5047190;1,9005300;4,8144598;2,7996299;5,7780199;6,3824100;-3,2955999;-1,9037499;4,4562602;4,3070502;1,8150500;2,5427301;2,9523599;6,1521902;4,7560101;2,9580200;1,5896600;4,6544600;0,6187110;2,5060999;-0,8903050;1,3621401;1,3141500;2,9336400;1,4924500;2,0567701;4,0300899;4,0644002;-2,5486500;-1,2265199;3,9317200;1,1701000;3,2449000;3,0358200;3,7386601;5,6909900;2,2506001;7,3189998;7,9178300;5,4153299;4,8455701;6,8760200;3,1289501;6,7029600;4,3712902;4,7992001;4,4129200;3,9654300;4,5817399;4,4330902;4,9782801;6,0392098;4,8379002;3,6029401;4,3920498
317654;55986529;428410,200000000011642;5689467,799999999813735;279,1000061;0,0000000;-1,1288800;-2,8378000;-1,1310500;-1,7466201;-3,1455901;-1,6214700;-2,1324799;-1,0512000;-3,0264399;-4,1785102;-3,0122199;-6,1284299;-4,4555998;-4,9593000;-3,3291099;-2,9581001;-2,2532001;-0,6909660;-1,1395700;-1,9441700;-1,8273700;-0,8542690;-1,7162400;-2,9187500;0,2587770;-2,5518501;-0,1401480;-1,9465200;-3,8993199;-4,6828599;-4,6093898;-3,3453901;-1,3495200;-3,2942300;-2,8052101;-5,2137198;-2,8870101;-3,9943099;-3,0905600;-3,2334001;-0,9948060;-3,4114001;-1,7076000;-5,0858998;-1,0801800;-4,4757299;-3,4060400;-4,8528099;-3,8866000;-6,8467302;-3,5919499;-3,8852501;-2,0533199;-6,6848502;-5,6223302;-2,1258600;-1,8495500;-4,8720498;-3,8227201;-2,1389201;-1,8319200;-3,7735500;-3,9883900;-0,5115810;-1,6827600;-2,0408399;-4,2993102;-5,2549200;-5,2605300;-5,6899600;-4,5486202;-5,2255502;-5,9747400;-2,5855601;-4,9333801;-4,7525501;-3,5779700;-4,0621300;-4,3695998;-3,2271600;-5,5402398;-5,5532699;-6,7143302;-2,7795501;-3,0561600;-2,6658001;-2,5717101;-3,3868201;-7,7945499;-4,0875702;-2,2011600;-2,8002601;-5,0340199;2,2500100;0,7970270;-2,4725599;0,7517010;0,4872930;1,1136000;-0,9031810;-1,8832099;-1,0643300;-0,8949180;0,2941630;1,8195900;-1,7508600;1,1418600;-4,5147400;-6,4000401;-0,4533540;-1,1689399;-1,3016300;-1,0528500;-2,4956701;-2,9669499;-0,7403610;2,7543399;-3,2966900;-1,2383100;-2,4084499;-4,9066701;-3,4809201;-2,1632600;-1,8486500;0,9855500;-2,1979799;-1,8963701;-1,5205700;9,3364601;-8,5397902;-5,9209700;-2,8030100;-4,7781200;-3,2763300;-4,1311998;-2,2046499;-2,0308499;-2,8799701;-4,3064499;-5,0055299;-7,0576601;-3,2871900;-5,3592300;-5,1388602;-6,3281298;-2,6905401;0,1479620;5,2273002;7,3096299;-0,7797670;-4,5805302;-4,1656299;-1,9546300;-0,5473750;0,3707200;-2,7800901;-4,5900898;-1,4109100;-2,6778400;-1,2354701;-4,7875600;-2,1592100;2,2462399;-1,7241499;-3,3373001;-4,2009802;-1,5792700;-1,2788399;-1,0991200;-0,8673580;-0,1769340;-1,0573200;-0,3756240;-2,4729600;-2,3833399;-4,9817500;-1,0397100;-3,8604100;-0,0472668;-2,0710499;-1,2972300;-1,0669700;-2,6091001;-1,8012600;-5,7633200;-2,9442599;-4,9359899;-2,9245100;-5,1863499;-3,7942901;-3,3027101;-3,3824699;-1,9560300;-2,3381300;0,7933400;-3,9273901;-2,9953499;-1,6102500;-2,3965299;-3,6892300;-5,9496198;-4,7749100;-4,5982599;-4,0536599;-4,4489698;-5,2835698;-3,1231000;-4,1641002;-4,0780902;0,3807620;-12,3789997;-8,6189203;-10,4020996;-4,2809300;-7,5361900;-7,2480502;-7,3908401;-4,5945401;-2,1125100;9,2553301;5,8815198;9,0476799;10,1987000;6,4608598;5,9467702;9,5826101;-1,4449900;-3,4929099;-2,9929700;-1,3363301;-3,9909000;-3,0230899;-3,0591199;-3,8899100;-3,1723101;-2,9536200;-0,5699020;-1,9262400;-3,7105000;-2,9699600;-2,7968099;-2,0780399;-1,3911200;-2,3741000;-2,5828400;-2,0706201;-5,1964998;-5,1491399;-3,5979400;-4,1949501;1,1119699;-3,7095001;-6,1107502;-4,6838799;-4,3469100;-3,6345401;-4,4487600;-3,4439600;-5,4326601;-2,8187900;-4,3517098;-6,7189002;-4,8106399;-6,7380700;-4,0256901;-3,6212900;-3,5763700;-3,5819399;-2,0030301;-5,4748001;-2,6515100;-2,5449700;-4,4814301;-3,4423001;-0,4448350;-3,1807101;-2,9974899;-3,5199101;-3,6580601;-1,9594800;-3,5973499;-0,1341620;-0,9040260;-0,3402730;-2,2453401;-1,9095900;-0,7491910;0,6137100;0,7347810;-0,3050780;-0,7088310
317655;55986530;428403,599999999976717;5689470,299999999813735;274,7000122;0,0000000;-0,3171070;3,1278801;1,5175101;3,1667299;1,8102900;3,1035700;1,5386699;3,3232300;2,6389899;2,7808001;1,7628100;2,1699800;1,6841700;0,9400680;1,3004500;2,1413400;1,6123800;1,2054800;2,6370499;3,8894999;3,1128299;0,3643060;0,2920730;1,4927400;0,0547085;0,2053390;1,0854700;1,0102299;1,0648100;-2,6385901;-0,2877800;0,8299840;2,4651699;0,9730830;2,0162201;0,8984410;2,0550101;1,6449300;2,2494700;1,7936400;1,9031700;1,5524000;1,2651700;1,6197900;1,8967800;1,8630000;0,9810770;0,2780900;1,4165699;0,4311010;2,2388899;0,3715010;2,3415699;7,1297302;10,0683002;2,6771600;2,0086100;1,7019500;1,7914701;0,4714930;1,8471000;-0,2202050;2,3302600;3,0869999;2,6858399;4,9443202;2,8204300;3,8368101;2,7783301;2,1542399;2,5976601;2,1501501;2,2709999;4,1753602;3,8106899;3,5396500;4,7583899;4,3580298;3,5021200;3,6614101;1,5900400;1,5842299;2,3993101;2,6539800;2,8353701;2,0000801;1,5678600;1,7125700;2,3137600;3,2320399;0,3385820;2,4481399;1,4035600;4,4498301;2,7028301;1,7608500;2,3652501;2,8105700;2,3716500;0,4292240;1,9917400;4,1002598;5,3010602;-2,2353599;1,2965500;0,7646140;2,8413899;2,1437500;0,2752410;3,0059199;2,5726900;3,9923301;3,8321099;2,8490901;1,7125000;3,8212099;3,0051799;1,3214400;1,6243000;1,0369000;0,8734710;0,6263980;2,6837699;0,9427350;2,5373700;1,7468500;2,1267300;6,2943702;-0,9877620;-2,2862999;4,8311300;5,9731302;5,8126798;2,2365501;2,1736100;3,4277201;3,9508700;0,5943320;0,2115620;0,7907710;1,3327301;3,0701201;3,5683000;1,0596800;2,3698699;3,5374401;2,3263700;2,4046400;4,4192801;4,1381302;7,8042102;5,2079701;5,4070101;3,0340500;2,4549301;2,9344699;2,1512699;1,9762800;2,2843699;1,6667600;1,8210500;3,1997800;4,9737802;3,4478800;1,3025100;4,1499400;1,4575700;2,3325500;2,4055099;2,1375599;1,9585600;3,2048099;0,7964220;0,6398380;1,4436300;0,6199560;3,5212700;-0,3023200;1,8198900;1,7959800;2,9675000;-0,0217571;-1,8759000;-1,9185500;-2,4216399;0,8031340;0,5631240;-0,3722720;0,4771990;1,2346200;0,3582510;4,1676898;2,3605900;2,5656400;5,5194602;2,0622101;2,0585599;3,7561500;3,2545199;3,5206699;3,2533901;0,9328260;4,8085799;4,4278698;3,5002501;6,6073799;5,4551501;4,7656202;3,0162799;3,0461400;2,7506499;3,1331601;2,7071900;4,0773802;3,1191700;2,3324499;2,5255799;2,7996399;5,5682902;2,4912300;3,2163100;3,2605901;1,7644600;1,4019200;1,9246401;2,1603401;1,5571700;0,9659360;-0,6121890;-1,6336600;-1,8729200;0,3708000;0,3658870;-2,0828099;-0,5539590;-0,3435570;1,3301800;0,5028770;-0,0337563;1,1469300;-0,1263370;-1,1138800;0,0172529;1,3168000;-0,0686903;-1,5165300;-1,5709500;-0,3070710;1,1690600;0,4716420;1,2293400;-0,7940760;2,4031899;-2,6957600;0,5860500;3,1615300;0,5137830;3,1634300;1,1209100;1,9801300;-1,7248200;0,9227150;1,3684800;-1,8811100;0,8611640;2,7147999;1,7456900;-0,9973870;2,1460199;0,2533110;5,6356301;4,7731700;4,2886801;2,5962999;3,9244499;-1,2458400;0,9313990;1,2379700;2,9557199;2,1232500;0,3868890;2,3880501;0,7042680;2,0242200;3,0248599;1,3127600;0,7577200;2,4290600;4,6167898;1,9158000;-0,2267430
318449;55987324;428383,299999999988358;5689441,799999999813735;274,2999878;0,0000000;-2,0931599;2,7065899;0,4555460;3,2508700;1,7664800;2,1893101;-0,1600100;1,7064600;0,9919390;0,9140860;2,3282900;0,7389090;0,2027800;-1,2160400;1,1834800;0,2998290;0,1875090;-0,3313830;0,4925900;0,4707840;0,1370050;-0,1558370;-0,5662070;0,4028070;-1,2277000;-1,2102500;-0,7973240;0,8161450;-0,7398540;-0,7751930;-0,3526550;-0,0666025;-0,4678190;0,8681570;0,9442740;-0,0835197;-0,4032330;-0,0795684;-1,2980500;-1,0244800;-0,1787150;-0,7192310;0,6467140;-0,3146620;-0,4031190;0,0717766;-1,1128401;-0,3364120;0,7342130;0,1007980;0,5886960;-0,3343730;0,0106537;-4,9862599;-3,5968201;0,9847750;-1,0953100;-1,2248900;-0,2491580;0,6189690;1,3335201;-0,8513630;0,0796251;0,4039710;0,6491210;1,4332401;0,1608500;0,4718430;-0,6377500;-0,0184321;0,5104320;-0,1317210;-0,1412600;1,4369700;1,1291000;-0,2076190;1,9718400;1,8784100;0,8133940;3,4217899;0,3562000;-0,5589840;0,5926310;0,3414260;0,9751260;0,1275470;-1,8102700;0,8101700;0,8300610;-0,1302490;-3,0519300;-8,2299099;-2,4564600;0,8833590;2,5090401;1,7190300;7,0141802;0,8183780;1,9270500;-2,7723200;1,8525600;-0,0992870;1,6276400;1,2294500;2,0649700;2,6026499;0,2368530;2,2010801;1,1554400;0,7182950;0,8099520;1,2158099;2,5128400;1,1652100;0,4658640;-0,1796120;-1,4642900;0,5781750;1,1994200;-0,8537440;-0,8846730;-1,3076500;-0,2595750;-0,4943940;1,4891500;2,0096800;1,0253100;1,6442900;1,0390199;-2,0740499;4,8589201;1,6588800;3,7741001;2,3798399;1,3092800;3,5102701;6,0874801;1,8478400;4,0562301;3,9335301;1,5954601;2,5650401;0,1943020;-0,3593490;-0,6777960;-1,1167800;0,4354490;0,5972410;1,3425800;0,8509710;1,2509600;2,3977301;2,5968900;1,1637800;-0,1130750;1,5548100;1,9042500;1,1783900;2,7024000;0,1199460;0,3852130;1,7200000;3,3889799;3,5010400;2,1331201;2,7685101;2,5302100;1,3469100;1,5663100;1,1905200;0,3325610;1,6051199;2,1632199;1,2437900;0,6821550;-0,6271650;1,8084000;-1,2886600;3,9763899;1,9962600;1,9760100;0,7456430;-1,7650000;3,0613201;2,2754500;0,4696900;2,1933200;0,1235260;0,6631750;-1,3562200;-2,1021399;1,3207300;-0,5252210;-2,8566201;0,1862530;-2,1397099;-3,2506001;1,1651200;0,9825970;2,4817801;1,1010799;-0,2053110;-1,5036500;2,5755100;1,7012300;1,1627500;3,5839901;1,4004101;-0,8680850;4,2198000;0,2907650;-0,1380000;-0,0362957;0,8034480;-0,3553050;-0,2889450;1,3531300;1,3624500;-0,7978320;0,3803610;-0,2704230;1,3351200;-2,1213400;-1,1715600;0,7364640;0,9311670;-0,0210736;0,7907890;-0,8129130;-0,6787550;-1,8195200;-0,2410920;-0,4409920;-1,7710800;-0,8389840;-0,7053080;-1,5499901;-2,1078701;-0,3796640;-0,1632790;-1,3079799;-3,2344401;-0,1558330;0,8682830;-0,5939760;-0,7336590;-0,9715790;-1,4788500;-0,9213920;-1,5806600;0,2074280;1,0360399;0,1035160;-1,1318400;0,6692790;-0,4380340;-0,6636270;-0,2611290;-0,5323380;0,4115870;-1,2959300;-1,8681700;0,1347520;-0,7565720;1,1296901;-0,8731630;-0,0113409;-0,7529190;0,2045720;-0,9446450;2,0243399;2,3058801;0,6066260;-0,1991510;2,7632799;0,9584860;0,0896249;-0,0267670;0,3771130;2,8434200;-0,6594380;1,7328200;1,1409000;3,3276801;1,8853900;3,0096099;0,5894270;2,2980299;1,8954500;1,5720100;0,5586940
318450;55987325;428373,900000000023283;5689437,799999999813735;275,2000122;0,0000000;1,3042200;7,8063002;4,0786400;5,6314998;5,6166902;5,0132799;7,1118598;4,4478898;1,7767900;4,1632600;4,5479498;5,2779799;2,3919001;-0,0199852;4,9490700;4,2751398;2,9165800;0,5836150;1,1506900;4,8134899;1,7033401;2,8332300;2,9515100;-0,6258480;2,5791500;2,3520300;4,8729100;1,5511301;1,1864001;3,3525100;3,3592401;5,3837199;3,3186300;3,8052199;4,5404201;2,6022401;5,1970901;3,8722899;3,3653901;5,5631299;5,7696900;5,6459599;4,5843501;2,0712199;4,7350602;2,1602399;2,0108099;3,9984601;3,9477000;1,9914500;3,4023900;1,9191800;3,1540000;4,3548698;-7,3059902;2,0899301;-0,4587300;4,3932400;3,0178800;4,5078802;3,8472900;3,6178801;5,2394700;1,9462600;3,8845301;5,5332999;4,7650700;6,0085602;4,3876801;-0,0650549;4,7073002;5,3212600;1,1937500;5,2732000;5,4653602;2,5516701;4,9905100;2,4116600;7,4499402;7,4464202;5,7167501;3,2210801;2,3234401;4,0903301;6,0579801;4,2222400;4,2325001;1,4982001;3,3378201;2,1807201;8,3961000;4,0284200;5,7325001;7,0858698;4,6633201;2,5298600;2,8083200;6,0087399;1,3015600;7,2799201;0,6562670;1,4130400;4,6660600;1,8782001;4,1114702;2,9122300;3,9684999;1,9411000;-5,7049398;2,2381401;2,8975401;2,7866399;5,4686298;4,2022400;1,4362800;2,6812799;8,1267099;1,0470500;1,2779400;1,8102100;1,9614400;-0,0460844;2,9401801;3,1067500;4,3954301;1,9314300;3,0949099;-0,0989170;2,6962299;-9,0084496;1,2161900;9,2858496;7,9045100;3,2337601;1,7995700;1,1087600;1,6670600;10,4666996;9,9916897;5,0363698;4,0374699;5,1386399;3,9508100;6,7505102;12,5775003;2,8540499;5,7265401;4,5748901;9,5455599;4,4041901;7,9852400;7,6792498;8,1503801;5,8378401;3,2285399;9,0931101;6,8439999;6,1220102;6,7286901;2,7844400;1,6601501;4,2394400;4,8934398;5,9202099;3,2939501;3,4238701;3,4205000;1,7320700;2,4574101;0,7346610;1,6400800;0,4215770;1,5719500;0,6124980;4,5090499;-0,2757780;-2,8045299;-0,3023680;4,7732801;5,2183099;3,4068401;2,3387101;5,0221000;4,7282600;5,0571299;-1,1138200;2,9464300;4,1304498;3,7768700;3,9291999;0,2575580;13,8463001;-4,4991398;4,4894800;6,6803999;2,4164600;2,3193700;5,8776898;5,3373899;5,9613700;3,7112801;3,4319699;3,5675800;5,3139601;5,1698799;3,4894400;0,5499100;2,9872999;4,4621401;3,3246200;2,5613401;6,6510301;5,1482501;10,6956997;-4,9995799;7,1112199;6,1241899;5,8311200;3,5171001;4,9304299;2,7419200;3,1001401;4,7719798;3,4497900;4,4178500;3,1870601;4,3341999;4,4607801;3,1812401;5,1103101;1,3909100;3,8325701;3,0961900;2,5850000;1,6684901;1,5961500;6,5613999;6,2582698;1,6379900;1,8428700;6,6121001;2,4027100;3,2538099;3,7737701;6,8169098;5,0905900;3,3305600;5,9770598;3,8831899;1,2175000;-0,6514910;2,9956501;3,5295601;4,7834501;3,7190599;4,5107799;5,5891900;4,9319701;5,3804998;2,2052400;3,6222200;5,7516198;5,6160998;5,6144600;2,5687301;16,4748001;5,6655102;4,4573302;0,0372458;4,5112500;6,8649101;8,5514297;4,6966901;4,0596099;8,5091200;5,1242800;4,9273400;4,0240698;2,7880099;6,9208698;5,0063901;4,5391698;2,4566100;3,5994301;3,5778100;6,4631500;-0,0505457;2,5180900;3,6217999;3,5131800;-0,3333210
319650;55988525;428028,799999999988358;5689446,200000000186265;330,7000122;0,0000000;8,9051304;-13,7895002;1,0663100;-2,8262300;4,2751002;4,1145701;4,4561000;-2,2749801;-2,8584499;-1,3008400;-2,5795400;-3,6819000;-0,0882974;-3,2248900;-0,7844000;0,9638760;-3,1498101;-2,6080000;-13,1615000;-11,9861002;-3,0167999;10,2010002;-7,3004098;3,7037799;12,0309000;7,2102199;4,6649699;-5,2094202;-3,1606200;1,2516900;-3,0164199;-3,7897799;-1,5358000;0,7723020;0,6976030;-0,6264830;2,7026200;2,8788400;1,6129800;-7,9030700;0,6585530;0,5924690;-4,8327498;-0,4687370;-3,7992301;-1,0189300;-0,7111360;-2,7145000;-3,5585799;-3,7000401;-4,1691799;-4,2600598;-5,2362099;11,6094999;-1,5440201;2,1863000;3,4985001;-5,9476800;-6,0107899;-5,2947001;-5,8183498;-6,7734599;-4,6687598;-5,5266299;-3,5343299;-3,5177300;-6,4393001;-6,7844801;-7,1601100;-1,1536400;-5,5143099;-5,2768502;-5,4928398;-5,6787300;-6,1778002;-1,0374200;-2,7142799;-2,9142101;-2,4527900;-4,0120802;-1,6795800;-5,3524199;-4,2075200;-5,9766002;-4,3841701;-4,4917498;-6,0913701;-5,3383198;-6,2131500;-0,6628450;-3,0067599;-2,8614299;-4,2313800;-3,8929701;-2,9578400;-4,7590098;-4,9945502;-3,0448501;-5,0261898;-4,5498800;-4,7444501;-3,1955600;-3,3789799;-3,2882900;2,9756801;1,0337800;-7,2940898;6,3833199;2,7242000;9,0673904;-16,8062000;2,5943100;3,9345500;-4,5902200;3,1046000;-8,9597197;5,6218600;-4,3382702;-11,1471004;-5,1573100;-7,3500900;-6,0092301;1,5360100;-6,6094899;5,5704799;-17,9008999;-2,9445500;-2,5870399;-6,6059399;1,3941200;-5,8278198;-4,6804600;-5,7935500;-3,1204400;-3,9979999;0,0772480;-3,6471300;-1,1565200;-3,7640600;1,8358700;-12,5094004;1,8564200;-2,0793200;-3,6657701;1,8098500;3,6635900;2,3707399;-0,3463940;-0,9765580;-2,9589601;-1,6675400;-3,8250699;-1,2228100;-3,4739599;-1,7613200;-6,5284100;-4,4834800;-3,4944601;-3,2382600;-4,4885998;-5,9003601;-4,8640299;-6,0875502;-6,2169700;-7,2147198;-6,4211102;-7,5096302;-8,9972095;-7,9552002;-9,4531898;-10,2705002;-8,3214197;-7,0756998;-6,6705799;-9,9458904;-7,6457701;-10,7156000;-10,7503004;-11,1865997;-7,2568202;-8,2469196;-7,1754498;-8,8478603;-8,2556896;-8,8558903;-17,7796001;-10,3197002;-10,5163002;-6,2872300;-8,7648897;-5,5385900;-5,6743798;-6,8822298;-6,4523602;-9,6425800;-9,8540602;-8,5741301;-7,1171799;-4,6774602;-4,9443698;-2,3211701;-5,1474900;-2,3928900;-5,9633098;-2,8578899;-6,6699100;-5,6001601;-4,6392102;-4,9628501;-6,3596601;-6,1898398;-6,2159600;-6,6790700;-6,5400801;-8,8844299;-6,1796799;-8,3383999;-6,8237700;-6,2537699;-7,0556898;-5,9569402;-7,6629400;-8,6046495;-9,8713703;-7,5749002;-6,4396601;-8,8813601;-7,4152002;-9,6851702;-9,2432604;-6,7799301;-7,6690798;-8,8386202;-5,8933101;-8,1592197;-4,3510699;-5,7172298;0,4502880;0,0135825;-12,1285000;-7,3640099;1,3722399;-19,8806992;-9,8858700;-1,5809600;-19,4018002;0,5977790;-20,8286991;-14,7209997;-19,5730991;-20,3442001;-18,5685997;-14,3311005;-17,1646996;-5,7002501;-8,6340599;-5,2839699;-13,8853998;-10,3025999;-8,3145800;-7,6730299;-8,4376097;-8,4094696;-16,4361000;-21,9995003;-12,4568996;-8,4574099;-7,5002699;-4,7926102;-10,1108999;-10,4596996;-12,1615000;-12,0370998;-7,1523399;-3,6296401;-5,1774502;-3,9456799;-9,1066799;-7,6988201;-8,6515503;-7,1301899;-5,0617900;-8,2081299;-7,7925601;-4,5604601;-7,8012900;-8,0393696;-9,5300503;-5,4625902;-10,3882999;-9,3505297
319876;55988751;428051,000000000000000;5689426,400000000372529;334,7000122;0,0000000;-2,8150699;0,2452260;-2,7194400;7,7655602;6,8653002;10,2378998;6,1541400;3,0809100;0,0239348;5,1809802;3,5033400;3,1513200;7,1946301;1,4524800;3,7589099;5,5391698;4,4335599;-7,2476101;10,9447002;-0,8581120;0,4160060;1,3654100;9,1393700;11,6535997;4,0839200;5,9249301;2,6178200;-0,9909770;2,8834400;-4,8251100;-9,0724897;10,5910997;-0,8502430;10,6712999;5,4808402;3,8431900;2,4332399;3,1160600;7,5478001;2,9953301;3,1164000;4,9020000;2,5053699;3,3954201;-0,5986220;5,0150399;3,8445899;1,4141700;2,6382501;0,2065420;1,1949199;-1,9701800;0,3758100;-7,7937298;-4,3918400;3,7977500;-1,2069600;-0,2170750;0,1938590;0,1282700;2,0397401;-2,1996000;1,5487000;1,3824000;-1,6800100;3,6105299;0,6774790;4,1570601;0,1674120;1,3753901;0,1879870;0,2735880;2,2028201;-0,3148250;4,4564099;4,1768298;3,6427100;5,5284801;0,4010950;1,1928600;3,1240001;2,2480800;3,1646199;2,8829100;1,9812800;3,8428299;2,9116399;2,2313499;1,4699100;5,2199602;5,1528001;4,5695300;2,4336801;4,5046902;3,2114799;-0,1707400;1,9399300;-1,5967500;1,1115000;4,8803701;-5,2797899;3,1917601;1,3138900;5,5246000;6,1073399;9,4270096;4,8564100;8,1227398;-7,3752298;7,5478001;5,3392401;7,2705698;2,2301400;-5,6922998;-6,9162798;-15,8584995;5,6607299;-1,3779200;-3,1300299;-13,3207998;-5,9923701;-4,0809598;-15,8529997;-6,4311299;-3,9806199;-0,0246472;-10,7653999;1,1727400;-6,2545400;-6,9065700;9,4340401;-13,0431995;-4,7914400;-10,8711996;2,2244999;4,7759900;-3,5741999;-2,4007399;14,2510996;8,8054895;4,0163498;-3,8004899;-7,9255600;14,0136995;0,1908190;-3,1342700;-0,3011980;1,5320300;5,7385802;1,2624201;-0,9444560;2,7426701;2,7214799;2,0033100;1,8626500;0,8177830;2,1665499;0,7596140;0,7002880;1,4525300;-0,7166380;-0,7881910;-3,8081601;-2,2333901;-2,8701799;-2,1124201;-3,8789301;-4,1888299;-2,6707399;-3,4779100;-3,5805299;-3,7681100;-2,8888700;-2,0158100;-2,5838699;-3,6711600;-2,6361699;-5,4949698;-4,6482701;0,1525350;-1,1817700;-1,7260300;-1,5571800;-1,3017900;-1,4616200;-7,2529602;-4,0861902;-0,4053020;0,3249890;-3,7160399;-1,4489400;1,4509701;0,7349590;0,7498540;-4,7849998;-0,9633260;0,3253500;-0,5266590;3,0123899;3,2681401;2,4368999;-1,9212000;-0,9295640;3,0008600;-2,8867099;1,7897201;-3,4372599;1,8902800;1,8178700;-1,1250499;1,6354600;0,2958970;-0,6345100;-0,5903020;-2,6506100;0,5218240;-0,1157360;-1,6814200;-0,4013390;-1,0605400;-1,3491700;-1,3002000;-2,1778300;-3,3906701;-3,2218599;-0,3296780;-3,1008301;-1,5216100;-4,6134701;-3,8945899;-1,4316800;-2,7709799;-2,5447099;-2,6159699;-10,6042995;-2,2991500;-0,0630097;-1,9386899;-9,2317495;4,5932598;0,0716805;-13,9441004;-3,2049301;-9,7646799;-5,7930698;8,5801897;-10,5651999;-8,0074596;-7,1772499;-5,9635701;1,2085100;-3,8886600;4,3283701;-10,8170004;-13,6928997;-5,1686902;-0,6555600;2,9915299;-5,4241800;3,3926001;-7,1822000;0,3027630;2,7296801;-1,0980500;-7,0811601;-5,6842499;-3,3604000;-4,4523602;-5,2163901;-4,7136898;-2,2075200;-5,3592100;-3,0181100;-3,9237499;-2,0592799;-5,3456702;-2,5301001;-4,5037699;-3,6705799;-2,0884199;-4,1099000;-5,5565000;-3,4571500;-5,1749802;-3,1758800;-7,7854099;-3,4083800;-5,7560101;-6,0721402;-5,4341402;-6,8602500
320072;55988947;428086,099999999976717;5689412,599999999627471;329,7999878;0,0000000;6,1706200;5,9361801;-1,4915299;9,8666601;9,9194603;11,9603004;11,3302002;8,3649502;6,9382401;12,5532999;8,6147499;8,0186996;13,7364998;10,1801996;8,1836205;11,6531000;9,3216295;7,0624299;3,7914901;7,0691400;4,5082002;6,6363101;4,3468800;6,6973500;5,7190900;4,1859698;3,9420600;5,8324399;8,1313000;5,8186698;11,1746998;12,8275995;10,7325001;9,6529999;9,7921495;12,0820999;3,7966800;10,4001999;5,1176300;8,0679102;9,3648996;7,5474501;7,2390399;7,9141002;6,3941998;8,0061598;8,4307299;6,5717301;9,0816898;6,4426599;8,6289501;6,5954499;6,2739501;7,2006502;-1,8918300;5,0247798;6,1720500;5,0864501;4,1983399;6,1941199;4,5742402;6,8350401;5,7441902;6,7962499;7,2355900;7,3163199;6,1453400;5,0566802;6,7030401;9,5307102;6,2681599;6,9183602;6,3647699;6,4133701;5,3706102;5,7235298;8,2009001;6,2964702;7,9014802;1,6438400;5,2778201;6,1183801;5,0230999;4,4195800;4,2475700;3,5091300;5,6028299;5,7549500;4,5942898;8,1823797;6,4094400;6,1818800;6,2300200;9,1111202;5,9108601;6,8744602;4,8552499;6,2291899;5,8544102;5,1220102;5,8268700;6,8247800;7,7561698;8,1769104;9,1064501;8,6874304;7,2119298;8,1095896;8,0809002;9,7656097;7,5234799;9,5684795;8,6957598;6,6609702;6,7711201;7,3352699;8,7687302;4,6632900;6,3746400;4,9062400;4,4515500;4,8373399;6,4779301;5,8517900;9,0972795;6,9958401;4,6929498;6,3557401;4,8313398;5,4162002;6,9495602;5,9053702;4,5906501;7,0122299;2,9019101;9,2859802;7,6518698;5,8503199;8,5545998;8,9729404;2,6396899;-0,7658730;6,1582398;4,6283498;8,0219603;4,9619799;5,6817799;8,4198599;9,2119398;8,9039001;6,0580101;6,9400401;6,6911702;7,6853399;4,9366002;6,7398400;4,2667499;6,6729999;3,6572101;5,7999301;4,4548302;4,7463598;3,7923000;3,6142600;0,1376260;2,3905001;1,6953400;3,1384599;1,3457900;1,7949899;3,2635601;2,8096001;1,4877300;3,0553000;0,1537570;-0,1011640;0,7242370;-2,0883000;2,1841500;1,6765300;3,3227899;4,1583900;4,2566700;1,8339900;4,4812999;4,3375401;4,6160402;2,3323500;7,0125999;7,0535798;5,3425798;7,0094500;1,3073900;3,6383200;0,0452323;2,2221701;2,7084301;3,1279600;2,3886700;4,0362501;4,6686702;3,5543301;3,3271599;2,8909500;3,3743200;4,7750001;6,3175502;4,5961900;2,7914400;3,7985499;3,2296300;3,3284700;2,9945800;3,4405999;2,7011001;0,7929700;2,7578800;2,4302700;4,8572102;2,7664800;2,0059900;2,8348000;3,4529700;2,3568499;3,9837799;0,9404850;2,5732801;2,4144599;2,4266901;2,5511000;2,4251699;3,7761199;3,3770499;2,8115001;2,8412001;2,6016500;2,2458000;2,3196199;2,3839300;2,3214700;6,2358699;2,6082399;4,6557698;1,3243700;2,5974500;3,2117500;1,4033900;0,9118080;0,6795240;2,5997901;4,8055301;0,5371860;-1,5866899;1,7035800;2,9484601;2,8373001;3,2672300;3,6113200;1,9250100;4,0484600;3,0146401;3,5453501;3,6075900;2,7455900;3,7798500;3,4712801;2,8246701;4,2665701;4,6230798;3,6399100;5,3685799;3,8565400;2,4530001;2,0826700;5,0579600;2,5490201;2,9046299;1,7459600;1,9591600;2,0059600;0,7332130;0,6095730;0,8322600;0,6781780;1,6159300;-0,8750700;1,3007700;0,7986770;0,6150630;-0,2997890;-0,3274130
321330;55990205;428147,500000000000000;5689336,500000000000000;330,8999939;0,0000000;-10,8544998;1,8539200;-21,9818993;-8,5190096;-11,2987003;-21,4510002;-1,7495700;-3,3167701;-8,1059303;-21,8703995;-18,2544003;0,0240965;-15,1673002;-11,5187998;-7,0123701;-1,4674600;1,2187500;-17,1588993;-7,8095498;-10,4087000;-7,9809098;-9,0442600;-5,0740700;-15,0720997;-5,1599998;-8,5416098;-11,3695002;-5,2111702;-11,0953999;-9,2251301;-12,5796003;-14,5747004;-15,9441996;-15,8573999;-8,4635296;-18,9869995;-11,7467003;-16,1299992;-14,1350002;-8,8517303;-11,2571001;-7,6099401;-8,4430199;-13,0956001;-9,7861099;-8,5291996;-9,0199900;-7,6261902;-8,8500404;-10,6442003;-9,9776001;-11,5415001;-9,3711901;-9,6378098;-16,2933998;-11,3957996;-14,4882002;-10,3701000;-10,1946001;-9,8779001;-8,7398396;-10,0944004;-7,7703800;-9,5733299;-7,6762800;-6,7320900;-7,4682298;-10,4779997;-9,1577902;-11,1153002;-11,7348003;-7,8344402;-12,4315004;-8,9345703;-11,2355003;-5,6948700;-12,9232998;-17,8985004;-9,2313004;-12,5737000;-8,3901796;-9,0128098;-6,0931401;-10,5776997;-8,6005802;-8,7973700;-8,8026304;-11,8241997;-8,4232302;-6,6617999;-9,3923502;-8,1083202;-11,5531998;-13,0822001;-8,6450596;-17,9246998;-13,6366997;-6,3828402;-10,6684999;-10,7362003;-12,2690001;-12,6027002;-8,9475899;-20,2150002;-4,7499399;-1,6129700;-7,8457098;-17,3080006;-7,8597698;-10,6468000;-16,4507999;0,6036670;-12,0207005;-10,4955997;-14,7554998;-17,4720993;-5,9557300;-9,5082598;-6,6031299;-8,4856901;-9,0088797;-14,0129004;-14,3803997;-10,2741003;-5,9719200;-12,9567003;-10,7192001;-17,6427002;-10,9934998;-12,8870001;-11,9401999;-16,2185993;-13,3597002;-16,2462997;-7,7295899;-16,2355003;-9,6023502;-12,3045998;-11,6184998;-11,0702000;-9,4914198;-10,8238001;-13,0197001;-8,2269497;-6,4030199;-14,0242996;0,3454790;-8,9526596;-4,7025399;-8,4085503;-10,7319002;-8,0488796;-7,5500798;-7,9129300;-7,5888400;-8,2067404;-8,5058699;-9,9153605;-11,1269999;-9,4217796;-9,7354698;-10,5120001;-11,7701998;-13,1535997;-12,6506004;-12,3476000;-15,0370998;-12,7054005;-12,4602003;-13,6461000;-14,0778999;-11,7851000;-13,2525997;-14,9455996;-14,4796000;-14,8664999;-12,5035000;-16,4825001;-12,7762003;-12,6681004;-11,6164999;-10,8822002;-16,9953995;-5,3786802;-9,9765396;-23,0296001;-6,2251101;-9,9022503;-9,0868101;-9,9874296;-6,2023301;-16,2728996;-9,8761301;-19,5970993;-15,5089998;-12,2304001;-7,9377799;-15,0458002;-12,0951996;-11,5226002;-11,2900000;-13,5118999;-20,6263008;-17,0226002;-15,5437002;-13,4320002;-16,4274006;-8,5927296;-11,2965002;-11,3219004;-10,1351004;-12,6957998;-11,7681999;-12,5275002;-12,7322998;-12,7339001;-11,3256998;-12,9055004;-11,6781998;-11,0721998;-11,9320002;-13,2278996;-11,7523003;-10,9952002;-10,3030005;-10,5098000;-13,6129999;-11,2922001;-18,2019005;-14,1729002;-12,0904999;-15,0415001;-21,5349007;-11,2013998;-6,8652201;-5,0804601;-4,1565599;-21,3197002;-20,2003002;-6,1976800;-7,6298399;-15,6686001;-16,7826004;-14,5347996;0,4240980;-7,5941401;-7,6028900;-17,7684994;-6,5692801;-7,7031498;-8,9799805;-13,2847004;-12,5747004;-22,7355003;-18,2975006;-2,2390800;-20,1646996;-2,3931201;-6,6747198;-2,9868400;-1,0769399;-0,0009956;-0,2794040;-17,5900993;-4,4358602;-9,0159197;-2,8553100;-11,9490995;-14,1737003;-16,5449009;-8,9786997;-5,5002599;-9,9633303;-8,7234602;-2,7772501;-10,5911999;-9,1094398;-7,8661599;-12,7479000;-8,9343996;-11,2201004;-10,0570002;-12,1641998;-12,4743004;-11,1379004;-11,0544004;-11,8922005;-10,8073997;-13,7428999;-12,5114002;-13,4218998
321547;55990422;428177,000000000000000;5689318,599999999627471;328,2999878;0,0000000;13,7444000;15,0265999;7,6158900;13,6043997;10,3851995;18,5100002;11,5967999;15,1864004;15,0913000;14,9256001;10,7607002;13,0459003;17,9491997;12,9991999;14,3380003;14,9439001;12,4252005;7,6944900;1,0892299;8,3318195;26,3246002;27,3285999;11,3905001;19,9983006;26,2534008;3,4940500;23,8497009;2,0875001;8,4797602;9,7558899;15,9201002;9,2716198;10,1445999;11,6070995;11,9027004;7,4778800;8,2952003;10,0481997;11,3698997;11,3676004;15,3585997;13,8348999;12,2708998;15,6733999;13,0257998;12,9250002;11,3559999;13,6907997;12,0094995;10,1688004;12,4673996;10,5602999;10,1063004;4,3850899;17,4815006;7,0847802;6,9587102;10,8865995;11,9796000;11,6805000;8,8225899;7,4090800;9,9868803;10,1363001;10,5128002;12,0723000;10,1822004;8,8309402;9,1267004;10,3078003;7,0647802;4,6186099;12,6407003;7,6088200;9,9200096;14,8466997;9,9353800;9,9987497;7,7428999;5,5850000;10,7947998;12,4488001;13,0298996;10,2201004;13,8390999;12,5614004;10,1800003;12,7676001;13,7254000;15,0205002;7,1287899;10,6847000;10,3270998;16,4575005;13,4848003;11,0404997;10,3487997;8,6949501;14,1683998;10,0123997;17,3293991;14,4134998;11,2228003;11,8688002;8,8341103;6,3104501;-0,5742330;24,0424995;16,6902008;20,5347996;15,0619001;17,7399006;10,6184998;2,1975901;0,4952510;15,9827003;12,2297001;17,2399006;22,4115009;18,4102001;-1,2993000;16,3206005;14,0174999;15,2737999;-4,2697201;17,5109005;18,1905003;13,2044001;1,0074800;15,4801998;17,5023994;17,5396004;10,7673998;14,4923000;11,0593996;6,8783698;14,0538998;10,3282003;9,8921700;7,0999398;15,1238003;18,9587994;15,3193998;16,7213001;9,5844498;-0,1262360;12,1880999;9,3223495;13,2855997;12,0924997;13,5541000;12,8603001;12,7445002;12,2995005;11,8589001;10,5888996;9,5568399;10,3831997;9,1914902;12,2280998;8,3265896;8,5612001;8,3114996;5,2131300;6,4788198;6,2086902;5,5298100;8,4785299;7,0991802;7,2229300;7,1486301;6,4858699;2,4230599;5,9837298;4,1475701;5,2035398;9,4719296;4,0304399;5,4745102;6,2966700;8,2423801;8,7876997;7,1846900;5,6338201;5,2356000;4,6293201;3,4589200;3,1154101;6,0481501;7,3600302;7,3617802;7,1661701;8,8572702;7,4432302;4,6994801;4,7375398;5,2913699;4,8653202;6,0464501;8,0210104;9,3544197;5,3242698;2,3684199;5,9910302;3,7688701;4,4625802;4,1694002;3,6143701;5,4980302;5,0982199;5,9978600;4,7420301;3,3687301;9,0063896;6,6426902;6,8084102;3,9357200;3,9283600;4,3171301;5,1979098;5,7870202;9,2442598;6,4148598;4,3557601;5,1312399;4,2458801;6,9384999;9,7295704;5,0808001;4,0312500;9,3248596;6,3403902;1,5366000;5,8501801;8,9426298;1,3195900;6,9107499;0,8425900;-1,4162700;7,0543399;0,0620537;13,0395002;-6,6549702;-3,8118601;3,4824300;0,4500100;-2,2517700;-0,7885890;16,1945992;-2,6605599;8,6083002;15,5365000;9,9928799;-4,0267000;4,6617699;2,9075301;-5,8802700;0,8768710;2,2865000;0,5167940;6,2757301;2,4105000;3,7709999;6,3010101;6,0982900;6,9032102;4,5557098;5,1066899;6,9600501;5,6428699;6,8015699;4,9973302;5,1578302;6,5269499;7,9066901;5,0581999;7,0277600;6,5678902;5,5758200;5,3040700;6,2840800;5,6083002;4,0081000;4,4933801;5,6711102;3,8797901;7,1441498;4,0984802;2,1294899;2,5887401;6,7259998
321968;55990843;428197,099999999976717;5689294,200000000186265;330,7999878;0,0000000;10,7722998;17,0414009;3,8241899;15,0197001;11,2068996;17,6982994;20,8857002;23,2493000;15,9482002;12,4849005;13,9569998;13,3086004;13,6230001;10,7782001;18,4062004;12,4414997;15,3759003;16,5365009;0,7565780;7,1591702;14,2561998;5,9267802;4,3893800;3,4401100;16,4125996;16,4636993;10,6522999;25,1818008;11,5443001;11,4759998;10,8066998;16,8337994;20,6779995;18,8455009;20,0249004;13,5738001;18,3810005;11,8234997;6,2372298;10,7397003;12,6887999;14,7054996;2,8543899;11,6799002;10,1042004;9,6273403;8,8928804;10,3522997;9,3111601;8,5187798;8,9314804;7,4132600;9,6618099;7,4705601;21,8376007;8,9000397;9,2467604;8,5457296;7,0785198;8,3157797;8,2406502;8,4194298;9,2522898;10,0574999;9,3439999;10,9096003;13,6310997;10,8458004;12,0116997;9,7189598;11,6280003;13,2951002;6,4956102;11,7764997;9,9702501;7,7136402;11,2356997;15,7644997;12,7813997;9,4609699;11,9062996;7,2793298;12,1851997;9,1395597;9,4483500;6,9167399;10,4489002;9,7751598;7,2982602;9,9216499;10,1134996;12,4224005;10,1992998;9,9635801;11,4041996;6,6493602;13,8372002;4,8186898;11,1113997;17,1133995;9,5443401;9,6819296;11,7788000;12,4659004;12,2084999;13,1426001;-0,2482890;6,0702600;13,8073997;4,2791700;7,6295700;10,3438997;8,1007900;13,1632996;6,4148502;14,0267000;12,1667004;16,0755997;9,8407402;9,4102602;9,5650196;7,4860101;11,1226997;5,3790998;3,0058000;13,8396997;-3,3357699;7,1139598;4,3054600;5,7777700;7,4008398;12,2103004;-4,5161400;4,1776700;5,0769601;-0,5041700;3,9519401;6,6722498;9,6897802;-3,0570099;4,3194499;3,1346700;9,6966400;6,4991398;1,1718400;10,4370003;12,2565002;10,6957998;16,2777996;11,6222000;17,1299992;12,6549997;11,7198000;9,8237305;10,2391005;11,2052002;12,0951996;8,9217596;9,3231697;7,5139298;5,2604299;7,7576699;2,6725399;6,7509499;7,6568799;5,0918999;5,3377099;3,4601600;5,7277899;2,5314300;3,4835999;2,9149699;3,8095601;4,9088001;4,6261501;1,2579800;3,8946600;-2,6920199;6,3264799;8,0714798;2,3405399;4,9021602;5,4234200;8,0100098;6,4795299;7,8146701;10,7842999;5,4114299;13,7241001;14,4713001;5,6490898;7,1182499;1,0694900;8,9657402;10,8618002;12,1441002;6,2163801;12,2264004;13,3711004;11,7074003;-3,1402099;7,5145502;8,9340401;6,1266398;12,4243002;11,4989004;13,2456999;11,3532000;13,6385002;8,3564997;6,9055099;6,1604900;5,9203100;4,4550099;4,0179100;5,9381499;7,0348601;3,1984701;4,2816300;5,6815901;6,3548698;7,5015702;3,8064201;3,2231700;4,5204802;6,3527899;4,8260198;4,6483698;2,4025199;3,8728199;2,0947700;3,0642800;8,0326204;2,6790299;8,5685902;2,2932799;11,6185999;-1,2854300;-2,8364000;0,3907430;3,6324100;-7,1311798;-1,4579700;-2,9354999;14,7982998;0,2293620;-6,0060802;2,7744200;0,4238710;-2,8912301;3,2435000;3,4254999;3,4059801;6,7482400;8,8899698;15,8718996;8,4402399;6,9433198;-4,1254802;13,2136002;1,4776700;8,7729902;0,2012450;6,2921700;6,1003599;7,4570298;6,3815799;1,8607900;0,7997930;3,4390600;2,4175501;2,2182200;6,5961900;8,0473204;8,6438503;4,7542000;0,4199300;4,6279802;2,3805599;5,7685099;0,3195310;0,5162880;3,5630500;2,0511899;3,4052100;2,6080699;0,6846550;0,6947000;0,3364210;-0,5205000;0,0752459
322182;55991057;428229,099999999976717;5689280,900000000372529;323,1000061;0,0000000;-3,8437300;3,1118901;-2,1664100;-3,6440401;-1,6335100;-4,6758800;-6,8412499;-2,4155300;-4,8529902;-7,5937300;-7,5202198;-5,9025502;-6,7122798;-8,4343500;-8,6981897;-10,0826998;-8,7547102;-16,9342003;-9,8816500;-8,2154503;-18,9314995;-8,6691704;-6,0980501;-15,8540001;-6,5042901;-21,5874996;1,6648300;-6,2847700;-0,6247620;-11,0922003;-6,7468600;-6,4664798;-9,2050104;-6,0688000;-7,8431501;-11,4884996;-10,3211002;-10,2327995;-9,4539499;-9,4683104;-10,7805004;-8,4884005;-12,3346996;-13,1815004;-6,0571699;-6,6333399;-7,4678502;-10,2793999;-9,1944704;-9,3483801;-10,4911003;-9,6444502;-10,7084999;-13,4903002;-20,5699997;-16,8013000;-8,2087202;-12,6590004;-12,3266001;-9,9408503;-11,0839005;-10,8674002;-11,6078997;-11,5469999;-10,0046997;-10,6155005;-10,3463001;-10,6173000;-9,6536398;-11,4238997;-10,6441002;-11,7938004;-12,9413996;-8,0398998;-10,6773005;-13,6618996;-11,5798998;-10,5400000;-11,7020998;-11,2046003;-12,1485004;-11,6914997;-12,1952000;-11,8874998;-11,8614998;-6,5186300;-10,7445002;-9,2576504;-11,7391005;-11,6141005;-11,2545004;-10,1532001;-10,4180002;-9,3767500;-6,1139498;-9,8656702;-11,6945000;-11,7974997;-13,2216997;-13,1630001;-13,0102997;-13,1143999;-9,3106804;-10,1864996;-11,9372997;-12,5208998;-6,1412501;-15,9752998;-14,0825005;-13,3313999;-13,2552996;-10,9948997;-7,5834098;-2,2153001;-10,6078997;-9,8365898;-1,4652300;-12,9668999;-11,8212996;-10,9614000;-7,2711601;-10,5723000;-12,4988003;-8,2873201;-13,8580999;-23,5326004;-9,4091702;-9,6186199;-11,0284996;-10,9048004;-7,0298400;-9,8764601;-10,3100996;-12,8056002;-12,6851997;-7,2280798;-20,1767006;-7,8008900;-5,4907899;-5,2959900;-11,8491001;-4,1470399;-8,1389799;-3,3813601;-16,3115005;-10,7177000;-10,9055996;-10,7371998;-11,3254004;-10,0204000;-10,8535995;-8,7589598;-10,2616997;-10,9693003;-10,4794998;-10,3563995;-11,0684004;-11,3359003;-11,4997997;-11,2131996;-12,3476000;-11,8518000;-14,1168003;-13,7337999;-14,5382004;-13,1122999;-13,1941004;-14,8882999;-13,0251999;-15,1420002;-16,2455997;-17,3141003;-15,3283005;-17,2098999;-14,8767004;-16,9526005;-11,2704000;-20,2464008;-14,7392998;-14,4869003;-13,7524004;-12,2329998;-14,9640999;-12,3822002;-15,6610003;-15,3491001;-15,6671000;-15,2507000;-15,3213997;-14,3573999;-13,3107004;-15,8037996;-11,3372002;-16,0310001;-14,9221001;-15,0268002;-16,5534000;-8,8079205;-14,3643999;-11,3174000;-14,2770996;-18,6564007;-12,2817001;-15,0262003;-14,8191996;-14,1616001;-10,7699003;-14,7691002;-14,1152000;-14,9809999;-18,6205997;-15,4177999;-16,4687004;-15,5045996;-14,0086002;-15,9954996;-15,4445000;-14,2488003;-15,9678001;-14,8020000;-14,2076998;-14,6899996;-13,4784002;-14,9619999;-13,6619997;-14,7286997;-12,7700996;-12,2353001;-14,0409002;-13,2074003;-15,9102001;-13,7481003;-15,1894999;-15,5256004;-17,4085999;-15,5740995;-14,1136999;-13,0976000;-12,1847000;-11,3598003;-11,5812998;-9,5257902;-9,7289896;-11,4041004;-9,0154696;-8,3445902;-10,1063995;-10,9420996;-12,0606003;-7,6326599;-12,7858000;-9,1738100;-21,3106995;-14,0000000;-8,9563904;-12,9407997;-15,3264999;-12,4470997;-13,1286001;-15,7814999;-13,2926998;-13,2854004;-15,4385004;-19,5095997;-13,8606997;-19,3355007;-15,4354000;-15,6504002;-13,7643003;-17,6387997;-13,5816002;-16,8878002;-16,3230991;-14,2643995;-13,9407997;-18,7371998;-12,8648996;-17,8481998;-15,9792995;-13,9320002;-19,5394001;-17,4454994;-19,5764999;-14,6072998;-16,2747993;-16,4337997;-19,2219009;-16,3204994;-17,4102001;-13,5576000;-14,1129999
322183;55991058;428226,299999999988358;5689283,400000000372529;319,2999878;0,0000000;0,7576100;4,9574599;-1,7663800;-6,9614000;-3,9559400;-0,3532690;0,6654720;3,8981099;2,3335700;1,0934500;2,7451401;1,5513000;0,5758600;-3,6115301;4,2994299;1,6418400;-2,6501501;11,2357998;1,1464800;6,3629098;-9,0921803;4,3134599;1,0166900;5,6671600;4,2436800;10,6491003;-0,5061860;7,0952001;-10,5801001;1,8848900;-5,5991602;-4,5725098;-3,4020100;-6,3309898;6,6459799;-0,9587200;0,2557560;-0,7454060;-1,7690099;5,8769698;-3,2537401;4,6052599;2,2184100;2,9394801;0,7787380;0,3042970;-0,3375700;1,1645600;4,2003198;0,7537800;1,6053400;1,8436900;5,9070802;-8,6687803;10,5404997;0,5140450;0,2064830;-1,2744600;0,4908830;0,0614059;-1,4304399;0,0312606;-0,4494880;2,0609801;-0,5828830;0,0824205;2,1007800;-0,2891040;2,8488801;-2,3606801;1,5177300;2,8342800;0,0701704;2,3473499;1,3968800;1,9174900;1,2757800;1,4068700;2,2186699;-0,2361410;-0,1849620;0,5309180;2,6952600;3,6475501;-1,2020000;0,6071860;-0,1848830;2,4484999;-0,7320600;0,6154170;2,1131599;1,9575300;0,6923140;5,4773202;0,9245400;0,5435420;-1,2844200;-0,4962940;-1,3548300;0,8327600;-2,7105601;7,5204201;1,6314501;-10,9219999;0,7202380;-1,7607599;12,3827000;-5,5090699;-12,4483995;-10,6518002;-9,0886497;-4,5946999;-0,7717290;1,4927800;-11,6458998;-17,1543007;-6,1358099;2,5151999;9,6533098;6,1432400;-2,9342301;1,7404799;-7,3417602;-9,8785696;-11,3239002;-5,9194298;-1,9141901;-11,8922005;-1,5413700;-10,1138000;-4,8449402;0,0022051;10,7922001;-1,4203300;-6,8145099;-0,4723310;11,0679998;-8,2854204;0,5353940;2,2236300;0,4588750;-6,2543402;-6,1128702;-9,2378998;-4,3876801;4,7772102;-14,9033003;2,9455400;2,1113100;-1,1520500;1,1457200;1,9269600;1,3948600;0,2095770;0,4639390;0,2321180;-3,1750500;1,2360100;0,0305169;-0,8789760;-1,9846100;-0,9614760;-2,1231699;-2,9558499;-2,5923600;-4,1109300;-2,8086300;-5,7055998;-7,5139298;-3,4247200;-7,8228798;-4,9599800;-6,3322401;-7,1479802;-1,9462900;-9,6664104;-2,2765801;-10,0044003;-2,4785700;-2,8678401;-2,9418001;-3,1492200;-6,4679298;-3,6729300;-7,1049700;-7,0285001;-1,4015300;-3,7760501;-3,6557901;-2,7361801;-4,4143701;-3,0079401;-2,6048100;-5,3314800;-2,7279201;-3,8640699;-3,5714400;-5,8902502;-0,7050120;0,7074260;-3,1464801;-3,6107800;-5,3657498;-5,2608600;-1,5185000;-1,9116200;0,5378780;-3,0188601;-1,3626800;-1,4560699;-5,8694100;-4,9456601;-4,5520301;-2,8108799;-3,4929500;-5,2388000;-2,4506400;-2,1358299;-4,7347999;-3,3388500;-4,4610500;-3,4294600;-3,3552001;-1,8394001;-2,3405299;-4,7392998;-2,4028001;-4,2130699;-4,3396602;-3,0851400;-6,5520701;-2,4714200;-3,9250000;-1,5715400;-7,7045698;-8,4939804;-8,8539305;-9,3717203;-2,8913500;-8,9414902;-5,0531602;-3,3100500;-5,3773699;-1,9543700;-3,6361499;-6,9893599;-1,4086699;-0,1964840;2,9331601;-0,9355560;1,1725200;-1,1504700;-5,4150600;-2,5002501;-4,9330902;-1,8224500;-1,7129000;-4,0763302;-2,4416201;-6,9490099;-4,0506201;-7,3203902;-4,6326799;-5,0759602;-1,3903900;-2,8781600;-1,5316401;-2,6026199;-2,6766200;-4,3181500;-1,2583500;-1,0886500;-1,4713500;0,0860809;-2,0984099;-4,0510602;-2,7424600;-3,8253601;-6,1378298;-5,2120800;-4,2965298;-3,8929701;-4,3843198;-2,9250500;-4,5923700;-1,5603900;-5,2304902;-2,9895301;-3,5711401;-9,4154701;-3,6305499
323172;55992047;428292,599999999976717;5689221,400000000372529;328,2999878;0,0000000;-6,1491699;6,7506599;-0,7709860;-1,0804400;15,8584995;7,4520798;3,1806600;3,6049099;4,3832598;4,6355700;5,8416600;5,0459099;7,5362401;5,5063801;5,4035802;8,5656204;2,9311700;4,8660998;13,8323002;-5,6650701;12,2983999;16,6821995;5,1720700;11,7954998;3,7196801;-6,0791302;-4,1130500;-2,6855400;-4,7688899;0,7820760;-4,8243098;-8,0947704;5,0866499;-3,2246699;-0,3166640;1,4465300;-0,7208570;0,8932910;0,8705080;7,6128702;3,7619700;5,0448999;3,4460700;2,4595799;1,5528700;0,2392390;0,8836140;-0,6094570;0,9432870;0,6439860;1,6921300;2,5178699;-3,2444000;-6,4070902;7,6379900;7,3218498;-4,3281102;0,5669510;1,4903500;-0,3771910;0,6358090;-0,4230600;1,1957901;0,3319640;0,7395160;1,0169600;-1,2216001;-1,0868000;0,3503110;1,6003799;-1,5448800;-0,4367550;0,2732660;-3,3394201;1,5052299;1,2297100;-0,3274640;0,0665536;1,6285501;-0,6213000;1,7860800;-0,3760500;1,3006099;1,2502900;4,9694700;4,6305900;2,5385599;2,0289600;4,2217002;6,6739101;0,7091150;1,5492200;2,3230100;0,4617520;-0,1882810;-0,4170480;0,7569840;1,1568700;-1,7046200;0,1737670;-1,3668900;1,9763800;3,0431299;0,2088790;-0,2897410;0,7886080;-8,7250204;-12,6012001;3,8756399;0,5883090;-3,5022399;4,2179899;2,8128300;3,5552001;-5,9506202;6,7937698;11,1457996;-0,2100830;3,0475099;-0,6358270;1,3150899;2,9893501;-1,9094900;-1,1941200;11,5059996;-16,2723999;-5,4398799;-10,1091995;-3,6515601;-0,7579230;2,5037501;7,9654102;5,8525200;-16,6144009;-9,6604795;-15,0618000;8,3338804;-0,3589830;3,9195800;6,4073601;-6,7291298;-3,0316401;-4,5152998;-9,2226696;-7,2438302;2,0051200;-0,2910800;1,7029999;2,8011401;2,5134900;-0,8270820;1,4779201;2,3502901;1,0591700;-0,3679920;2,9924099;0,4661010;1,4140600;1,4953800;-1,8000200;-0,6504560;1,2234401;1,3055400;-1,6786200;-3,2276101;-3,5503199;-2,1353300;-3,7674799;-6,0304699;-4,0012898;-1,8149500;-3,4042799;-2,9686601;-4,9304800;-3,9563501;-3,5854700;-0,4088670;-6,0983200;-3,6988001;-3,8759100;-3,9199500;-5,7745800;-4,2325902;-3,1097300;-3,7523000;-3,4687600;-6,4502101;-7,1198301;-7,1098499;-6,7354999;-3,5238400;-3,7400301;-3,4362700;-4,9514699;-4,4791198;-2,9289300;-4,3839898;0,1306890;-1,9273000;-4,4715099;-3,0699301;-6,3278098;-5,7771902;-2,6660700;-2,9232299;-2,7540200;-4,4478798;-4,0731702;-1,8403400;-4,1048498;-6,4349799;-5,4105501;-3,4219100;-3,0648501;-3,4754801;-7,3941698;-3,5585799;-4,3319502;-5,8350401;-4,2232299;-4,4352002;-4,2169399;-5,5856900;-4,2871099;-2,8124199;-4,0063400;-4,2631898;-5,0569100;-5,4176502;-3,8942800;-3,1338401;-4,2749500;-4,2601500;-4,8476400;-6,0992498;-5,6282301;-6,4241900;-4,4264998;-4,7729301;-9,9966202;-5,1097798;-11,1212997;-8,3830900;-5,7944798;-14,1659002;-13,9027004;-7,5141001;-11,2102003;0,0215173;-4,5384402;0,0725660;-3,7515700;-5,9774199;-5,9794502;-6,4980302;-5,7735600;-0,1770380;-1,2174500;-8,2729197;-6,1546202;-3,6162300;-3,4621501;-4,0012798;-8,0501604;-2,6639900;-4,9525199;-2,6101699;-4,1789098;-3,8155200;-4,9116302;-4,6926198;-5,5385399;-4,4496398;-5,1558499;-0,6766180;-5,7217698;0,0658700;-1,0795900;-2,6892200;-1,1163100;-3,9719999;-3,3925400;-6,8172402;-3,7053599;-2,7994001;-3,2444899;-4,0477200;-4,0744500;-5,7955298;-6,2745700;-6,0861602
323928;55992803;428408,900000000023283;5689149,799999999813735;333,2000122;0,0000000;-1,3633900;1,9281100;0,2783660;4,0484200;2,2580800;5,3959298;5,4885001;2,1876700;2,5385900;0,3270420;1,8598300;3,4982901;2,5615101;2,1626000;3,0500700;-2,7667401;2,6711099;0,3456620;1,6562700;1,4434201;1,5494400;3,7087500;2,8880799;-0,1976280;3,7401900;-0,7519280;0,6536360;1,9840500;-1,7935600;2,4869900;1,9072500;2,0485599;3,2620201;4,2954502;3,5887001;1,9947701;0,9945260;0,4884190;3,5195601;2,0815101;2,9963300;4,0841398;4,2643199;-1,5289201;1,8229800;3,5413001;-1,5877100;3,0236700;4,8912201;1,5921100;4,1433101;2,9575801;3,5502801;5,4140601;-5,8512301;3,8222301;0,7981610;-0,0876579;0,9757060;3,1911700;2,2939601;4,2295299;4,9739599;3,2500501;4,2521300;3,1729200;3,1145599;4,1177201;3,8370900;2,5715401;3,2828500;4,9284401;1,5754400;4,1272101;2,9930000;3,1905301;3,5283999;4,6343999;2,6363101;3,6064401;3,3141100;0,7884240;4,3116002;2,9738700;3,3277400;0,3343250;3,4057300;3,0455799;2,9026699;1,1410900;3,5728600;3,9050801;3,7134900;5,7256799;2,5741899;2,2724199;1,5819900;2,4629700;2,7059100;3,2649901;1,8242199;1,2849600;2,6231999;2,6144199;2,6616700;1,8756599;-0,2635320;1,0072500;3,1841700;4,0644898;-0,3875540;3,1880000;4,5529699;3,7379799;1,4745899;3,5471900;4,4902501;2,0736101;1,8457500;0,7434630;0,9713290;0,2370270;0,5353440;2,7772501;0,2732550;1,8804300;1,4791900;-0,2454390;3,7505000;3,0858099;2,8885701;4,8532200;2,8412099;3,2850299;2,6667399;1,2080400;2,6640401;2,4277101;3,4426799;1,8228700;1,3513700;4,6563401;2,3668001;3,0482900;3,5448201;5,1820798;5,3593602;3,3772600;4,6838102;1,3670700;4,3697701;4,3281798;4,4989901;4,0645399;2,4997301;4,4268899;5,8784099;5,5892401;3,8969901;-0,0844598;0,8431460;4,4266200;3,8087201;3,5241799;4,0755100;2,8225701;3,2131000;4,2082300;3,0190101;3,2042601;2,5309100;2,5497799;2,7406700;0,9577610;2,5183401;-0,4305920;4,1584702;-1,6212600;2,9663000;3,8724699;4,5735002;2,6492801;2,9968801;2,7387800;2,3290801;1,6916000;2,1795101;2,2112601;1,8167300;1,5597800;0,9005220;3,1252000;-1,7933400;1,0314699;3,2991300;1,9304800;3,8656900;2,3439000;4,5083499;5,5640802;3,6909800;0,6381700;2,8832700;2,0832500;3,3940301;2,9417801;5,3211398;3,7954700;3,6601200;2,9381101;2,5618601;2,1832600;2,0026000;2,4475300;0,0235939;0,3671520;2,0539501;2,8875501;0,9256460;2,3776500;1,1917200;2,7028601;1,2521200;3,6489401;3,8010600;2,8708000;2,3850901;1,6587900;1,1961401;4,1698999;-0,4117680;2,2486300;2,3656499;0,9133120;1,3659600;0,7680630;1,3343800;0,7587190;1,7006600;1,2875400;1,4665101;-3,6740000;2,0315599;1,7470400;2,4391501;1,8607301;1,8986900;2,2033999;3,3792000;1,7038000;1,5534500;3,2551100;2,5349801;3,6909201;3,0432701;2,9843700;5,7472601;6,8413301;0,9383500;6,1129699;2,7332101;-0,0440931;2,2019000;3,1205599;5,7605500;2,9064801;6,4218001;6,4646401;5,6393399;5,0830898;4,3269000;4,5355701;3,0777199;5,3662601;4,1034698;3,4568901;2,6894600;3,9913900;3,0899200;4,3804498;3,9906800;5,2368202;1,8478800;5,6789098;4,6660199;5,2286501;3,7927699;5,2700500;4,3848801;2,8241799;4,7428398
323929;55992804;428409,900000000023283;5689153,200000000186265;324,5000000;0,0000000;1,2640001;-0,8302590;-0,8517090;4,3344102;2,4193699;1,5009400;8,4616499;-2,1336000;-0,7528050;-2,3319900;-10,2377005;5,4102898;2,8297801;1,2272700;2,3097100;-0,6611180;1,6037500;-1,4142400;2,2699699;1,1781300;3,3429599;1,4231499;3,0924699;1,4428700;1,0404299;-0,3864020;1,9658500;6,5113401;-1,9774801;0,8967440;-5,8482900;-1,7853900;5,8396502;-0,2560210;2,4164300;0,5867470;1,1731100;-1,3307800;-0,5102010;-0,1191440;2,3283300;-0,5283620;6,7491002;1,5347500;0,1955640;0,8758840;-1,4907100;3,0715101;1,8682700;-1,1593900;2,0230300;1,0649199;2,2447901;11,5944996;-0,0334191;4,2791700;-1,0601300;-2,1366000;-1,4995199;-1,4513500;-2,5525200;-4,9755402;1,7777500;4,0810499;-4,2370701;1,1038600;-2,3582201;-1,8977500;-2,6406600;-2,7181900;-2,9176600;-0,7554930;0,8929210;2,3108499;1,4107200;4,7195001;4,2628798;-0,3331840;1,1319000;-1,8449600;-0,9020720;1,4186300;3,5544200;0,1173920;4,7227602;4,3132801;1,0818300;0,6995830;2,2873900;1,7702600;3,1684401;5,1103802;5,0025101;5,1354299;0,8804150;2,2416999;2,6137099;5,8297501;3,7383499;1,5764199;1,7989900;2,4840200;0,5568480;3,9360499;1,3677100;0,3535490;1,6936700;2,8088400;1,1418000;3,0119801;0,7170760;4,4008098;3,9201300;4,4531598;3,5279300;3,9239700;4,7567501;0,8026460;3,1952901;1,8861500;-8,0267096;5,4333701;1,8337600;2,2712500;2,6015999;3,6602600;-1,4030900;5,4651399;6,0759802;4,1873202;4,5438199;6,8635702;6,6512299;5,9653702;1,8376600;0,8819830;1,8463100;1,4953200;3,1562901;2,9741900;-2,0661800;4,6369100;1,4228600;1,3290700;11,6325998;4,3836398;6,8165898;3,5196400;5,7608900;3,1417699;4,5915599;3,6095600;5,4675002;2,3617899;2,9007499;3,8061700;3,9646399;3,2178600;2,3568201;2,3318901;-1,2256401;2,0340400;2,7095001;4,4500599;4,6329999;4,2289200;2,2269399;2,7296700;3,2205901;5,3101301;3,1568799;2,9014699;3,6084599;0,0052424;4,3623800;1,5526700;4,1338201;-1,0735000;1,8038501;2,0347700;1,3169500;2,3161600;0,6358930;1,2608600;2,4470401;0,9059870;0,6745850;-1,3401901;-0,5532670;-3,3629000;-4,6867399;-4,5088601;-0,6024950;-1,0954700;-0,1182970;-2,0554800;-6,6759000;2,6251400;0,9738640;3,9496100;-4,8091002;-2,3802500;-0,9535640;-1,8982800;4,8798599;3,9875100;4,5565701;3,4093800;3,0534000;1,4724700;3,2770100;0,8595400;-1,4302800;1,7761500;1,5696400;0,0497336;1,9053600;0,0744896;0,9521310;-1,6491100;3,4302900;3,1171401;2,7713101;2,2780001;1,2550200;0,4667880;1,8338000;1,9200200;1,5442400;0,4147140;0,2094010;0,7949720;0,1817680;-1,0748500;1,6393800;2,1310999;2,0786300;1,3660200;0,7094510;1,8415999;0,5704440;-0,0183783;1,7007999;2,3345101;1,9622999;0,9564140;1,2161500;1,0209800;0,6551160;-1,1058500;4,0930700;1,3378201;-1,0358200;-0,8663950;-10,4734001;12,2503996;3,0840199;3,9843400;-3,0709801;-4,5884299;4,3540201;2,2796700;2,3944299;1,5839100;3,9398899;-1,6119000;3,2677300;4,7329202;7,0941801;4,4827800;-0,3439160;0,5790430;-0,0944533;-0,2400910;6,0437102;2,1821899;3,9315400;4,9015002;4,1370301;-0,6091850;1,9412400;5,4707398;0,6556410;2,1442001;1,3609000;6,1510301;4,2247300;4,3484602;4,6034098;1,2643900;3,8381100
324522;55993397;428389,400000000023283;5689124,299999999813735;333,5000000;0,0000000;-0,7098210;-2,2693400;-5,3591199;-0,7792060;1,7766200;3,1972201;-3,5461299;-0,1407100;4,3232198;4,2149100;-0,5826190;-2,6815400;5,9807601;-0,4125850;3,8451200;6,8432398;0,4866780;0,5026520;1,1878000;-1,8273799;1,4898800;-1,2948400;-0,3378640;0,1295190;-0,1468390;-2,5847800;0,2908970;1,0893199;-0,8235920;-1,9048800;0,4271340;-4,0092502;0,9183100;0,0763476;-2,1501999;-5,1346598;3,9943600;-3,4250901;1,1246200;-1,9712700;0,5278280;2,2902901;0,3591020;-1,3282800;-3,1647999;-0,7294730;-0,2012550;-0,7662510;0,7980620;-1,0554700;0,7476850;2,2574899;-3,8355501;-6,1940899;-1,7487299;-3,2154500;-4,3120298;0,4500880;-0,4088980;-1,0126300;0,3444100;-0,7934300;-0,7399980;1,5945300;0,0736489;0,5387990;1,6791199;2,3296001;0,4433230;-1,3585100;1,9113400;0,9331710;0,5172470;-0,1558960;1,0245000;7,2417998;-0,3173490;-5,7281299;0,3445850;-3,0096900;-0,8784070;-3,0481801;4,7950702;2,3502300;1,3374100;2,0605500;-3,0603199;1,9594200;3,9008999;1,7262200;1,5776700;-0,4255050;3,3538101;1,9716800;-1,0447500;1,7642300;0,4388270;1,2416199;4,7809601;0,1992390;2,2491701;1,5791600;-2,6763699;0,1746550;-1,3646700;1,3461400;0,7940570;0,9175820;-0,2530960;0,7517130;-1,0764000;1,0778500;3,8659201;-1,4608200;-0,7141900;-0,7016490;-0,7700540;-2,7182000;0,5000340;0,0507011;-3,0580499;-1,7796600;0,2175870;1,3085600;-2,7863700;-0,8432740;-1,3129900;-1,6582700;-0,4374860;-1,2692900;-3,1959200;2,1692400;-2,2292399;0,3465000;-0,4890800;-1,6522599;-2,2725501;-4,1762300;1,4469399;-1,3574899;-0,9702380;2,1343701;-1,9489200;-0,3312390;1,0690500;3,8334999;4,3094401;1,5208700;2,2864699;0,6154590;0,5896510;0,4622300;2,3405299;-1,2645400;2,5624001;1,0617599;2,3919899;-0,6257490;-0,7921860;-0,4438430;0,1738420;1,2241800;-0,6564160;0,8469600;2,1851699;1,5077100;1,2886200;-0,1644010;-1,4641401;0,9535700;0,2743600;-0,0449755;-1,9329000;-0,5971740;-1,0716799;-2,6839099;3,9647701;-3,1000800;-0,3381710;3,6078300;1,1470600;1,7258400;-0,2767650;1,7831100;-0,1342920;-0,9147320;0,1034720;-0,4241650;0,7408340;2,4447501;2,9882700;3,2700100;2,2005401;-1,7122000;-0,4425290;-2,2834699;1,9885600;0,2104460;2,8184900;2,8180001;5,3428998;-1,6588000;0,2090840;0,8405880;3,2449000;0,5781690;1,1985300;-0,9893230;-1,5393200;2,1718400;2,5647800;-0,1896090;-1,2369601;-1,1095700;-1,0125300;-0,7325870;0,3580140;-0,6313680;-2,9130299;-4,2996202;3,9267499;-0,1968690;-2,0728800;0,5364320;1,2296300;-0,9697660;-0,4974070;-1,8228800;-0,6076740;0,4287560;-3,7537601;-1,1727000;-1,2989300;-1,4641800;1,0932699;0,5329990;-1,8624800;1,0331600;-1,1591800;-2,1228700;-0,6616490;-2,5741501;-1,4898500;-0,7237150;-1,7990800;-0,6602190;-0,5891380;1,2386200;0,9445620;-1,9891599;0,6505480;-0,7041710;-2,4504800;-0,1978130;2,3113699;0,6879030;-2,5330701;-0,0315049;-0,6277380;-0,2631220;-2,0838201;-1,0786000;1,4385800;-7,2423601;-1,8336300;3,1701801;-1,8353601;-1,4104000;1,5336900;0,7535700;4,2625899;1,3084300;-2,1225901;2,7331300;-0,4780220;-1,1292200;2,0501201;1,1507100;0,8702010;-1,2107100;2,6088099;0,6039650;0,3948670;0,6689380;2,0498300;0,7715120;1,0088400;1,9202300;0,3420480;1,7059500;1,6557800
324710;55993585;428389,299999999988358;5689121,500000000000000;326,6000061;0,0000000;5,2960300;6,5236502;-3,3451900;7,9160299;7,6152802;10,6997004;12,5846004;9,1634398;8,7403202;8,7394505;10,7385998;9,6580400;6,5885301;4,9111400;7,8676801;6,6673598;9,0208302;8,2101498;8,7245703;9,3556805;10,9679003;12,5598001;14,8905001;9,6972303;7,5561600;11,2318001;6,4217100;11,1644001;8,9272299;6,2436199;4,3734698;7,1178398;4,1313100;9,4174099;-3,2954199;5,9862099;5,4666400;3,8975101;12,5504999;10,6181002;20,0937004;4,1917801;5,2229400;9,3147402;10,2292995;4,6202402;9,1927404;4,7648201;10,0676003;8,1074800;8,3672504;10,5271997;6,1542201;11,7629995;7,7877598;14,6948996;12,2962999;5,7705002;4,1941199;4,8099699;4,6690202;6,6210499;4,9581900;3,0142901;7,1778698;3,4744401;7,2384000;3,3907800;5,6684899;6,5346498;5,8876500;7,6929002;7,3249798;5,7019200;6,2248998;4,3951802;7,3801999;9,4573803;5,1915898;2,5629101;3,2430899;8,8527298;3,8375101;5,2458301;1,2235800;2,6174700;3,7254801;8,0383902;-0,1927900;3,5547299;7,2349901;4,5346599;3,3070099;2,9437799;1,3893200;5,7077699;4,3526101;6,4396000;6,7971902;7,4009700;6,0736499;3,9616301;6,4105601;6,3581700;7,3627701;7,7028899;7,8182502;-5,3260298;0,9887390;8,1743498;9,4231300;7,6298399;9,6203699;3,6015201;8,5192900;8,3440399;6,7275600;3,7269599;7,3216200;3,6837399;5,5099101;7,0154800;5,1739998;7,7080598;2,0205300;2,5532501;3,9209001;12,3591003;6,6014099;12,3927002;4,8038502;6,5255699;4,6994200;2,0011301;7,6321902;1,6251000;4,4565301;-4,0959902;1,6274700;16,2889004;1,9271400;8,0408401;5,6900501;0,9694350;7,0406399;6,1576800;5,4474502;5,6292801;6,1519098;5,1674299;7,6835899;5,7558198;7,4622102;9,0900698;6,7419500;5,4939699;9,1320896;6,7012801;4,5575500;7,5946002;5,1788602;6,9715900;3,2218800;7,3669801;5,5938702;0,2179630;4,8553500;7,0091600;7,0593500;6,4786801;3,7118700;7,3765802;5,2083602;4,5105100;3,8125999;3,0727601;0,9266860;2,4823799;4,2642298;2,5754199;-0,3772290;2,2674100;2,6116199;6,1358099;4,9823699;6,4032798;3,9033101;2,2114201;3,4849200;3,7476399;5,1126599;4,0924201;5,4552102;0,9783820;4,9549599;4,2016301;7,7307401;7,8843598;5,1298499;6,6905599;5,2066798;2,3306000;2,9243901;3,3034999;2,2985401;7,7350998;5,0714898;6,0984001;8,0632095;0,0058165;3,6655900;0,7117610;0,7032700;-0,7722490;10,6180000;1,0632600;3,3752301;2,7833200;5,0449100;1,9189100;1,4176800;5,3530898;-0,0518894;3,4216001;5,2425199;3,5221801;0,8582320;4,4279599;2,9434199;4,7791901;2,5153899;4,3310800;3,8631301;1,9985300;4,1026001;2,3939500;4,3480701;2,6690900;7,6062102;0,4467860;13,3319998;1,2485000;5,3070202;3,2337899;2,0587800;7,1055799;7,0058999;17,1814003;8,5600300;9,9432001;7,6164098;6,2909698;5,9519000;1,6150800;-1,0725800;1,6984900;3,9501200;1,5771101;1,9132800;6,0222902;4,8751898;5,6205602;11,2371998;6,6259799;7,2495899;-5,3462300;4,9338298;1,3837301;9,2330904;0,1133160;5,0429902;3,2356901;3,7722001;7,3526902;1,2992800;2,8447399;-7,8660698;7,8188400;-6,0619702;8,6939697;-0,0709524;7,8137298;1,6665100;-3,2511401;2,5609901;6,3046699;1,7377100;3,9200301;2,2399399;-0,7577470;4,3613200
339519;56008394;428255,099999999976717;5689547,500000000000000;268,8999939;0,0000000;-3,4940300;-7,3502102;-0,7890970;-8,6603899;4,7985201;3,0053699;1,1838599;-10,8064003;-5,0893502;0,3877400;2,6352701;4,4375000;-10,8316002;-4,3124199;-4,7508898;-1,9051700;-0,0372813;-4,1746702;-3,8143499;-1,8659500;-1,1681300;7,1385198;8,5337696;-2,1836200;-1,1206900;-14,0931997;7,6033001;0,0770268;-3,0467999;-9,6826801;-0,2239080;7,5278401;4,1667500;-1,3131700;-0,8642860;-1,1020401;0,4446000;-6,4099898;-0,5555290;-1,1444401;-1,1910300;-5,8010702;1,2234600;-1,8049800;-2,8300800;0,2788730;-0,3346670;-0,1946210;2,2602301;0,2247270;-2,4837501;-0,3037780;4,8007598;1,3468400;-8,4031601;2,2379301;-0,4149110;3,9681001;3,1003101;-0,9196360;0,8434920;1,8973000;-0,4426880;-2,1347401;-0,2487220;6,1064200;6,1595001;-3,2657700;-2,4617300;-3,0063701;-0,2508060;1,7885799;-0,4633560;-0,6144650;0,8625530;-1,5557700;0,5289970;-2,2521999;0,6690620;2,9849999;0,1925850;-2,3213999;-5,4640098;-1,3789600;-1,5632200;-6,9149599;-1,5279599;0,7162740;1,4168299;6,6786399;1,2994100;-2,6006300;-5,9741302;3,0858200;-12,3348999;-3,0412099;-4,6636600;-4,6458502;11,9736996;-8,8141003;-3,4318099;-5,3727598;0,7131910;-0,5845890;10,9593000;-12,9928999;1,1528600;-0,3751090;2,4198599;-1,3253500;-2,0796299;0,0406764;-1,6815100;-0,5429030;-1,3482100;-1,3324200;-1,0416600;-0,9033830;-0,4480090;-0,6422350;0,1494150;-1,4387900;-8,3204298;-0,8476420;-0,0734887;0,6076680;-0,3110070;-2,7204001;-5,0671401;-7,4956198;0,1513360;6,2976699;2,5813899;1,2117900;-5,6781502;-0,6755810;-3,9061999;8,9365597;8,8919201;11,2495003;6,2819600;2,6127000;1,0706100;2,7142899;-0,2461450;1,5084300;3,1752100;-6,1933699;4,6952200;2,0730600;2,3283899;1,6494600;1,9264801;-0,4608710;-1,9962600;2,1474099;-0,0233886;0,7705070;-0,2670900;0,6221670;0,7016210;1,8710999;2,9741700;1,4803700;1,0121000;0,9651600;1,9308200;1,5052299;0,6277730;-2,1905701;-0,4356620;2,2539599;0,4275840;1,4202400;6,9178700;1,7167200;6,9522800;0,5111750;2,2593701;0,6272110;3,7876799;2,4120800;1,2883900;0,5339760;0,8786040;0,4146180;0,9404980;0,1619130;5,1127801;-0,0782509;1,6774000;1,3469599;0,8662770;4,3552098;2,7708900;1,9224300;-1,3978900;1,1848400;-0,8802170;1,2023000;1,6433400;1,4540200;-3,3474500;7,4076800;6,6124601;1,0214300;6,5737600;9,0684900;3,5720201;4,8466301;10,0117998;2,7650900;6,7194800;5,2939901;-3,3664300;6,9746499;6,3853698;-10,4836998;1,1655101;4,8780499;5,9463401;6,3300400;5,8522401;10,1316996;9,0057001;4,0792398;7,5836802;5,5468001;8,3356800;4,6734800;2,6443601;4,2751899;4,2291198;4,6042399;4,6899700;3,5890801;5,0122900;12,1218996;2,0100999;6,1613202;1,7624400;3,1849599;-1,0078800;3,2262299;3,2332399;3,2118399;3,4687300;5,5580401;-2,0125699;3,6740301;4,4783502;9,6307697;4,1359301;0,9525540;2,6071401;3,1821401;5,1564898;7,0272102;9,8986397;4,3299699;1,4464400;2,9220099;5,9918799;3,8565600;-4,1127000;11,3964005;3,7145600;2,5385699;0,4544710;-0,8330380;-0,1938570;0,2893770;-0,9866430;0,6718700;2,3028901;0,2776380;1,2764300;2,5827999;1,1258900;0,4535860;1,4403900;0,7346950;1,9734700;3,8882401;1,7909600;0,5913000;2,9265499;4,3276701;3,6311300;9,8861904;0,9246160
340077;56008952;428404,799999999988358;5689484,599999999627471;262,3999939;0,0000000;-4,4107199;2,0606101;-3,0767701;-3,6133599;-5,8509798;-1,0503600;-7,6977701;-3,0542901;-1,7264400;-5,6934500;-0,6146940;-0,4593320;-0,4689290;-1,7296400;-1,2007300;-4,1689901;-0,3505530;0,1243100;-2,8962901;-2,5821500;6,0422602;8,2267303;-1,7654200;-7,1775198;-6,4779201;-1,7248100;-6,0044398;-2,8320601;-6,7670102;-2,5519800;-3,3351500;-1,4752600;-1,8562500;-4,0312400;-3,5123799;-4,4631400;-5,9768801;-1,3801800;-3,6989200;-1,8974800;-1,0298700;-3,0202401;-0,4725200;1,1401300;-2,0382800;2,2391400;-1,8003700;-1,6190000;-2,5256701;-4,1920800;-1,0174000;-2,2823901;2,7181499;1,9728500;-1,5166000;0,0868702;-3,4343600;-1,5481600;-0,6680020;-0,2449860;0,9131660;0,0890524;0,0165555;-0,5418140;-0,3455400;1,4587600;-1,5691500;-0,9732730;-0,6076110;-0,5643500;-0,4519230;-0,5342810;-1,4276299;0,7123790;-3,6491301;-5,7871399;-1,5622600;-2,7418499;0,0983288;-3,1394200;-1,3595099;-6,0347800;0,5732510;-4,8055100;-4,7226901;1,5881900;-0,0503314;-1,2216100;-0,4627530;0,8606620;1,3967201;1,1623700;1,2267300;0,1430890;1,4474400;0,9732660;2,3366001;2,0183301;1,7141401;0,2478650;-1,8585700;-2,1437099;-5,7207999;-7,0996699;-5,4629302;-4,2253499;-3,0200801;-1,0509100;0,0566478;1,1600699;-0,9915180;9,0299501;2,8474700;-2,3283401;-5,4584098;5,1343699;0,8652560;-4,6620302;-2,4349000;-3,0103700;-4,0744500;-0,6207020;-6,8199501;-0,9440110;-0,8201300;-2,9658401;-4,8243799;-2,6705799;-4,3955202;-4,6663299;-1,9088800;-0,7904040;-4,4837499;-5,0349398;-7,3412600;-4,5795898;-5,7807202;-4,9273000;-5,4285998;-4,6339402;-4,8557000;-4,2256699;-3,8252900;-0,3366080;-0,9636980;-1,3924201;0,8075030;-2,3606801;-0,8788510;-4,5708499;5,6810598;-2,3557999;3,4692800;-2,8289800;-1,2784600;-5,4664302;-5,2457700;-1,3831400;-2,7122099;-0,4823660;-1,7588600;-3,3911901;2,0546401;-4,7154999;-1,4809999;1,4558400;-3,2797101;-2,3510301;-2,2412500;-1,7950300;-1,4493600;-0,0854731;-2,0259099;-2,5806301;-0,5893260;-2,9426501;0,6282510;-3,5907199;-3,4682100;-2,6547501;-3,4861701;-3,8340001;-4,2739401;-2,4374101;-2,6031001;-2,5634000;-1,9555200;-4,0163598;-3,9614899;-2,7844901;-2,3166201;-2,3954201;-1,9388200;-1,8385299;1,1762100;-2,4186201;-2,1155300;-0,9277890;-1,2233100;-0,8882160;-2,6309099;-2,2439301;0,0421934;-4,9132600;-5,6016002;-1,8325000;-1,9399199;-3,6667099;-6,7352099;-3,1142299;-1,6296200;-4,8943100;-5,8986201;-2,2950699;-2,3506401;-4,0044198;-1,3618701;-0,1933390;-0,3147560;-0,2555690;-0,2823230;0,7232110;-2,3116100;-6,9196200;-3,5368199;-3,6968801;0,2881570;-0,4076770;-0,6513870;-1,2860000;-1,4830101;-0,0672498;-1,6054300;-0,2844710;-1,4239900;-1,5197999;-1,1497999;-5,2548299;-6,7712998;1,5547000;0,9443220;-4,9532399;-4,4339800;-8,5412102;-8,9403801;-5,6890898;-4,5222201;-8,8743696;-6,7248902;-1,0419900;-2,8160100;-2,0101500;-3,5520101;-6,0652299;-1,6500800;-5,2422400;-5,5206099;-4,9403801;-4,3651099;-2,8550100;-3,6733699;-2,6067901;-2,7562799;-3,4463201;-4,8729801;-1,2493600;-2,6121900;-4,8136702;-2,1096201;-0,8136730;-1,1630599;-1,8838500;-2,3973100;-3,7358501;3,0837901;-0,3866110;0,9304200;-0,8944910;-0,7591450;-0,6877270;0,0863409;-3,4289401;-0,1055970;-0,8642230;-1,8946100;-2,0040901;-1,5975699;-1,1555500;-1,6629200;-1,7235600;-4,4222698
340267;56009142;428399,599999999976717;5689472,700000000186265;276,1000061;0,0000000;0,1216180;3,8960199;1,6220900;2,5419300;1,5853699;1,6982800;1,4448400;2,6255000;1,0407701;2,1890099;2,2486100;1,3601000;0,8226760;0,6861380;0,8705630;0,9821040;0,7585110;0,4360950;1,8162100;0,9936950;1,6037600;-0,4718780;-0,2255820;0,7178580;-0,3912660;-0,7429510;0,7050480;0,8439970;0,0092609;0,8612930;-0,3548650;0,3128160;0,5764280;1,2230099;1,0546300;-0,4655300;0,7426880;0,5832180;0,4522810;0,7967040;0,6705270;0,4649300;1,4355100;0,2326890;1,0489900;0,6902350;-0,3714140;-0,2689190;1,2772000;0,3407420;0,3819530;-0,5664210;0,6826400;11,9928999;7,9131999;0,5719810;0,5405460;0,6361490;0,3624310;0,6502430;1,7413700;0,0465739;0,6116070;0,2196310;0,2228130;2,1976700;-0,9370430;0,1419680;-1,1114900;-1,4941100;-0,6744270;-0,8205250;-0,8146390;0,8712180;0,9185740;0,2073720;1,0246300;0,7193190;0,0430794;3,3432600;0,6747360;0,9586630;1,5772300;1,9229500;2,2723601;1,0343800;1,8198500;1,7827200;1,8669800;2,4426799;1,0646300;0,1189010;0,9378860;3,0571301;2,3271101;2,5584400;1,8276500;1,7089500;1,2059400;0,3340910;1,1692100;0,9388440;2,0999100;2,3146999;1,8408500;1,8679301;1,6378800;1,0592600;0,5325850;-0,1836000;-0,4779960;0,2956610;-0,7172300;0,0511358;-0,7767610;-0,3308630;-0,2716050;-1,0737799;-0,1283630;-1,0003700;-1,5739100;-2,1401899;0,0522547;-1,6209300;-0,3027110;-1,1525600;-1,1178800;-1,0268700;2,0775900;1,2821701;-4,6998701;-2,7256801;-5,6243401;-12,2587004;4,0859699;1,6353400;0,2638940;-1,0993800;-0,8239410;-0,0196974;1,1320800;0,9135850;1,0654100;0,4599690;0,1209590;-0,0666456;0,9600710;-0,1787730;0,8058680;0,3905680;1,1530600;2,3294799;2,1509800;3,1786201;1,2637700;1,1953300;1,3234500;1,2386800;1,9515300;0,9527790;0,9885110;1,5285701;3,0806799;2,6029401;1,2693501;2,0677199;0,9998120;1,7967401;1,0013000;0,3951830;1,2836601;2,1542101;1,4697000;1,1797500;0,4971430;0,1117330;3,0575600;-0,7746330;0,5850230;-0,3634250;0,9653330;0,9057040;0,6910330;0,5388660;-0,0558441;0,6359790;-0,1751410;-0,6976400;-0,3639800;0,7628030;-0,7649070;-0,7968310;-0,5215830;-0,3255010;0,8983030;0,7562870;1,4295200;1,5190500;1,9903700;1,6551000;1,8897099;0,8321590;0,8395240;3,2470601;0,7908500;-0,1051680;-0,1098100;-0,0613787;1,3068100;2,8455601;-0,0369689;1,3397100;0,6281780;2,4629900;-0,6589940;1,1011100;1,6577600;1,6024100;1,5592099;0,4695380;0,9706460;1,1302600;0,9715390;0,9486110;0,7702780;0,5575870;-1,0501601;-1,1763099;-0,3588080;-0,7525210;-0,6128500;0,3422460;-0,3416710;0,0128040;-0,0904899;-0,2269200;0,5100430;-0,1836640;-3,1534400;-0,1267630;-1,0220701;-1,4314600;-2,2613101;-2,6413300;-3,4255900;-1,6735500;0,9778300;-2,7723801;-3,0171499;-2,9484899;1,4955400;0,5998930;-1,1741600;1,1293900;-2,3147600;-0,8228900;0,7100250;0,7829850;0,7253470;3,2096701;1,8658700;2,1658599;3,2543399;1,2358400;1,6455600;0,5899870;1,5985800;2,3487201;0,1328790;-0,5906110;2,3841901;1,2761600;1,4964600;-0,8558880;3,4098799;2,8249099;0,7606060;2,7880099;3,8645899;1,2032300;1,2651200;1,0528800;2,8210101;0,4224130;-1,0836999;0,0618145;-0,7698180;0,2170360;0,8282250;0,4818490;-1,1470200
340458;56009333;427899,299999999988358;5689563,099999999627471;330,0000000;0,0000000;0,0584731;-3,1518600;0,0448733;-3,2434101;-0,8959740;-0,0290078;-0,9279450;1,8900599;-1,0213200;-3,3642001;0,1406970;-0,0125719;3,8931401;2,8958800;0,3654590;0,3061390;-1,3101300;-2,9229801;-2,4525001;0,4782140;0,8643130;6,8798299;2,6444600;0,3253280;0,0534272;0,5591360;-0,1607440;0,0760389;-1,0671600;-0,4151200;1,2223300;1,2229900;-4,5043302;-3,5005500;-5,5481200;3,6195400;0,7318340;-2,6091101;-5,1732798;-4,3707399;-4,1396799;-6,2916498;-6,5489602;-2,1901700;-4,5028200;-1,4385999;0,7084800;-6,1736798;-3,3475101;-3,7802801;-4,6240001;-4,1957698;-2,4566200;3,9704499;-4,9958901;-1,9830300;-4,1120100;-2,0463901;-0,5757240;-2,4967201;-2,2976999;-0,3563460;-1,1232400;-0,6645100;-1,6725700;-1,0657901;-0,6937600;-1,7892700;-2,8047400;-1,8727000;-1,6219900;-2,1352301;-2,3605001;-0,9680700;-3,4536099;0,9446260;-2,2741201;-0,4773080;-1,7420800;-1,0351000;-0,7385160;-3,4347601;-5,7909598;-1,4586000;-4,0107698;-3,8207400;-0,2283180;3,6560400;-1,5161400;2,7017701;-0,3646070;-1,8874700;-3,0410299;-4,1013598;-2,8237200;-0,0556204;-0,1349890;1,5564300;1,6224101;-3,0738399;-0,6113560;-0,0425982;-2,5868001;0,4544700;0,1581020;1,7705500;1,4018700;1,7409700;1,7813300;0,6406940;-0,8363250;0,5065350;1,7806100;2,0978999;0,8543850;0,2997150;1,0616601;-1,1237100;-0,9527590;-1,7814600;-0,5992770;-0,5669850;0,7184650;-2,6130500;-0,4393530;-0,9437080;-1,4172400;-2,0614300;-1,7245200;-2,2306600;-2,4217999;0,1695140;-0,4094500;-3,0492101;2,8743200;0,8042820;0,1203300;-2,4743600;1,2487800;-0,3343760;2,8444901;-6,7126799;5,3813100;7,0722699;2,9097300;-1,6859500;2,1239300;0,0343026;-1,4522600;0,5600860;-2,8106301;-0,9706580;-0,3640970;-3,2962401;-4,5270600;-0,6703780;0,4174120;0,0476032;-1,0039700;1,3375500;0,7231220;0,2126040;-1,9056799;-1,8191500;-1,3541200;-1,3716500;2,3897800;1,8319100;0,8186880;2,2884099;0,3966600;2,1168799;2,7428401;2,1915901;-1,0362500;-0,0399457;3,0023100;-3,3042901;-1,9198200;-2,1735899;-1,6577801;0,3336080;-2,2133000;-1,6963000;-1,2792500;-2,0767200;-2,1371801;-2,8501101;-3,0053699;-2,2470000;-1,9032800;-3,3773301;-2,6619201;-2,1901700;-3,7048500;-2,2556000;4,3142400;-1,4810500;-1,0651400;-5,2933898;-2,2290699;6,5413299;0,3848180;2,2698100;-7,8162599;-2,6119900;-3,1615100;9,4270296;5,1110802;-5,1390800;-2,1127501;-4,5706902;-1,3203501;-2,6685100;5,2262101;-4,1830201;-2,6354899;-9,6809902;-0,4578800;-2,6521900;-2,4138999;1,4676300;1,9503400;2,0348301;1,1408600;2,7320399;-0,0296642;1,3604500;-0,2316280;2,5681601;-2,0875299;0,2930960;0,1272680;-1,4425400;-0,3090220;-1,1856400;2,5881100;-0,8606510;-2,4647601;3,7426901;0,2028080;2,3594799;1,2450401;-1,9543900;-1,0853601;1,7286700;1,0695601;-3,7449300;-3,3279800;-0,2555000;3,7597201;-1,8910201;-2,5724599;-1,6645000;-2,2703500;-2,6885300;-2,4918001;-2,7969699;1,3798000;-0,4375520;1,8845299;-0,7466390;-5,1772299;-1,7931499;-2,8465600;-1,4061300;-0,1104190;4,8042202;1,3724000;-0,4136900;-0,0671197;0,6400160;-2,1326900;-0,3106830;0,7094280;1,7764601;1,2970200;0,1407740;-2,3562300;0,0734080;-2,5729401;0,9048780;1,2955500;4,2718301;0,3467500;1,2598799;0,0109630;2,0201199;2,3360500;0,4871620;1,5742000
340678;56009553;428364,000000000000000;5689457,099999999627471;274,2000122;0,0000000;0,1959550;4,9987402;3,6771200;8,0397596;4,0692601;2,1492801;3,9153199;3,7425301;3,7704599;4,0357900;5,3144898;6,1114998;-0,3317740;2,3634400;4,9222202;-4,1834502;3,2458301;4,9697199;0,9905000;-1,8688800;5,9057899;0,1617460;4,2560802;-0,9550980;4,1915798;-6,2662501;2,3805301;2,8900001;1,0454000;6,5756302;3,0569601;1,6816200;6,7005000;6,4198999;3,5410500;4,3843098;5,3037701;2,9395900;1,8289400;4,3686399;2,4796901;4,9108200;7,1858201;-1,1515900;3,5582399;4,1591201;0,3425870;3,2743700;5,0623398;3,2442999;3,5263700;0,6204280;2,8342900;8,4700003;5,5143199;-1,9313200;-0,9672900;2,7117300;3,9340999;5,6837802;5,5038900;5,0103302;3,6688800;-1,3152699;5,8315802;3,7283800;7,3120599;5,9480700;5,3955498;4,9671102;7,3140802;5,4688001;3,3550100;6,2585602;4,7348700;2,8373699;6,7924199;6,6670198;5,8576798;6,6453700;7,2025199;2,0694599;1,0222800;3,9484601;5,7206998;1,1316400;5,8028798;3,2739201;1,2885300;0,9534960;4,8971901;5,3993602;3,5250299;1,9301300;7,2311802;0,3659720;3,4302199;-2,6791301;4,9502602;3,2868900;-0,3239040;1,0123301;4,9016399;0,3512960;2,0820200;4,6079602;0,7356300;0,2926470;9,1788502;5,1504502;0,4414610;2,2594399;6,1169300;6,1029902;3,8907199;4,5495801;3,7636099;4,9481001;3,8349400;4,3555498;5,5462298;1,9550700;2,7468500;3,7785499;2,2394300;3,0612900;5,4100399;-9,6071701;4,1485400;4,5390000;4,4689498;6,9900999;5,0665498;5,5632300;2,9996800;4,0205898;2,5853200;3,6894300;4,0262699;4,5411000;2,2196100;5,5093899;4,0695901;5,1198401;4,3827100;6,0867400;6,3612099;4,5802302;5,8190098;1,1474400;6,6531801;5,8535800;4,9925799;5,0549598;2,1905000;6,9768400;17,0825996;6,2454400;7,6869798;-0,7172990;-1,4638100;1,6721900;9,1750202;7,9209599;6,2206001;6,2659202;5,8986101;7,7576199;5,6131501;4,0080600;6,9139199;7,4302602;5,6762900;3,0177200;4,0359998;0,3074310;-0,5649330;4,1758800;5,1249900;7,5334101;2,1882300;-0,8375800;3,5553100;6,7538900;5,1142201;0,0865068;5,9684701;5,1441102;5,4803100;1,4490600;-0,2173630;5,3366899;0,7709650;3,5115099;6,1867399;-0,0282788;1,7191800;5,1887298;5,1595001;5,9088898;6,4903598;4,7971301;-1,6834900;4,0287299;3,0225999;3,4250600;3,7907500;4,5024800;5,0362401;4,1620102;0,0393295;4,5359201;4,5609999;2,8406100;1,2140599;0,1675130;3,5935500;2,8375399;2,9661701;4,0467401;-0,1795440;3,2846000;0,1765410;7,2983098;4,0059400;1,8301500;1,7636000;0,2851890;0,0825939;6,9842200;-2,8940201;0,6716890;2,7676499;1,2604001;0,6478590;1,2992700;3,7752700;-0,4224020;1,9376800;2,2332799;0,4655020;-3,9713600;1,3912700;6,0505700;6,3670502;4,4180198;5,3585300;2,5031300;4,5509200;2,9287701;-0,7877160;3,6959300;4,6562300;1,1148000;4,4817200;1,6327400;0,6430440;0,9006710;5,5715499;2,9096899;1,2483400;1,3625900;0,7757940;0,4479880;2,6151400;1,5149100;3,0807500;3,5718200;1,3033700;3,7714400;6,8929501;4,7434201;6,1983299;3,9230001;4,2998300;3,0122800;-1,7679400;3,5222001;-0,8635850;7,6767702;2,6259201;3,3785501;3,1270900;3,0669999;2,9087901;5,9880300;2,3595099;3,9800701;4,9578199;0,2592770;4,4121900
340877;56009752;428379,400000000023283;5689446,400000000372529;274,6000061;0,0000000;-1,7774400;2,7148800;2,3677299;-0,6940790;0,7307260;2,1123600;0,8987600;0,5691040;2,8217499;3,9132600;2,6103699;1,8190300;1,2499599;1,1324199;0,7122090;-0,0060036;0,4654230;-0,9896810;0,6949190;0,3464370;0,2106810;-1,1475199;-1,3482701;0,5823600;-0,6087700;-0,8587830;0,3311680;0,4843010;2,1903100;0,8399410;0,5765460;0,5045180;1,0020500;1,1720099;2,6920900;0,4251510;1,9325700;1,5029600;1,7907100;1,1819299;2,5193901;2,2233000;3,4950500;2,9734900;2,7599101;3,1442800;2,7560501;3,5139599;3,1205699;3,2671001;1,3058600;2,7116399;3,9836400;1,2811500;2,1129701;2,3280301;0,1962000;2,5589001;3,0120299;2,4019699;3,0938301;1,6564400;2,1072400;2,1023901;2,4609001;4,7806501;2,3837800;1,5299300;1,7450401;1,5520800;0,8874900;2,2149701;1,8924201;2,1323099;3,8610799;1,7385900;2,2969100;2,0050199;0,3096030;0,4922540;0,7447080;1,6485300;2,3092401;1,2949600;2,6639500;3,2753201;-0,4625020;-0,2786860;1,3681200;-0,5955560;0,7521750;-2,1055501;-1,3231900;-1,0112600;-2,0355000;-2,1062701;0,3882950;1,1236500;0,1565830;-0,5975160;2,9868400;0,7498140;0,1370400;-0,9056380;0,5698220;0,8382160;0,3685610;-0,6358490;2,2720201;-0,2072360;0,3967520;1,6747900;-0,1783560;-1,0944901;0,9257690;-0,3931130;5,3726401;-1,9219100;-0,5202950;0,0060929;1,4727300;-0,0226278;1,7492200;0,3350940;0,5249830;1,4382200;-0,2991990;-0,6891260;0,6093180;2,6445601;2,9249401;2,7755899;2,1683500;0,5199130;-0,8090560;3,2020800;2,9435999;1,3446000;-0,3936620;-0,4938630;-2,9243100;0,3243500;-0,7455300;-1,7824900;-0,1516420;-0,0055748;-0,8769930;0,4720290;0,3219420;0,6939890;-0,2313640;0,8458660;0,7106010;1,5047700;2,7034900;2,7715600;2,9212101;4,1046500;2,7241900;1,9439300;2,5004001;2,7652900;5,9909401;3,8287899;4,0544600;3,9974599;3,7467899;2,6603701;3,8641400;2,4944201;3,8404801;3,4196801;3,5595100;2,1655900;0,4772780;0,4771600;3,3571200;1,5145600;3,0856600;1,5699700;1,5053300;1,9265300;1,9726700;1,5959500;0,8986440;1,8345500;1,1591901;-0,0583301;1,1751900;0,7330250;0,6703300;2,4616599;0,9938370;1,4003800;2,6568501;2,8819799;1,2999700;2,2088699;2,7315500;2,1301501;3,2695401;0,8364180;1,9146100;2,5260899;2,3315899;4,5486398;3,4121499;2,8871901;2,1766100;2,4335599;0,5922640;2,1696100;3,2456999;2,4275000;2,8749900;1,9566300;3,2510300;2,3991899;-0,0034040;2,6427100;1,8125200;2,9616499;2,7167699;1,3156500;2,0690401;2,9928899;1,9133500;1,9788400;0,8546250;0,8594260;0,6313910;1,4455301;2,3228600;0,8678500;1,1923800;1,3423500;1,3424700;1,2029400;0,0684115;1,0330300;0,5970360;-0,3927870;0,3982110;-0,2068020;-0,1077610;0,3464100;0,2311710;0,4342940;1,0211900;-0,2187040;0,5597170;1,6078700;0,1860690;0,4794090;0,2993800;-0,4334620;1,5336800;2,2767799;0,0334844;1,3090700;0,9919520;2,0861101;2,3505599;0,7458060;1,7078800;3,3462601;0,5756330;1,9515700;2,7620900;2,6625099;4,1582899;2,2153499;3,1913800;2,5941899;5,8613601;2,3123200;1,9667799;2,5591500;1,0019701;3,4433601;1,2043900;3,3585701;2,8169601;4,5233598;3,8490300;2,7876101;3,5333900;3,5915599;4,2515302;4,4271698;2,6625099
341043;56009918;428380,200000000011642;5689440,099999999627471;278,7999878;0,0000000;-11,9764996;-8,2611399;-8,7589903;-7,4022002;-7,4000802;-5,1338100;-2,1325300;-5,5876002;-6,7525902;-9,5947199;-7,9683800;-7,1998401;-12,9544001;-10,5672998;-7,5916500;-10,8347998;-8,2095098;-10,1971998;-7,7360301;-7,8152800;-8,2520304;-8,3616600;-9,3774796;-10,9103003;-7,3811898;-11,7340002;-9,3464603;-12,3765001;-13,1563997;-10,8216000;-9,6506596;-6,9933500;-8,7402296;-6,3217702;-8,4806299;-9,8730602;-9,4135199;-9,0786200;-7,7979598;-9,0878000;-8,3563299;-9,5831900;-7,4544601;-12,3354998;-9,0717201;-9,1906204;-10,4198999;-8,8396702;-9,3587799;-12,1646996;-10,6617002;-12,3336000;-12,0544004;-4,1651902;-15,3472996;-13,9292002;-16,3148994;-11,2819996;-9,7917299;-9,2679501;-8,9154596;-9,5938597;-8,5483904;-11,6438999;-7,6869998;-8,7732601;-9,7451296;-6,8016200;-8,2502499;-9,4286203;-10,2207003;-9,1754704;-15,4555998;-6,7650800;-10,0220003;-7,3730602;-6,5857100;-9,0893097;-8,1317196;-10,8992996;-8,7028799;-12,2419996;-8,6257200;-9,4021597;-8,9001398;-13,2431002;-8,9461899;-11,1049004;-10,8198996;-9,4557400;-10,1519003;-11,4505997;-7,9524002;-11,0029001;-8,2480297;-10,7533998;-11,4273996;-10,5465002;-11,9090004;-11,3997002;-12,6664000;-10,8128004;-9,9023104;-9,8521795;-9,2968102;-10,6293001;-14,8690996;-12,5430002;-15,1206999;-12,3915997;-11,8817997;-10,7594995;-9,5892200;-8,1439600;-11,8188000;-9,6576405;-15,4324999;-10,9568996;-11,1816998;-9,7480001;-14,8914003;-12,7953997;-10,3868999;-9,4159803;-9,2586803;-11,6548004;-8,5129900;-14,1447001;-9,5769196;-12,6725998;-11,3966999;-7,4151402;-13,1337996;-6,6322699;-9,2559996;-10,7142000;-12,6190004;-9,9871502;-13,2192001;-8,5604601;-12,4378996;-6,8352098;-8,0438900;-10,3839998;-9,9990902;-7,8897300;-9,3574800;-10,4975004;-8,2689695;-10,3980999;-7,1226802;-7,7694998;-7,1401501;-11,5482998;-9,6301203;-10,1655998;-9,6471796;-7,6043401;-8,1916399;-12,4935999;-10,6672001;-10,4541998;-10,3072004;-9,1149302;-11,4568996;-8,9679899;-9,5433903;-9,4613705;-11,8550997;-8,7656202;-6,9919600;-7,6034598;-8,4613504;-9,2107201;-11,1341000;-10,7872000;-11,2612000;-10,2466002;-7,8038502;-10,3050003;-7,9327302;-7,8052702;-8,9747496;-8,1172800;-9,7440004;-8,5276098;-9,3698702;-9,8517799;-10,8007002;-10,1403999;-11,1625996;-13,2128000;-13,7916002;-6,7679300;-4,9837899;-13,1400003;-9,1500397;-7,0925999;-12,8584003;-7,9768200;-9,3608599;-10,7321997;-9,2717600;-7,8376498;-9,1456804;-8,0685396;-5,8457298;-7,2950101;-6,9164400;-13,3361998;-20,4631996;-6,1837502;-7,8404102;-2,0213499;-7,8383698;-10,7496996;-4,6711602;-6,5855398;-9,5299702;-7,8215599;-8,0609999;-7,9386902;-9,3130999;-7,9483099;-8,3736801;-9,2131796;-7,2415800;-7,0764298;-7,8124299;-7,7962699;-7,9727898;-6,8448501;-8,0734997;-7,5991902;-7,4533100;-5,7269402;-5,9127898;-1,7791500;-5,7590699;-2,6635101;-4,9747601;-3,9004200;-3,5143900;-7,0754900;-6,5415201;-5,9572902;-6,2300601;-4,3994999;-5,8567600;-3,0479200;-3,0874200;-6,7913299;-3,8433900;-6,8972402;-1,5623200;-4,0025601;-4,8720398;-5,1911302;-5,6954098;-3,8686500;-5,9972301;-3,4931700;-1,5624200;-8,3324203;-5,4323702;-11,2679005;-7,6158700;-7,4663901;-1,4362000;-8,0728197;-3,1411300;-2,3443000;-3,9742301;-4,0225301;-0,8607660;-4,4814301;3,1001999;-2,3575001;-19,4353008;-13,6103001;-5,2297502;-7,5543199;-3,1572001;-6,4614201;-1,5126700;-10,5958996;-1,9801900;-2,8994000;-1,8391401;-1,0190800;-6,2101402
341441;56010316;428368,700000000011642;5689414,799999999813735;273,2999878;0,0000000;1,1768301;3,1309700;2,7709999;0,0828753;4,5709000;6,1735401;5,7638602;2,6434000;5,9243498;1,9772100;-1,6752200;4,2687602;6,2456899;2,2332201;-0,6093590;9,1320200;8,2362299;4,7199302;4,8934898;7,6948500;-2,8498800;8,6962099;4,9307098;3,3154199;2,0363801;8,6548300;2,9100001;5,4037600;3,6709700;5,9936199;3,4217200;6,1173801;3,3657200;7,9307899;1,6548200;2,0967901;6,8940701;8,0230703;6,5393400;6,6366801;7,8891902;7,9383101;6,8383799;3,7671900;6,3919702;1,6964999;4,4875698;2,8197501;6,4530201;5,5919800;4,2867498;4,7612100;3,4676700;-0,6014610;2,4972401;0,1996920;-1,1328501;2,0657699;4,1711502;11,4168997;8,5651703;5,4952502;6,1464300;9,1327801;3,6919100;5,3317499;6,7111001;5,6296401;4,6781101;1,8756599;7,1860299;1,3649400;4,3340402;8,6301403;7,0999899;5,1957102;4,9458499;3,9709201;3,8881400;6,2506099;4,7241302;0,3581890;2,3946800;11,5985003;4,7466798;3,8416600;6,9965200;9,8849897;7,4393702;5,7839899;12,9730997;7,4187899;7,7583599;5,1673999;7,4974999;5,9332500;3,4176199;5,3969898;1,9122900;-1,9160600;-0,9072190;0,9126070;1,9982500;4,3991899;4,9309101;6,2563801;7,2951298;3,7005000;4,1537900;-1,8243800;4,6509700;1,6254300;2,0419800;5,9903898;12,8873997;-0,5033000;0,4767740;3,7529600;-2,1443100;-3,3277700;0,4726760;5,0251999;-7,0554800;12,7497997;5,0493302;1,6315200;0,2110250;4,5550499;3,4734399;0,9768820;3,0240700;2,8087699;0,5163770;5,2623801;1,6641200;1,8858401;4,8047600;-0,6545850;5,8632002;4,9557300;6,9973998;8,1965904;5,0907202;3,6502800;5,7683101;9,1481104;8,5599298;8,0075397;8,0752001;7,6285701;9,2351599;9,3838196;10,7501001;9,6001701;4,3682899;5,3700099;7,8788600;6,4592800;6,8308702;3,3374300;2,2551301;1,4039800;4,4533701;4,1512599;2,5180299;4,5531502;3,9054899;4,0649900;3,2896399;3,8749900;2,3236799;2,5404899;0,0340338;-1,0236400;4,2038698;0,4883930;3,1664801;1,8178900;0,1722370;1,4181800;0,3091920;1,8773000;0,6365870;4,0263901;7,3882899;2,9692700;5,1050100;6,9452500;5,3257599;3,8873200;1,2003900;0,0321989;3,2070799;6,9881701;6,2081499;1,7568901;6,8227601;4,8954301;6,5076699;6,7299500;4,8383498;1,3619000;-0,5434060;3,1668401;1,8200099;3,8378201;4,1113701;2,2478199;4,3468099;4,7153101;8,3014202;-2,0452499;1,2325100;4,5339298;5,7316298;2,8511500;6,2014799;2,6451900;7,7953701;1,3044200;8,2263298;2,8656399;2,7998600;1,1106000;3,1346099;0,4775580;1,0383000;1,6455700;7,1989899;4,0759602;1,8522700;4,4530401;3,0714700;4,7669201;3,2151301;5,7083402;6,3260899;1,9128500;3,2075300;4,0950398;-1,2452199;2,3887899;-1,2909300;2,3525300;-0,8891350;3,6748199;-0,6492480;1,1678900;2,2706800;-1,6134800;4,5032001;-10,7617998;0,5667390;1,6765500;3,7325599;4,7508302;8,6041899;6,1568198;6,7757502;1,3058701;1,1038600;3,6175799;3,0016301;0,0955601;0,5411390;10,0783997;1,2932301;4,0212498;2,3686299;1,9730300;4,9048901;4,1518602;3,4313600;3,2713599;11,5958004;0,8954580;4,8627100;5,8742499;-2,2159600;2,7166100;-1,6008600;4,5286398;4,7970901;3,9195099;5,4610000;8,4115105;4,9001799;7,1898098;6,0331802;4,0123701;3,1501400
343162;56012037;428100,700000000011642;5689392,400000000372529;331,3999939;0,0000000;4,9869699;16,2940998;1,5105100;5,1344199;10,2646999;2,6525400;12,1108999;7,3633599;6,8431401;7,9755001;7,0920100;7,3118701;3,1933100;4,8587198;8,4867096;12,1134005;8,2655897;5,3903499;2,0430300;7,5743399;16,1149006;16,9589005;-0,8120450;5,5549302;-5,1491699;6,0420299;18,6863003;19,2287998;4,5304799;2,1614101;7,5067000;10,1750002;15,7275000;6,0072899;10,0429001;3,7229099;5,0116301;3,8230400;9,0579700;9,1138601;5,0975199;5,1893601;7,7438502;5,6829300;6,8466501;5,7223501;5,7289400;6,1291699;6,5566101;6,1323400;4,3647799;3,5480900;4,6802101;3,1841500;14,0275002;1,2151901;3,6099100;4,9056702;3,9460499;5,2714200;5,5802598;4,2566600;5,5691299;4,8023000;6,9532399;4,9074602;4,9788799;6,0690398;4,0752501;7,7383399;7,6003199;6,1177301;4,1059899;5,8593302;5,7347002;4,5050001;7,5656900;2,5863099;5,3602500;0,8618180;7,0679998;3,6877401;5,5879402;6,4549799;4,5254202;2,8455601;5,3582802;6,7839499;4,8001800;4,4306502;6,4913502;7,8917298;7,2972698;7,7667999;7,8999400;6,7081199;5,1394300;4,3432999;5,2582598;5,7423902;3,4849999;2,2644100;6,7233901;6,1986499;5,6064501;4,8755102;3,3147199;4,3278499;5,1179099;4,4630799;0,9638810;3,9527199;4,5149102;3,6299801;5,5593801;7,1875100;-0,2286310;6,4102502;4,6625099;6,0721102;-0,1853680;1,1130400;2,6999800;2,8461001;1,0364799;0,2535000;5,0146899;2,7375901;6,8359499;2,9831600;9,7329903;7,9243398;4,1833301;6,2469501;6,8738799;2,8057799;4,9932098;4,9943199;-6,4703498;6,8377199;0,8278220;13,0092001;10,3815002;2,5955999;-1,0183400;1,9540800;9,4100304;2,2952299;4,8589702;3,5415201;5,5717902;7,1001201;5,2956700;6,9653702;4,2161498;3,8571701;2,8501000;4,3827400;4,4179201;1,3379600;0,7784220;2,7976100;1,2410800;3,4916601;1,1156900;0,8161900;-0,5561170;-0,9351040;0,4862680;-3,6422901;-2,1975801;-1,7758000;-1,8850700;-0,9798060;0,1594800;-3,7582500;-0,5512190;-5,0470500;-0,4242180;1,8772700;0,5972120;0,5240680;0,5741760;2,0778301;1,1171800;-0,7992390;1,3155500;0,8776350;-1,1283500;-1,3755300;-1,5822800;-0,0700841;-3,6329501;-0,6182940;-0,5041690;0,2014920;-0,1673220;-0,0516229;0,1015550;2,3436699;4,4994001;-0,3278530;1,0516599;1,6879100;-1,3261300;0,4668270;1,3527000;0,4297890;0,1041990;-0,1383080;1,2736501;-0,5231440;3,9491000;-0,3300320;-1,1088200;-1,1598099;-2,2546599;-1,4146100;1,4552100;-0,6177580;-1,5776100;-0,4044370;-2,2976799;-0,7801010;-2,1502399;-1,2968200;-2,6186099;-1,1765000;-2,5282600;-1,0569700;-2,8970599;-1,8470600;-1,7186900;-2,2144401;0,2825450;-2,9719801;-1,8894000;-1,5775200;-1,1499300;-1,0569000;-5,6297998;0,0621448;-2,8953300;-4,2461400;-3,9494200;3,4270501;-1,0140100;-2,7147000;-2,9367900;-2,2945900;1,9286600;-2,4981201;0,1323850;-0,1298600;-0,2450130;2,9445300;-2,0807300;-0,7594440;1,9212800;0,4498070;1,5465800;0,1668510;0,1004950;1,0112400;2,1479499;-1,8285400;0,7582430;-0,4270000;1,7782500;4,0125799;3,7981100;3,9975200;2,8234799;-0,3773510;2,5921199;3,2081399;1,5933100;2,5683801;-1,5306300;3,3976099;-2,0761399;-2,9956701;0,1258340;-2,1405399;-0,8049450;-2,4102399;-2,0141301;-1,2917700;-2,3193300;-2,5354400;-5,1828098
343566;56012441;428129,900000000023283;5689358,599999999627471;325,5000000;0,0000000;25,6515007;4,6566300;5,7362199;21,9179001;23,4426994;5,6453300;8,5645399;13,5943003;6,3407502;13,3390999;14,7939997;17,3010998;16,4624996;15,1598997;12,7291002;17,7315006;14,3697004;9,7516804;13,0921001;26,9319992;16,3539009;15,5360003;9,6311903;19,7126999;18,0566006;21,5886002;22,3500004;8,0978203;20,5575008;16,9472008;10,4187002;2,3334401;11,9826002;2,0896299;12,6125002;13,2666998;8,0685301;4,1811700;10,5271997;13,1917000;13,6875000;14,9207001;15,2075996;12,5875998;15,5409002;12,9062996;12,7886000;14,4173002;14,6245003;11,5621996;13,2685003;12,3149004;10,0345001;11,0748997;15,1283998;5,1628299;5,2058001;10,8808002;11,0952997;13,4348001;11,8929005;11,1486998;12,6766996;12,1629000;15,8754997;12,7777996;14,8704996;15,0180998;14,6287003;17,2194004;13,2629995;15,9595003;11,5517998;17,0939999;13,0763998;15,1961002;15,2812004;13,5896997;18,2847004;12,0290003;16,9405003;10,3992996;9,5178404;15,0424995;14,1738997;15,4765997;14,4902000;16,0419998;15,4651003;14,5642996;15,0774002;16,1287994;15,2582998;9,9359999;14,6314001;12,8813000;14,7241001;11,2284002;9,6689396;11,2479000;8,9563398;5,7255001;17,6637993;-0,7290650;14,1976004;1,6094700;19,3740005;3,5706699;7,9821000;6,9666300;10,2062998;11,3507004;8,4645395;8,2557402;9,4519796;6,1576800;10,4793997;9,2030401;4,5032501;8,0572996;5,2112298;1,3223000;5,7726998;8,7079496;0,0874462;-4,7094998;-0,1617070;-4,9345102;3,6360400;3,4362199;1,2408100;19,6063004;8,8680296;4,2191200;-0,4731640;5,2740202;1,7323600;3,7238200;18,4146004;5,5213900;9,1377401;7,8148198;6,6976099;14,4991999;16,3202991;7,1149802;6,6553402;15,6602001;12,2296000;11,7261000;15,1903000;15,9729004;16,3658009;15,6836004;14,1288996;15,8695002;15,0600004;14,8493996;14,9006996;11,5976000;10,0375004;12,2680998;10,3304996;11,1583996;11,6212997;9,7321196;9,7137899;5,7389398;7,6918201;6,3070798;5,6830001;7,5853601;7,8635502;7,5034299;10,6301003;3,7191801;8,0864801;4,4448099;11,9531002;9,8264198;8,2275105;8,8500404;8,5523596;10,0937004;6,6024098;8,2170897;11,0209999;7,2483301;12,2389002;3,0447400;5,4704399;2,0116501;6,5446701;2,8080201;-1,8156101;4,7746601;6,5376101;7,9477701;15,4161997;3,4972899;6,8299699;8,1384201;8,0247097;11,8782997;9,2262802;10,5136003;12,6695995;13,8719997;12,6606998;12,0331001;10,4827003;13,3125000;11,6807003;8,7585001;8,5595999;6,2447300;8,7696505;9,8037901;10,5132999;9,8340702;9,9028702;8,6303902;8,9213400;7,0770998;10,1346998;9,3791199;8,5898600;7,3365698;7,3110800;7,6430898;2,6696100;4,5521598;6,5619898;4,4798298;7,3046799;2,4117899;-2,6295700;1,9926900;5,4337301;-1,7679200;-7,1035399;16,3192997;3,2236700;17,0330009;5,6756001;-3,3825400;1,9296200;1,2354600;9,4657001;2,8387201;4,3186102;2,5777099;4,8869901;7,9882302;1,2106600;2,2586501;5,9917798;2,8638699;1,0002000;-3,1712699;1,5347800;5,4928198;1,8939500;-0,9894310;4,5830102;1,7817000;7,9344902;7,9105701;5,1228199;9,6248102;9,4988298;9,9599895;12,3996000;13,1947002;10,7734003;9,9635496;8,3662796;9,9149399;4,6696901;10,6594000;7,4922400;10,2870998;6,2993002;6,4984598;9,6116400;12,0780001;7,1236401;8,5884399;8,0480604;7,5716200;6,2171998
344434;56013309;428201,200000000011642;5689306,599999999627471;325,7999878;0,0000000;7,7883301;8,3932600;5,1773200;18,2798996;6,1206002;8,3398399;8,3765001;9,6008301;5,8807101;8,3279600;6,6919699;8,0455599;6,7390900;7,3583298;6,5577598;4,1334400;5,4812498;3,7468500;4,5482101;5,3631201;6,5666199;5,7180901;6,6401100;-2,1827300;7,2610502;-0,6187090;4,0366302;3,0139301;-0,0329366;6,8211799;7,6878300;5,7488799;9,4971600;4,7382002;7,6600599;8,3072004;9,7687998;8,8667002;8,4695101;8,0815296;7,3236399;6,4325600;5,2767801;6,1588602;6,7284598;5,0134902;7,7345600;7,3276901;4,0111098;2,5278001;5,3432298;8,3863401;3,9818900;-6,6770601;1,3628401;0,0240326;7,2848501;2,7699399;2,7125299;4,3746901;3,9301600;1,3227400;2,1299801;1,7268600;5,5455098;1,1650300;6,4823599;6,9501801;8,7416201;5,8906298;5,2470198;6,9282598;4,9876599;7,2942500;5,9328599;4,1537700;6,4333501;5,5189199;5,7745600;2,5415399;6,2740402;5,4974799;3,4974799;1,3153300;3,1124799;0,2551660;4,3819399;2,6784899;2,3758399;3,4380300;5,7207298;6,4414802;4,2876301;3,9233699;5,9821200;5,8624401;5,3962698;3,2576101;6,2926102;6,5652299;1,6030900;5,8592000;7,5465598;5,4249001;4,9089899;4,2895699;3,2958500;4,4454899;7,4815898;9,2488403;5,4325299;5,6014099;-10,3518000;8,4360704;4,1110301;5,1297498;4,9417701;8,5185604;6,2632098;6,6862798;10,7664003;8,2190599;4,7939601;5,4953599;5,5954199;3,4010301;5,5002198;4,0008602;4,2094002;5,4068499;5,2464199;4,9748902;7,7560701;5,9841199;3,6313801;1,3263400;7,4351301;8,9165602;7,5127201;6,5137601;8,9297800;6,8836999;6,5376301;9,3068600;8,4832802;8,5092001;7,2936101;8,4570303;7,3038702;5,9647999;7,5636201;6,3952999;5,5326900;4,5568299;2,6290300;3,9082301;4,1433001;5,6310401;4,9430199;1,1846499;0,6256260;1,3865600;1,5741200;-0,3645570;1,4855601;-1,5688699;-0,5658040;-2,7254901;-1,9994700;-0,3740450;-3,5560999;-1,2175200;-2,9947600;-2,4281099;-0,5521090;-2,6482601;0,5614530;-5,4348202;0,4358470;0,9534230;-0,2373360;-0,6022300;-1,2427300;0,1930700;-1,3698500;0,7592730;1,0638200;-0,0614572;0,2608480;0,8054060;-0,8132970;-0,3433690;-1,9239800;0,7255620;3,0389600;0,4703540;0,1792730;2,2558601;3,7263300;3,5156000;1,4716500;0,5318770;-2,1438000;0,5221560;1,3688999;1,9014300;0,0199809;1,1070400;0,5875370;-1,1357300;-2,5484200;-0,1105380;-1,3785200;-0,9992720;-1,8406399;-3,0226200;-1,2465500;-1,5245200;0,4912650;-1,8571200;-2,5345700;-1,5713700;-2,9212501;-0,9513980;-1,0191200;-1,7693700;-1,0247800;-2,1765800;-0,7777650;-0,3085180;-1,8470401;-1,8335299;-0,2520760;-0,2036900;-1,1641099;-0,2961860;-1,2751300;-2,1895599;1,8273700;-1,2813700;-1,1679200;-6,5379200;-1,6925700;4,2444100;11,9743004;-1,3142000;2,6222899;0,4744180;3,8624599;3,6246400;-5,0716600;-0,8427050;3,9318199;1,6607300;0,3660780;2,2734001;-0,7438950;0,1001540;-0,1314720;-1,0918800;1,7237999;0,6199940;0,9809740;0,5246880;0,9095880;0,9175800;0,4463110;-1,0428300;-1,1512200;0,0647883;1,4244300;-0,1702350;1,1884300;0,3800950;1,7169300;-0,3012910;-1,1263900;-2,2306399;-1,9968899;0,0468483;-1,5075500;-0,3311620;-1,1943800;-0,9168950;-0,1790630;-1,7347900;-0,8859560;-1,0936199;-2,1782601;-1,5469700;-0,5890220
345250;56014125;428236,799999999988358;5689261,400000000372529;325,1000061;0,0000000;-9,7065897;-10,7657003;-15,2003002;6,7794199;2,9027901;-5,8545299;-2,8995900;-3,6735201;-4,7456598;-2,4909599;-5,5784998;-4,1206102;-5,9162798;-4,2298198;-3,3584499;-3,0977499;-5,0002999;-2,5191600;-21,2791996;-2,0001299;-12,1421003;-10,2087002;-12,3698997;-8,7166204;-12,4247999;-6,1570101;-20,2140007;-14,1471996;-4,9446301;-8,9805803;-5,5965300;-5,3710899;-12,0488997;-2,9025199;-3,5825601;-9,9160995;-7,4380202;-7,9418702;-2,9604900;-4,8321099;-2,6206901;-3,1515601;-6,9508400;-7,2564402;-7,6077700;-7,9273100;-8,6760597;-5,9113698;-7,4430499;-6,6788998;-6,8943901;-8,4966898;-8,0652199;-18,2968006;-0,9590130;-2,0957601;-6,0674400;-9,0641899;-9,8444700;-8,6412897;-8,4296198;-9,1766796;-8,4238701;-8,0065403;-6,5528002;-8,7384005;-7,6937299;-9,3813105;-7,2595901;-8,2332802;-8,4768896;-8,0886803;-9,2715998;-6,9377899;-6,9520402;-4,4057798;-8,6133003;-9,7057304;-10,8957005;-12,3549995;-7,2473798;-7,9808202;-7,0711999;-8,5197201;-9,2155504;-8,1758099;-6,5058098;-7,6818399;-7,4798799;-9,2778101;-11,3325996;-12,6223001;-8,4743900;-6,7025199;-7,4337001;-7,9092302;-8,0105400;-5,6705098;-6,0328898;-4,7688899;-7,7217798;-5,9613400;-6,3437400;-4,7741399;-7,7486401;-7,1944299;-3,8604701;-5,7165699;0,7655230;3,6035399;0,9947200;-10,3094997;-17,9302006;-14,4118004;-4,4139500;-20,6012993;1,5610100;-15,5282001;-1,0306300;-14,6823997;-6,7289000;-8,8280201;-5,0685401;-0,8815040;-6,2342801;-16,2579994;-12,4132004;-7,7017398;-12,6159000;-16,2173004;-11,0094995;-0,0819759;-14,5762997;-17,6993999;-15,7997999;-23,6681995;-17,7401009;1,9155600;-15,0348997;-11,2938995;-10,8748999;-10,9804001;-8,0417900;-14,4144001;-3,0853801;-5,7139902;-9,6115303;-9,2954903;-6,1215801;-4,7045002;-8,1806202;-8,6246300;-6,8392200;-7,3886199;-7,3548799;-8,7014303;-8,0699396;-7,8298302;-10,0627003;-8,8782301;-10,7054996;-9,6238804;-11,3844995;-12,9492998;-12,8870001;-14,8605003;-12,8164997;-13,7595997;-14,5756998;-13,0170002;-13,7616997;-13,7242002;-14,5578003;-14,2486000;-16,8299999;-14,0472002;-12,3059998;-15,5448999;-13,2081003;-11,9967003;-14,4144001;-11,0299997;-12,9785995;-13,1940002;-10,9586000;-12,9280005;-9,1270199;-14,7988997;-13,3889999;-11,5770998;-10,8863001;-10,8593998;-8,5252895;-10,4038000;-12,8725996;-14,1368999;-10,1977997;-8,6955404;-12,2872000;-10,2328997;-12,6395998;-12,7650995;-7,4937100;-12,2041998;-12,5614004;-12,8526001;-11,7615004;-13,2458000;-12,8093996;-13,7166004;-10,2994003;-13,0468998;-12,9369001;-12,4661999;-12,6096001;-13,5553999;-11,4452000;-12,5865002;-10,6519003;-14,0873003;-12,2058001;-13,6877003;-11,2994003;-12,6904001;-11,9097996;-14,8209000;-12,3479004;-12,4988003;-14,5298004;-13,0581999;-10,6535997;-10,9469995;-11,4385004;-8,8174105;-11,9257002;-10,2350998;-4,0586600;-2,2597001;-7,6789999;-9,7586298;-2,8447299;-15,0707998;-8,5275202;-14,0941000;-21,2168007;-11,0612001;-17,8393993;-15,5684004;-11,4825001;-12,4371996;-15,3743000;-13,3144999;-11,6808996;-15,3367996;-10,8153000;-15,5874996;-10,8023996;-9,8462801;-10,4160995;-19,6383991;-25,6837997;-5,6282601;-7,4754100;-12,4504004;-26,4682007;-8,5327396;-14,8610001;-15,9874001;-14,7623997;-14,7883997;-16,6100006;-10,8628998;-15,2240000;-14,2915001;-12,1489000;-13,4476995;-11,4158001;-10,8877001;-13,0355997;-10,0138998;-13,3671999;-12,9040003;-13,5193005;-12,2398005;-11,2333002;-15,8910999;-12,4348001;-10,7700996;-13,2133999;-13,3771000;-14,2742004
345649;56014524;428277,500000000000000;5689234,299999999813735;325,2000122;0,0000000;-1,8916900;-9,2146397;-2,6288900;-5,6306000;-1,4503100;-0,9895410;-0,8984650;-2,7627900;-5,1203198;-5,6155200;-4,3192701;-5,2313099;-3,5379801;-5,7595301;-3,7335999;-7,7265100;-5,1288199;-15,7243996;-1,1561500;-17,6954994;7,4159999;0,3435630;3,9823101;-4,9487801;3,3053100;3,4907999;7,6291699;-16,1518002;-14,4059000;-2,2790799;-11,2262001;-2,9343300;-2,0869200;-2,3860199;-3,4859600;-3,5393100;-1,1423399;1,7282200;1,1133300;-0,8703370;-5,7627702;-4,3730402;-6,1845498;-9,1202002;-9,4343204;-8,6049700;-12,0056000;-11,2301998;-9,8806000;-10,6920996;-10,4819002;-12,0143995;-11,6709995;1,2816300;-7,2647099;-11,0640001;-15,3051004;-11,3785000;-11,8845997;-11,4063997;-6,1291299;-12,8256998;-7,7803502;-12,6082001;-11,1279001;-9,3211603;-6,2250400;-6,1135602;-2,6049900;-1,7561899;-7,4421601;-4,6965098;-11,7630997;-5,1128602;-9,4496899;-8,4867401;-6,6647902;-7,3143902;-1,7751499;-7,1770000;-9,3802500;-10,5763998;-4,0629902;-9,1172504;-7,3826499;-7,8342099;-5,4473600;-8,7517004;-8,9848003;-12,3600998;-10,5607004;-6,7134800;-5,0223598;-8,0411301;-6,1030598;-8,2193003;-8,3505697;-7,4113898;-7,9917202;-6,6550298;-10,8409004;-11,8596001;-6,0147800;-11,5250998;-7,4816399;-6,6891999;-10,4404001;-6,2039199;-8,8816099;-6,8064299;-8,2624598;-5,5564399;-5,0476499;-19,3008995;-11,7136002;-8,2756004;-8,0726099;-11,0256996;-7,8045998;-7,2271700;-6,0064802;-14,3154001;-9,7300301;-7,9664402;-15,3320999;-5,9198399;-11,8731003;-11,2895002;-6,6012802;-3,9469199;-2,3876200;-3,6212699;-1,3511100;-4,4391999;-2,1494999;-13,2208004;-15,1740999;-9,5336599;-3,8681901;-6,5276499;-9,3261499;-8,1508999;-3,5152099;-17,5708008;-4,5721898;-5,0566802;-4,8418102;-5,7683601;-5,0573301;-4,2455602;-2,7441599;-4,5838199;-7,1750002;-6,5131102;-8,7713299;-6,7922802;-7,2278099;-8,3876600;-6,5161800;-11,2444000;-13,3877001;-9,8586597;-8,9140301;-7,2230701;-7,6372099;-12,6335001;-9,9023104;-14,9284000;-14,3072996;-15,1865997;-15,6025000;-14,0922003;-13,3900003;-16,4071007;0,3931840;-18,5168991;-11,6887999;-18,4929008;-11,0986004;-11,4531002;-11,1023998;-13,3437004;-13,7314997;-9,2753801;-9,1737204;-9,5836496;-8,3227501;-9,7395000;-9,5019798;-9,2625599;-10,1587000;-10,1836996;-11,9826002;-10,2189999;-6,8760800;-10,7236004;-7,7184601;-8,2894096;-5,6304898;-8,9341097;-11,3695002;-12,4687996;-11,9555998;-18,1231995;-19,6355991;-13,9252996;-12,4204998;-12,6793003;-13,4195995;-14,6948996;-13,4274998;-13,9869003;-14,4031000;-14,0389996;-15,9466000;-17,9668999;-15,7382002;-15,9337997;-15,0635996;-14,2561998;-13,9792995;-15,4765997;-16,7835999;-11,6546001;-14,1647997;-16,0431995;-14,2058001;-14,3942003;-14,8838997;-11,2751999;-13,1546001;-12,1531000;-13,5285997;-12,4961996;-14,3491001;-12,8009005;-11,9342003;-9,4544497;-3,8442199;-10,1737003;-14,9736996;-25,8766003;-12,5782003;-9,6944504;-9,7062998;-12,7997999;-7,7068501;-7,8323998;-9,2282400;-9,6196604;-19,1655006;-9,3736095;-21,1366005;-10,0425997;-19,0652008;-11,9520998;-14,2784996;-8,7383604;-14,1632004;-12,7566996;-14,5274000;-11,9307003;-14,9647999;-15,9541998;-13,2945995;-12,6370001;-18,1942005;-15,6767998;-12,3191996;-13,5024004;-22,5494995;-14,0867996;-15,3360004;-16,6128998;-15,8848000;-16,3668995;-14,1358995;-15,9743004;-17,0879993;-14,4909000;-17,1539993;-13,5944996;-11,6604004;-13,8453999;-14,3500996;-18,1394005;-13,9652996;-14,4867001;-16,9619007;-15,0586996;-17,2138004
346455;56015330;428329,799999999988358;5689177,599999999627471;329,6000061;0,0000000;-0,0817466;-2,5361300;5,1015601;5,4771399;-0,2633160;-6,9843602;5,6224298;-4,5403399;5,6086402;4,2717700;2,8909800;2,4048700;5,9383898;3,2325201;4,2366600;4,4041200;2,0607800;7,0471301;2,9395499;5,7302999;6,0922799;-8,0458803;13,8352003;7,4849501;2,0116899;6,5362101;3,4139500;1,0697500;6,2242098;1,1452700;2,3537900;9,0855703;-7,2276101;14,1091003;17,5375996;-3,5452900;-4,9471102;-7,3632498;-5,9005198;4,4721398;7,0052400;5,7503400;4,0380998;0,3996300;2,6366200;1,0189800;-1,2380800;1,2957300;1,5134500;0,0364101;0,8539200;-0,1389480;-2,1638899;-2,1713500;-3,6340401;2,9981799;-5,2665401;-1,9984601;-1,2531000;-1,7650400;-1,4345700;1,3119700;-0,4304550;0,4386060;0,1557960;-1,8657800;-1,2464499;-0,1644210;-1,0960799;-0,3935180;-0,4853290;-0,7436980;-1,9529400;-2,2750299;1,1332600;-1,4623801;-2,2650101;0,3528900;0,5435630;-4,1073499;-1,9926400;-2,6375501;-1,0032901;-1,2946900;-0,4659040;0,2892710;-1,7951900;-0,1399720;0,0709378;0,4637420;-0,9246840;1,4089700;-1,0279100;1,2547899;-0,9422460;-0,5311070;-0,7468380;-0,7785500;-1,1629601;1,8183600;-0,2869760;1,3443000;6,0069199;-3,2633600;10,7090998;11,2355003;8,1570101;-14,3294001;6,4123101;10,0396004;-7,9270101;-11,3074999;7,3964601;0,0349624;-4,2260199;-12,9097004;-1,8575100;-11,3830004;-12,8304996;-11,7191000;5,2883201;-8,9545898;6,6028299;3,6673000;3,4441199;6,2426300;5,6585999;-2,8578899;-9,4944601;7,7033801;-1,1001600;10,6695995;6,5137701;1,8162900;-6,0890899;1,8681500;4,1682501;0,2978680;-0,5388030;2,3197200;1,8063500;0,0828718;9,1880903;1,4817100;11,8037004;1,4812700;-2,0311301;-4,1218500;0,8606430;-1,9032300;0,4367500;-2,9064400;-0,7292860;-0,1836750;-0,9389270;-0,7116250;-1,0526800;0,1211290;-1,6878500;-0,5250870;-1,6496900;-0,5357310;-2,7380500;-2,5349000;-2,7602201;-3,9455299;-4,9966698;-5,7308102;-7,0454001;-4,2417102;-5,9110999;-4,8457499;-6,1965899;-6,4783101;-10,1464996;-6,0683398;-4,5894899;-7,1449099;-6,6607900;-5,1456800;-4,6537399;-5,7350001;-5,9396801;-6,7062302;-5,1439600;-1,5820900;-3,7375300;-6,5153298;-5,1202402;-5,8666501;-6,7013898;-3,1349900;-7,3933902;-5,9288802;-6,0340800;-4,8528800;-2,5956099;-5,3593602;-4,1158099;-5,0402598;-3,5455799;-9,2359400;0,6373550;-7,6358299;-3,7286401;-5,8833098;-6,0169201;-8,4987402;-5,0086298;-6,6664801;-4,3344102;-9,6063299;-7,3825998;-4,4210801;-5,8137102;-5,8642702;-8,1261396;-6,6855001;-6,1331100;-6,2751198;-7,0567498;-6,3363400;-5,9226899;-6,2541299;-6,3001800;-6,9583502;-6,7531199;-7,3307300;-8,8133297;-9,4195995;-9,2371597;-4,7669802;-6,8029499;-10,0885000;-3,9155900;-10,8544998;-15,7566004;-8,1864595;-1,5684900;-7,9703002;-6,6988401;1,4364700;-2,3454399;2,5519700;4,2940001;-13,5655003;-19,7241993;-19,5547009;-16,7378998;-14,2026997;-13,1858997;-10,8020000;4,7612300;-9,0709696;-10,8169003;-17,1609001;-0,3954150;-7,1627302;-11,0805998;-10,1827002;2,9328599;-4,5106702;-5,3225002;-9,6776800;-2,3327701;-2,9637799;-6,9599800;-7,0799899;-6,2668800;-7,5559201;-5,1515098;-5,8483100;-8,5716896;-6,0972600;-5,6461000;-6,4459400;-3,9922400;-4,4294600;-4,8881202;-4,5483198;-6,3919401;-5,3345199;-6,2359300;-5,4904599;-4,6749401;-6,7565298;-2,6010699;-3,8684499;-4,7753901;-4,4091301;-5,8718901
346632;56015507;428374,099999999976717;5689165,500000000000000;333,8999939;0,0000000;1,5432301;-6,3722100;-0,1408850;-7,9554901;-1,7925400;-6,1575999;-2,7093101;-5,2019200;-5,2824001;-4,0651002;-0,8908640;-1,2759900;-0,0048137;-1,2317500;0,9037170;-2,5325201;4,5270801;0,7285070;1,9543900;-0,5776330;-0,8590070;-0,0260954;1,6456400;0,6062160;-3,5038700;-0,0520992;-2,2903800;-0,2321100;-0,4555460;-0,5217840;-4,7346601;-3,0275300;-3,8024600;-0,0586071;0,5725700;0,7375580;-3,7952299;6,7738400;-6,9230900;-2,1900101;4,9780898;-1,4441200;-2,9629700;-3,2406299;-1,1012900;-0,1633550;0,6944620;-2,0174999;-5,2320900;-0,4591630;-2,8357699;-4,8567500;-3,2579801;-14,3787003;1,4262100;-0,0871811;-1,9274100;0,4084870;-1,9013700;-5,4485602;-4,2501402;-4,9912701;-3,9469700;-0,5790370;-2,3209701;-5,0339599;-4,0796900;-6,5481100;-8,4856501;-4,2363000;-2,4130299;-4,9565902;-2,4937999;-5,4452600;-5,6263299;-5,5306201;-6,0055599;-6,6745601;-4,8768501;-2,5313001;-5,9531999;-4,2359300;-6,0548601;-2,6070800;-3,4746799;-1,5983500;-4,7894602;-2,3411901;-5,7834501;-2,7311001;-2,7811301;-2,7980900;-4,3171802;-3,9229500;-1,7037801;-3,1142700;-2,4633000;-4,3794098;-3,0317600;-6,4697499;-4,2414899;-4,3712101;-4,0122600;-2,8559799;-2,2104499;-3,7242801;-3,3630199;-3,2096801;-3,5529301;-7,1270199;-3,9349000;-6,7420998;-4,5419698;-5,2796998;-3,3330100;-6,9980302;-6,6446400;-5,3036199;-5,4604902;-5,5058799;-2,6920800;-3,8656199;-6,0502501;-1,1433200;-5,1265702;-5,1180902;-4,0230398;-5,9270802;-9,4252901;-9,4336395;-3,7855899;-8,2130003;-6,6273198;-7,0412302;-5,0139699;-17,7980003;-20,1483002;-0,0943804;-4,6253099;-5,5261002;-3,3114400;-7,4492402;-8,6854801;-4,6842899;-7,2389898;-7,4308300;-5,6350198;-9,1856403;-7,2599101;-1,6223400;-6,3557401;-6,7227898;-4,4768600;-5,5316801;-4,6524000;-4,0110998;-4,9669199;-6,0254798;-7,8079400;-6,5086899;-1,9542800;-5,8192601;-7,5971799;-5,0336800;-4,9552898;-3,7400501;-6,0928001;-7,9707999;-6,4978499;-7,1847301;-2,2573900;-5,1488700;-5,0219498;-2,5848200;-2,0047700;-0,3834820;-7,3205199;-4,1654601;-8,5530996;-5,7925801;-6,7439299;-5,7247300;-6,0116801;-7,0059800;-4,1677899;-3,5319600;-15,0365000;-1,3040500;-5,3664899;-5,5092301;-5,9448199;-6,7184701;-15,8302002;-5,0194502;-8,7749901;-7,6877298;-9,1635799;-8,3043299;-14,3240995;-11,2023001;-7,0526500;-2,7937701;3,2936101;-17,7325001;-9,3056803;-5,4004202;-8,0809097;-4,8434601;-4,3560100;-7,7685800;-4,3331900;-9,4092598;-5,8632398;-11,1299000;-5,2106400;-3,0134699;-6,5531902;-7,7706299;-6,2876201;-5,0241899;-4,3042698;-6,4622898;-4,9015999;-5,6070099;-9,0907097;-5,7235899;-3,3816800;-6,4720998;-2,0895700;-2,0205600;-3,3736100;-3,8896599;-5,3785501;-3,8361001;-5,1345301;-5,7851501;-7,4193401;-4,4650502;-4,7778301;-5,4178801;-4,3338499;-5,6642399;-4,7925801;-3,8366699;-4,2088399;-6,1322799;3,7680299;-8,8474503;-9,6775799;-3,8566201;-5,6426501;-7,9987898;-7,4241700;-8,9544802;-7,4261999;-7,4221501;-7,3146601;-6,4992599;-5,8491402;-1,3200200;-3,8148799;-9,6191101;-10,1576004;-3,6617701;-11,8330002;5,5832500;-10,8940001;-8,6276598;-6,7012901;-16,2280998;-13,3991003;-9,8798800;-12,6226997;-11,0816002;-12,7440996;-9,2086296;-7,9288402;-7,5211101;-9,5608702;-10,1050997;-8,2296495;-7,5438099;-8,8334503;-10,2360001;-7,5382500;-6,7217999;-7,6690001;-8,0036297;-9,7973099;-9,2641897;-9,2277498
346834;56015709;428407,400000000023283;5689148,500000000000000;332,0000000;0,0000000;-2,3587301;-2,6422400;0,7633520;1,6543400;3,4360800;2,4984400;4,1400800;2,2898600;1,7298300;1,2235500;1,5240099;2,3406501;4,3860402;0,0112839;3,0740800;3,8827600;1,4217300;0,9317180;2,3192000;1,4895500;1,8407400;-0,3025860;0,3775570;1,1638000;0,5239660;0,9885480;-0,5438180;2,3596101;0,0027943;3,7912800;0,9113270;0,7083000;2,5318301;4,1598601;3,5446999;2,1372499;1,0267800;1,7217400;4,6501398;3,4393599;2,5866799;4,7719898;3,7375500;2,5792601;3,5005801;2,0944300;-1,7841800;2,4205501;3,0160799;2,5104301;2,9593799;-0,7720810;2,5854101;5,8486700;-3,6873500;7,2691398;0,0640559;-1,6147300;0,7848000;-0,0039640;0,6160640;0,1803560;1,3648000;1,4179000;0,9446560;-1,6273600;0,7623100;1,5419400;1,4394100;0,6832090;1,9813000;0,5140190;0,4708850;3,3911099;1,6437200;1,6955301;2,6983199;3,0931101;-0,1821160;1,9563900;2,2967601;0,5080860;0,5207040;1,3954300;1,2732000;5,9437199;3,9665899;0,5654040;5,6401401;1,0576400;3,0577099;3,5125101;3,2443099;3,2098200;1,6242800;2,0850101;1,9581400;1,5772500;3,2355599;2,8870299;-0,3262330;0,6093840;1,7035400;-0,2110500;1,1468199;0,0008354;1,1991200;3,7512000;1,3748200;-0,8622180;-1,2263900;2,2850800;2,4779799;0,6459370;2,5876100;0,5328230;-1,0173100;-0,9980950;0,1966500;0,3805950;-1,6483800;-0,6818590;-2,8384700;0,6251780;-1,6883399;-1,2810000;1,4271400;1,3209000;1,5836400;1,5950400;1,6371300;2,3294899;0,6201050;0,8260860;1,1446400;-0,4814220;0,2639770;0,6147850;1,9415500;1,5210800;1,2221600;4,3423200;0,5795410;2,2151401;1,5583000;2,1541300;3,7107999;2,4211700;2,3631401;0,6579350;3,2188201;1,9937100;4,0882001;2,6768701;2,2238300;3,8345101;5,3509302;4,4762998;3,5465901;0,3225840;1,3951300;4,8652501;0,9426010;2,6916299;4,5625000;1,0968800;4,0406699;3,1912301;3,5819299;1,1006401;3,1615801;2,0862899;1,9014699;-0,2980090;0,1518070;0,4837410;7,7467899;-1,4754900;2,7609601;3,6062500;3,7147901;3,0037701;1,2648400;2,2304201;1,3484700;1,8876100;0,7794730;0,2473050;0,5460590;2,4215400;1,4839799;1,4854500;0,6556610;0,6769870;0,1782340;-0,2093020;2,1909900;1,5584400;4,0352201;2,8803101;2,5843401;-0,3388060;0,4922100;1,5258200;3,4269900;2,1060300;4,5723901;2,4465101;2,9624600;1,3045200;2,9264400;0,4884280;1,0470600;3,6254101;2,6441700;-0,1077290;1,1538200;0,5496700;1,4800000;0,8467340;1,5130100;0,8074600;2,0221400;2,2886801;3,1933401;2,3651900;2,6565299;0,9390120;1,4886700;1,8164200;1,1252800;2,1791601;2,0304000;1,0950400;0,1213750;0,8399970;0,6423900;0,5293420;-0,3776430;-0,0612202;0,5886440;-0,4241050;0,8115450;0,2774720;0,4238330;1,0008800;-0,2184540;1,1820600;0,3860810;-0,3955450;1,7214299;0,0672603;3,1785300;0,2607580;-4,4761200;-8,7038097;-0,2161810;-0,2061110;-1,7830400;2,4592700;3,1905999;3,2009699;2,6526501;1,6185800;3,8813500;4,7911401;5,3865800;5,2331600;2,1263499;2,2411799;4,0800300;4,0285101;4,2969298;5,1965399;2,7713399;1,7806799;1,6967200;2,6183400;1,6105601;3,3001699;0,2913370;1,7322600;-1,9970700;0,7077280;3,5561099;3,3008900;3,2101901;3,7623301;1,3701900;2,6522000;2,6322100
346835;56015710;428405,200000000011642;5689149,299999999813735;325,2000122;0,0000000;3,6113100;3,1705201;3,0325899;6,5386500;8,3698502;4,1888099;-1,5588700;1,6401500;3,9293900;-1,2021199;7,4750099;2,3887300;0,8525710;0,1788490;10,1127005;4,0626402;3,1981201;3,7830601;1,1372800;7,9662600;7,8379402;1,9505100;1,8735200;0,6811610;3,3446300;3,4776001;3,6002901;0,7530520;1,5562299;0,8846840;3,6320100;4,4283099;3,1774001;3,5696700;-2,5242300;0,3514720;-0,4813050;-8,7567701;6,1791801;0,8517290;-0,4802500;1,4732500;1,7548300;4,3614502;1,5015301;1,2854100;1,1231300;0,6507880;4,1016698;0,4081200;2,1705201;1,4659801;3,8125701;15,5333004;0,8530800;3,8075700;1,3957200;1,7991101;-0,0804346;1,0789800;1,0512300;2,4122100;1,6400100;0,8640990;-0,6810940;0,7155360;2,7643499;1,6391600;1,3495400;0,5954420;0,1370890;0,2076970;2,1507499;-0,0917943;1,1398100;5,3068700;4,5638800;5,2698398;3,5805399;1,6797600;2,0641301;5,3178101;4,3695202;3,1845000;11,7126999;7,4029698;4,6704102;5,0013499;4,4435000;4,6838002;6,4578700;7,9612398;3,0383000;4,7221398;2,7266500;4,0443001;5,7716899;4,6037302;4,1287198;5,2559099;5,9158001;5,0610700;1,4787000;5,8248100;4,1311998;5,9684601;4,8416600;4,9391899;5,3956900;5,7479401;4,5535498;5,8518600;4,3114700;4,5367799;4,8237300;4,7505898;4,8929400;2,2753201;5,0126801;4,0936499;0,3185000;2,5689399;3,0412199;3,0846500;3,1252999;3,9662001;2,8795600;3,9743099;3,4475300;2,3569500;2,8952000;5,3633800;3,7557001;0,9319190;1,2656000;1,6779500;0,7560310;1,8420900;2,2100599;1,0181201;-0,0194936;0,6295510;3,3687799;0,9401440;4,9680800;2,9810901;2,0464201;2,7390900;2,4221799;-1,1291000;1,1302299;0,4273750;3,0051999;1,7957700;2,5951500;2,6729400;-0,0205276;0,5362830;-2,3049300;5,2679000;0,7231670;3,6150899;3,7993000;0,7894320;0,3723960;2,7920101;5,9681602;5,5914998;4,2460098;6,0974498;3,8167500;2,5981801;2,7158000;5,0296402;0,9289140;4,1317301;0,6248420;4,4776101;2,1254301;1,1716400;3,7330301;3,0310500;2,3356500;3,3671100;2,5408399;2,5385301;2,6600900;1,0704900;4,6186800;-0,3478030;5,0983000;5,5595102;4,6682901;4,0152502;3,5174201;4,3460898;5,3385301;2,0488701;3,6850600;2,7229600;4,5277901;2,5316701;3,4868200;1,8374500;4,8008199;1,9854400;4,9719000;1,9144300;1,7231600;5,0167198;7,3039198;3,9213099;4,2596102;4,2736201;4,3183999;4,6363502;5,2638798;4,8951502;4,4490800;3,8354800;4,0597801;2,9012401;4,5698600;4,3184500;7,5531101;3,3913100;5,0902300;3,9809401;3,0964799;2,0106800;3,3408000;2,9499099;2,4413900;2,1620200;2,5453899;3,2797101;3,4843299;3,7903800;3,4942000;2,3853500;1,8203200;2,9711201;5,5379901;2,5128601;1,6867900;3,9043901;1,8780500;4,2610998;2,7142401;0,8489620;5,5920000;0,8838570;8,0179300;4,3694000;6,2447100;3,5458601;3,9760900;6,9484801;4,8209600;3,0426099;2,6345999;3,9607999;1,6630200;1,7115099;4,2708802;2,6412599;3,1976299;1,6690800;12,5851002;4,2334700;6,4015799;4,2625399;5,0117002;3,7229199;8,9553204;5,1648698;4,1782498;4,1646099;3,7950799;4,5457401;5,7148299;2,2329500;0,4354080;3,4233501;4,6534901;4,2067800;4,5847902;3,5378101;4,4124298;5,0641799;5,3836498
347661;56016536;428380,200000000011642;5689108,799999999813735;333,5000000;0,0000000;1,4024200;-0,0778880;1,3097399;0,1565010;1,3603300;-0,1080550;3,1108999;1,7401500;2,0771999;2,7237000;0,7693460;0,2854230;1,7122500;1,6252199;-0,3540890;0,7011920;-4,4280000;0,3998900;0,4133120;0,9529840;0,5685470;1,1208200;-1,7992600;-2,2053599;0,3263020;-3,8123100;-0,8431970;-0,0545456;-3,1610000;-1,1451300;0,4383810;-1,2885700;0,5426250;-0,9811010;2,6187999;-0,6624000;2,8305700;1,2448000;0,7878900;1,8552999;1,6052400;0,2660210;1,8395900;-1,7008600;0,5596730;-1,0058800;-1,2581300;0,1870060;1,6409900;1,3077000;0,9178930;1,5433300;-1,2253100;-6,3993201;-1,5019600;-11,8903999;6,6514401;-2,1769600;0,8392540;2,1013000;-0,1935880;2,0675800;1,6168400;0,1638770;-0,3224040;1,9368800;-0,9561230;0,3391070;1,8314400;1,7293600;1,7165101;0,9234540;-1,9426301;0,9227220;-0,0440468;-0,4862830;-1,8071200;-0,7232170;0,1986010;-0,2551260;1,5725200;-2,9052200;-0,3712620;0,7371790;-0,1638180;0,0750227;0,1870730;-0,3181330;1,2724600;-1,1730700;2,1372499;2,0076001;2,8556700;1,0074100;-0,0435804;1,2062700;-2,6622601;1,2740500;0,8172490;1,0081800;1,7411799;-0,7518940;1,6432000;-0,6742910;-3,0511200;-2,9530799;-0,7058670;-1,2637399;-3,6443200;0,6296100;-0,4496640;-0,3147680;0,6350430;-1,1724600;-0,1998330;2,4926000;-0,8891140;1,3155400;5,2604799;0,3623590;0,8893940;5,4480400;0,1066450;-3,9140000;-1,1635200;-0,3767650;-0,6701800;-0,0113549;1,7546200;1,4937800;-1,1573600;6,2343798;1,9797699;1,2520800;-0,8522420;-0,4645230;-2,0129900;-1,3270299;0,9928580;2,1777599;1,0357900;2,2241900;2,4714999;1,9435800;-0,5555680;1,1068600;2,3569100;3,1914101;1,8829000;1,1791400;1,9979700;2,6549900;-0,3876710;1,5151800;-1,6093600;-0,1121290;1,5391999;1,9010299;6,3842101;0,8864860;2,1891601;0,4583570;2,4981201;2,4691601;1,2979100;-0,1619670;-1,2682300;1,4483700;1,8003300;-0,4850130;-1,8916700;-0,4152070;-0,0198840;-2,5126200;2,0613000;-2,0939901;8,6175299;-1,5476300;0,4359500;1,7130300;-1,3026000;-0,4164080;-0,2942180;-0,4144520;1,2622700;-1,8633100;-0,1121850;-1,5559000;-1,1346700;1,3603899;-0,8707340;-0,9515890;0,2659030;-0,8657540;-1,1180700;0,0989245;-1,3638000;1,1052099;3,7850599;1,5422800;-2,1779301;-1,8927100;2,0357900;-0,7135750;1,2374300;0,1838350;1,0278100;0,3809320;0,0581616;0,0177723;-0,2410500;2,8151200;1,4483401;4,5578299;0,9039920;-1,4878700;3,1398201;1,1345299;3,5057499;1,0775501;-0,2165030;1,3105201;-0,4942600;-0,5501710;0,1672300;0,5332100;-2,6195099;2,1340799;0,0423134;4,8127999;-0,4536550;-0,4103640;-1,1236100;0,3232340;-0,8347550;-0,8229310;0,0794306;-1,4649900;-1,9358900;-1,4904600;0,4768510;0,0780788;-1,5064400;-2,6470399;-1,1895900;-0,6830880;-1,8766800;1,2566800;0,0646205;-0,9621270;-1,5794899;1,0886500;-0,3971050;-1,0328400;-1,8779401;-0,5972250;-1,8346601;-1,3259701;-2,0447800;-1,6666100;-1,1395100;0,3006710;0,9208670;-2,2169001;2,9636500;0,9396500;3,0750799;1,8238500;0,2781160;-0,9504390;-0,0721172;0,9644390;2,1085601;3,7933300;2,2119401;-0,4270870;0,6248150;5,6451101;0,8681430;1,8194900;-0,6529290;0,1187280;3,0899999;1,1344000;-2,2844501;-1,8984900;-0,7821540;-1,8102601;0,4623740;4,9267302;-2,0535300