Date,RAD_Lot,Waterlevel,Temperature,Precip,Precip_d10_mean
1/1/2013,1.529,210.95,5.6,5.5,
1/2/2013,1.657,211.02,4.6,0.7,
1/3/2013,1.613,211.02,7.7,1.9,
1/4/2013,1.483,211.08,8.5,2.1,
1/5/2013,1.512,211.13,6.6,1.0,
1/6/2013,1.571,211.21,6.6,0.1,
1/7/2013,1.591,211.27,6.8,0.0,
1/8/2013,1.642,211.33,5.7,0.1,
1/9/2013,1.693,211.37,5.2,6.1,
1/10/2013,1.819,211.44,3.3,2.6,2.0
1/11/2013,2.065,211.52,-2.3,0.1,1.5
1/12/2013,2.275,211.56,-2.4,0.0,1.4
1/13/2013,2.336,211.57,-4.0,0.7,1.3
1/14/2013,2.514,211.66,-4.2,1.0,1.2
1/15/2013,2.656,211.66,-3.8,4.9,1.6
1/16/2013,2.747,211.66,-4.4,0.2,1.6
1/17/2013,2.808,211.68,-4.6,0.5,1.6
1/18/2013,2.865,211.67,-3.6,0.0,1.6
1/19/2013,2.949,211.69,-6.2,0.0,1.0
1/20/2013,2.957,211.68,-4.7,11.3,1.9
1/21/2013,3.020,211.74,-2.6,1.2,2.0
1/22/2013,3.084,211.71,-3.4,0.0,2.0
1/23/2013,3.134,211.68,-5.1,0.0,1.9
1/24/2013,3.285,211.71,-5.4,0.0,1.8
1/25/2013,3.313,211.7,-4.3,0.0,1.3
1/26/2013,3.341,211.69,-3.4,0.2,1.3
1/27/2013,3.322,211.66,1.9,0.5,1.3
1/28/2013,3.321,211.64,3.4,1.0,1.4
1/29/2013,3.098,211.61,7.8,4.3,1.9
1/30/2013,2.676,211.65,9.7,8.6,1.6
1/31/2013,2.639,211.77,6.4,3.9,1.9
2/1/2013,2.699,211.88,4.5,11.2,3.0
2/2/2013,2.852,211.97,2.1,1.8,3.2
2/3/2013,2.989,212.08,2.3,13.1,4.5
2/4/2013,2.917,212.2,6.1,2.9,4.8
2/5/2013,3.025,212.34,2.4,5.9,5.3
2/6/2013,3.223,212.53,0.4,0.8,5.4
2/7/2013,3.315,212.6,0.4,4.3,5.7
2/8/2013,3.404,212.63,-0.9,0.8,5.3
2/9/2013,3.495,212.61,-2.3,0.0,4.5
2/10/2013,3.529,212.63,-2.9,0.0,4.1
2/11/2013,3.508,212.6,-3.1,0.0,3.0
2/12/2013,3.617,212.61,-2.0,0.0,2.8
2/13/2013,3.718,212.61,-2.6,0.6,1.5
2/14/2013,3.672,212.61,-2.6,0.9,1.3
2/15/2013,3.807,212.62,1.3,4.1,1.2
2/16/2013,3.792,212.64,3.6,0.7,1.1
2/17/2013,3.762,212.66,2.0,0.0,0.7
2/18/2013,3.801,212.69,1.0,0.7,0.7
2/19/2013,3.865,212.7,0.0,4.3,1.1
2/20/2013,3.923,212.72,-1.7,0.3,1.2
2/21/2013,3.930,212.74,-2.5,1.4,1.3
2/22/2013,4.056,212.72,-4.3,0.0,1.3
2/23/2013,4.050,212.72,-4.2,3.4,1.6
2/24/2013,4.089,212.72,-1.0,1.8,1.7
2/25/2013,4.124,212.73,0.4,2.3,1.5
2/26/2013,4.129,212.74,1.0,0.0,1.4
2/27/2013,4.123,212.74,-0.2,0.0,1.4
2/28/2013,4.090,212.74,0.7,0.0,1.4
3/1/2013,4.053,212.73,0.9,0.3,1.0
3/2/2013,4.085,212.74,1.2,0.3,1.0
3/3/2013,4.078,212.73,1.0,0.3,0.8
3/4/2013,4.129,212.74,3.6,0.0,0.8
3/5/2013,4.106,212.71,6.7,0.0,0.5
3/6/2013,4.044,212.71,6.2,0.0,0.3
3/7/2013,3.907,212.7,6.4,2.1,0.3
3/8/2013,3.685,212.73,9.3,5.1,0.8
3/9/2013,3.580,212.75,7.6,10.2,1.8
3/10/2013,3.703,212.8,1.3,3.3,2.2
3/11/2013,4.026,212.93,-4.3,1.3,2.3
3/12/2013,4.142,212.95,-4.8,0.6,2.3
3/13/2013,4.131,212.98,-4.3,0.1,2.3
3/14/2013,4.230,212.97,-2.9,1.3,2.4
3/15/2013,4.218,212.98,-2.9,0.0,2.4
3/16/2013,4.329,212.96,3.4,0.0,2.4
3/17/2013,4.321,212.95,3.1,0.8,2.3
3/18/2013,4.279,212.93,4.9,0.0,1.8
3/19/2013,4.276,212.9,1.6,0.6,0.8
3/20/2013,4.314,212.88,-0.1,7.1,1.2
3/21/2013,4.373,212.88,-1.0,0.6,1.1
3/22/2013,4.415,212.85,-1.7,0.0,1.1
3/23/2013,4.456,212.84,-2.7,0.0,1.0
3/24/2013,4.492,212.86,-3.4,0.0,0.9
3/25/2013,4.528,212.88,-2.8,0.0,0.9
3/26/2013,4.510,212.85,-2.1,0.0,0.9
3/27/2013,4.538,212.85,-1.3,0.0,0.8
3/28/2013,4.626,212.9,-0.4,0.0,0.8
3/29/2013,4.613,212.88,-1.1,0.2,0.8
3/30/2013,4.569,212.87,-0.7,0.6,0.1
3/31/2013,4.544,212.87,-0.5,0.0,0.1
4/1/2013,4.593,212.86,0.0,0.0,0.1
4/2/2013,4.619,212.88,0.8,0.0,0.1
4/3/2013,4.618,212.92,0.9,0.0,0.1
4/4/2013,4.585,212.91,1.8,0.0,0.1
4/5/2013,4.546,212.9,1.2,0.3,0.1
4/6/2013,4.506,212.9,1.6,0.6,0.2
4/7/2013,4.452,212.9,3.2,0.0,0.2
4/8/2013,4.369,212.9,4.2,0.3,0.2
4/9/2013,4.228,212.87,5.7,0.5,0.2
4/10/2013,4.126,212.87,6.7,1.9,0.4
4/11/2013,3.887,212.85,10.1,0.9,0.5
4/12/2013,3.669,212.84,9.1,3.2,0.8
4/13/2013,3.562,212.87,9.4,0.4,0.8
4/14/2013,3.232,212.88,14.1,0.0,0.8
4/15/2013,2.981,212.9,16.0,0.9,0.9
4/16/2013,2.856,212.85,14.6,0.0,0.8
4/17/2013,2.540,212.86,15.4,0.0,0.8
4/18/2013,2.385,212.85,15.3,0.0,0.8
4/19/2013,2.517,212.86,9.6,0.0,0.7
4/20/2013,2.670,212.86,6.3,0.0,0.5
4/21/2013,2.720,212.85,9.3,0.0,0.5
4/22/2013,2.609,212.87,10.8,0.0,0.1
4/23/2013,2.464,212.84,11.3,0.0,0.1
4/24/2013,2.325,212.85,14.9,0.0,0.1
4/25/2013,2.058,212.84,15.5,0.0,0.0
4/26/2013,2.024,212.82,12.0,12.4,1.2
4/27/2013,2.382,212.82,5.1,0.0,1.2
4/28/2013,2.625,212.86,6.4,0.0,1.2
4/29/2013,2.601,212.84,9.3,0.0,1.2
4/30/2013,2.555,212.81,8.6,0.0,1.2
5/1/2013,2.425,212.82,10.4,0.0,1.2
5/2/2013,2.236,212.81,11.4,0.0,1.2
5/3/2013,1.974,212.77,13.1,0.0,1.2
5/4/2013,1.845,212.75,13.1,0.0,1.2
5/5/2013,1.739,212.75,13.3,0.0,1.2
5/6/2013,1.600,212.75,15.9,0.0,0.0
5/7/2013,1.551,212.71,13.0,1.3,0.1
5/8/2013,1.503,212.68,15.1,0.1,0.1
5/9/2013,1.325,212.67,15.2,0.6,0.2
5/10/2013,1.341,212.66,12.3,1.0,0.3
5/11/2013,1.402,212.62,11.3,2.7,0.6
5/12/2013,1.469,212.61,8.1,5.4,1.1
5/13/2013,1.591,212.62,10.3,0.5,1.2
5/14/2013,1.577,212.58,10.6,0.6,1.2
5/15/2013,1.484,212.58,13.9,0.1,1.2
5/16/2013,1.314,212.55,14.1,3.3,1.6
5/17/2013,1.353,212.54,10.4,0.3,1.5
5/18/2013,1.436,212.5,9.8,0.2,1.5
5/19/2013,1.333,212.48,12.4,8.6,2.3
5/20/2013,1.203,212.47,11.1,3.0,2.5
5/21/2013,1.246,212.47,12.3,19.6,4.2
5/22/2013,1.414,212.46,7.7,0.8,3.7
5/23/2013,1.711,212.5,4.6,9.0,4.6
5/24/2013,1.688,212.54,7.2,0.0,4.5
5/25/2013,1.582,212.51,7.7,14.0,5.9
5/26/2013,1.707,212.55,8.4,12.3,6.8
5/27/2013,1.676,212.72,11.8,0.0,6.8
5/28/2013,1.404,212.81,13.9,0.0,6.7
5/29/2013,1.302,212.82,10.1,2.5,6.1
5/30/2013,1.393,212.78,11.7,0.9,5.9
5/31/2013,1.184,212.73,14.6,3.8,4.3
6/1/2013,1.196,212.76,10.3,0.1,4.3
6/2/2013,1.280,212.76,10.5,0.0,3.4
6/3/2013,1.161,212.73,10.4,0.0,3.4
6/4/2013,0.987,212.7,12.6,0.0,2.0
6/5/2013,0.722,212.71,15.8,0.0,0.7
6/6/2013,0.396,212.71,17.9,0.0,0.7
6/7/2013,0.152,212.76,18.6,0.0,0.7
6/8/2013,-0.024,212.74,18.2,0.1,0.5
6/9/2013,0.124,212.74,13.0,0.0,0.4
6/10/2013,0.189,212.75,12.5,0.0,0.0
6/11/2013,0.128,212.73,14.5,0.0,0.0
6/12/2013,-0.080,212.73,18.0,0.0,0.0
6/13/2013,-0.265,212.7,18.0,23.5,2.4
6/14/2013,-0.046,212.8,14.2,0.0,2.4
6/15/2013,-0.103,212.82,15.0,0.4,2.4
6/16/2013,-0.209,212.82,15.7,0.0,2.4
6/17/2013,-0.330,212.82,18.9,0.4,2.4
6/18/2013,-0.713,212.8,23.6,0.0,2.4
6/19/2013,-1.161,212.82,25.5,0.0,2.4
6/20/2013,-1.193,212.79,20.1,12.0,3.6
6/21/2013,-1.016,212.79,17.6,0.1,3.6
6/22/2013,-0.991,212.82,18.1,0.6,3.7
6/23/2013,-0.868,212.82,14.7,1.0,1.5
6/24/2013,-0.718,212.82,13.4,1.9,1.6
6/25/2013,-0.504,212.83,11.7,0.0,1.6
6/26/2013,-0.300,212.78,10.9,11.8,2.8
6/27/2013,-0.216,212.79,11.3,5.2,3.3
6/28/2013,-0.066,212.77,11.2,11.9,4.5
6/29/2013,-0.077,212.77,13.6,2.7,4.7
6/30/2013,-0.082,212.82,13.4,0.0,3.5
7/1/2013,-0.293,212.84,17.7,0.0,3.5
7/2/2013,-0.452,212.82,17.4,1.6,3.6
7/3/2013,-0.618,212.82,17.4,2.5,3.8
7/4/2013,-0.712,212.82,18.3,0.0,3.6
7/5/2013,-0.930,212.8,18.7,0.0,3.6
7/6/2013,-1.081,212.79,19.3,0.0,2.4
7/7/2013,-1.275,212.78,19.7,0.0,1.9
7/8/2013,-1.408,212.76,19.7,0.0,0.7
7/9/2013,-1.510,212.74,19.7,0.0,0.4
7/10/2013,-1.524,212.71,15.7,0.0,0.4
7/11/2013,-1.367,212.7,13.4,0.1,0.4
7/12/2013,-1.360,212.66,13.8,0.0,0.3
7/13/2013,-1.428,212.63,14.9,0.0,0.0
7/14/2013,-1.396,212.59,13.7,0.0,0.0
7/15/2013,-1.342,212.56,17.6,0.0,0.0
7/16/2013,-1.546,212.52,19.3,0.0,0.0
7/17/2013,-1.645,212.47,19.9,0.0,0.0
7/18/2013,-1.750,212.43,21.3,0.0,0.0
7/19/2013,-1.902,212.39,19.6,0.0,0.0
7/20/2013,-2.007,212.35,17.7,0.0,0.0
7/21/2013,-2.129,212.31,22.6,0.0,0.0
7/22/2013,-2.373,212.27,24.7,0.0,0.0
7/23/2013,-2.510,212.22,24.0,0.0,0.0
7/24/2013,-2.476,212.16,20.8,14.3,1.4
7/25/2013,-2.439,212.12,22.3,0.0,1.4
7/26/2013,-2.510,212.07,21.7,0.2,1.5
7/27/2013,-2.645,212.01,24.3,0.0,1.5
7/28/2013,-2.841,211.95,22.2,0.2,1.5
7/29/2013,-2.692,211.89,20.5,0.0,1.5
7/30/2013,-2.577,211.83,18.7,3.4,1.8
7/31/2013,-2.496,211.77,19.0,0.0,1.8
8/1/2013,-2.519,211.72,23.4,0.0,1.8
8/2/2013,-2.889,211.66,27.3,1.1,1.9
8/3/2013,-3.012,211.6,23.6,0.0,0.5
8/4/2013,-2.923,211.53,21.3,0.0,0.5
8/5/2013,,211.47,23.6,0.0,0.5
8/6/2013,-2.953,211.4,21.7,0.1,0.5
8/7/2013,-2.833,211.33,19.6,3.4,0.8
8/8/2013,-2.738,211.25,16.3,1.1,0.9
8/9/2013,-2.609,211.16,17.4,0.0,0.6
8/10/2013,-2.615,211.09,17.0,0.0,0.6
8/11/2013,-2.513,211,16.0,10.0,1.6
8/12/2013,-2.467,210.94,16.6,1.8,1.6
8/13/2013,-2.340,210.87,13.6,5.0,2.1
8/14/2013,-2.183,210.87,14.6,0.0,2.1
8/15/2013,-2.175,210.84,17.1,0.0,2.1
8/16/2013,-2.288,210.81,21.3,0.6,2.2
8/17/2013,-2.441,210.78,20.3,0.0,1.9
8/18/2013,-2.501,210.74,19.2,8.9,2.6
8/19/2013,-2.407,210.72,17.0,0.2,2.7
8/20/2013,-2.310,210.73,15.4,0.0,2.7
8/21/2013,-2.204,210.73,15.9,0.0,1.7
8/22/2013,-2.180,210.71,17.8,0.6,1.5
8/23/2013,-2.235,210.67,19.6,0.0,1.0
8/24/2013,-2.265,210.65,19.5,8.3,1.9
8/25/2013,-2.325,210.63,17.6,0.0,1.9
8/26/2013,-2.254,210.63,16.5,0.0,1.8
8/27/2013,-2.171,210.61,16.9,0.0,1.8
8/28/2013,-2.172,210.6,17.4,0.0,0.9
8/29/2013,-2.165,210.58,17.7,0.0,0.9
8/30/2013,-2.148,210.57,18.1,0.0,0.9
8/31/2013,-2.120,210.56,16.4,0.7,1.0
9/1/2013,-2.002,210.53,13.6,0.0,0.9
9/2/2013,-1.958,210.51,15.6,0.0,0.9
9/3/2013,-1.990,210.48,16.8,0.4,0.1
9/4/2013,-1.993,210.46,19.5,0.0,0.1
9/5/2013,-2.138,210.44,22.9,0.0,0.1
9/6/2013,-2.329,210.43,24.0,0.0,0.1
9/7/2013,-2.369,210.41,18.0,8.0,0.9
9/8/2013,-2.214,210.41,13.9,3.6,1.3
9/9/2013,-2.028,210.4,13.0,1.7,1.4
9/10/2013,-1.874,210.38,11.3,35.0,4.9
9/11/2013,-1.675,210.35,11.8,5.4,5.4
9/12/2013,-1.613,210.41,12.9,0.2,5.4
9/13/2013,-1.654,210.46,14.8,0.2,5.4
9/14/2013,-1.691,210.47,14.9,2.6,5.7
9/15/2013,-1.641,210.44,13.4,4.8,6.2
9/16/2013,-1.556,210.46,10.7,2.1,6.4
9/17/2013,-1.438,210.43,9.9,2.6,5.8
9/18/2013,-1.424,210.37,11.1,2.4,5.7
9/19/2013,-1.375,210.32,11.1,1.0,5.6
9/20/2013,-1.383,210.28,12.4,3.2,2.5
9/21/2013,-1.397,210.24,13.0,0.0,1.9
9/22/2013,-1.462,210.23,14.3,0.0,1.9
9/23/2013,-1.535,210.21,14.8,0.0,1.9
9/24/2013,-1.618,210.14,15.1,0.0,1.6
9/25/2013,-1.653,210.07,15.4,0.0,1.1
9/26/2013,-1.683,209.99,12.7,0.0,0.9
9/27/2013,-1.517,209.91,10.0,0.0,0.7
9/28/2013,-1.361,209.83,9.9,0.0,0.4
9/29/2013,-1.282,209.77,11.4,0.0,0.3
9/30/2013,-1.214,209.71,10.6,0.0,0.0
10/1/2013,-1.162,209.63,9.8,0.0,0.0
10/2/2013,-1.066,209.55,9.4,0.0,0.0
10/3/2013,-1.064,209.46,12.8,0.3,0.0
10/4/2013,-1.219,209.37,14.1,1.4,0.2
10/5/2013,-1.354,209.28,14.3,6.9,0.9
10/6/2013,-1.393,209.2,12.1,0.2,0.9
10/7/2013,-1.412,209.13,13.0,0.0,0.9
10/8/2013,-1.472,209.04,13.5,0.0,0.9
10/9/2013,-1.522,208.97,13.3,12.5,2.1
10/10/2013,-1.412,208.9,7.4,0.1,2.1
10/11/2013,-1.252,208.86,6.0,13.1,3.5
10/12/2013,-1.121,208.82,6.0,4.3,3.9
10/13/2013,-1.015,208.79,8.1,0.0,3.9
10/14/2013,-1.003,208.76,10.7,3.0,4.0
10/15/2013,-1.049,208.76,9.8,0.6,3.4
10/16/2013,-1.024,208.73,9.1,0.1,3.4
10/17/2013,-1.085,208.71,11.9,0.4,3.4
10/18/2013,-1.055,208.66,10.1,0.0,3.4
10/19/2013,-1.077,208.63,14.4,0.0,2.2
10/20/2013,-1.276,208.61,15.6,1.0,2.3
10/21/2013,-1.335,208.61,14.7,0.0,0.9
10/22/2013,-1.440,208.59,17.0,4.1,0.9
10/23/2013,-1.530,208.61,15.9,0.2,0.9
10/24/2013,-1.477,208.55,12.7,0.0,0.6
10/25/2013,-1.434,208.51,14.4,4.8,1.1
10/26/2013,-1.557,208.48,16.6,1.9,1.2
10/27/2013,-1.567,208.46,14.0,5.0,1.7
10/28/2013,-1.497,208.44,13.5,2.9,2.0
10/29/2013,-1.399,208.47,10.5,0.2,2.0
10/30/2013,-1.249,208.48,8.2,0.0,1.9
10/31/2013,-1.086,208.45,8.2,0.0,1.9
11/1/2013,-1.092,208.43,9.6,9.2,2.4
11/2/2013,-1.097,208.46,10.6,6.1,3.0
11/3/2013,-1.069,208.42,8.8,1.3,3.1
11/4/2013,-0.990,208.45,8.9,9.9,3.7
11/5/2013,-0.881,208.42,6.5,8.6,4.3
11/6/2013,-0.799,208.52,8.6,4.7,4.3
11/7/2013,-0.867,208.61,12.4,20.7,6.1
11/8/2013,-0.714,208.81,10.6,2.8,6.3
11/9/2013,-0.579,209.05,8.5,2.3,6.6
11/10/2013,-0.391,209.2,5.2,3.6,6.9
11/11/2013,-0.166,209.31,4.7,0.0,6.0
11/12/2013,-0.075,209.41,6.8,1.6,5.6
11/13/2013,-0.026,209.46,5.6,0.0,5.4
11/14/2013,0.128,209.51,4.0,0.0,4.4
11/15/2013,0.170,209.55,5.0,0.0,3.6
11/16/2013,0.337,209.59,1.8,0.0,3.1
11/17/2013,0.394,209.61,4.6,0.0,1.0
11/18/2013,0.426,209.61,4.7,0.0,0.8
11/19/2013,0.477,209.67,4.8,3.3,0.9
11/20/2013,0.525,209.71,3.6,0.0,0.5
11/21/2013,0.625,209.71,2.2,1.0,0.6
11/22/2013,0.726,209.71,2.3,3.1,0.7
11/23/2013,0.743,209.72,5.0,0.1,0.8
11/24/2013,0.784,209.74,3.2,1.7,0.9
11/25/2013,0.905,209.76,0.9,0.5,1.0
11/26/2013,1.056,209.77,-0.9,0.0,1.0
11/27/2013,1.127,209.79,2.5,1.8,1.2
11/28/2013,1.086,209.79,5.8,0.4,1.2
11/29/2013,1.051,209.8,5.2,2.7,1.1
11/30/2013,1.083,209.84,4.3,1.7,1.3
12/1/2013,0.905,209.84,5.3,0.5,1.3
12/2/2013,1.056,209.86,4.4,0.0,0.9
12/3/2013,1.127,209.9,1.2,0.0,0.9
12/4/2013,1.086,209.9,2.8,1.3,0.9
12/5/2013,1.051,209.91,2.8,11.2,2.0
12/6/2013,1.083,209.99,1.1,3.7,2.3
12/7/2013,1.083,210.06,2.8,2.0,2.4
12/8/2013,1.073,210.11,6.6,0.4,2.4
12/9/2013,1.240,210.18,7.5,0.0,2.1
12/10/2013,1.188,210.22,6.4,0.0,1.9
12/11/2013,1.170,210.26,4.0,0.0,1.9
12/12/2013,1.278,210.31,3.0,0.0,1.9
12/13/2013,1.338,210.39,1.4,0.0,1.9
12/14/2013,1.259,210.42,2.9,1.6,1.9
12/15/2013,1.176,210.48,6.0,1.0,0.9
12/16/2013,1.170,210.53,9.0,0.0,0.5
12/17/2013,1.334,210.54,8.2,0.0,0.3
12/18/2013,1.475,210.55,7.5,0.4,0.3
12/19/2013,1.606,210.61,7.3,0.5,0.4
12/20/2013,1.678,210.62,4.7,0.1,0.4
12/21/2013,1.624,210.62,5.3,0.8,0.4
12/22/2013,1.568,210.67,7.1,12.9,1.7
12/23/2013,1.503,210.71,7.6,0.0,1.7
12/24/2013,1.491,210.76,10.8,6.5,2.2
12/25/2013,1.447,210.79,7.7,0.0,2.1
12/26/2013,1.562,210.82,4.5,0.0,2.1
12/27/2013,1.631,210.87,6.8,0.3,2.2
12/28/2013,1.574,210.89,7.4,9.5,3.1
12/29/2013,1.554,210.96,4.7,0.3,3.0
12/30/2013,1.430,211.01,3.7,0.0,3.0
12/31/2013,1.367,211.07,5.8,0.0,3.0
1/1/2014,1.513,211.09,6.2,0.0,1.7
1/2/2014,1.572,211.14,8.1,0.2,1.7
1/3/2014,1.474,211.17,8.1,5.4,1.6
1/4/2014,1.567,211.23,7.0,3.2,1.9
1/5/2014,1.752,211.27,6.0,0.0,1.9
1/6/2014,1.809,211.34,8.4,4.3,2.3
1/7/2014,1.831,211.36,9.9,2.8,1.6
1/8/2014,1.758,211.43,9.1,1.4,1.7
1/9/2014,1.753,211.44,9.0,3.7,2.1
1/10/2014,1.791,211.51,5.5,0.0,2.1
1/11/2014,1.825,211.58,4.3,2.6,2.4
1/12/2014,1.837,211.61,2.5,0.0,2.3
1/13/2014,1.725,211.69,5.7,0.0,1.8
1/14/2014,1.675,211.69,5.0,0.1,1.5
1/15/2014,1.664,211.72,4.1,0.6,1.6
1/16/2014,1.778,211.75,6.6,0.5,1.2
1/17/2014,1.941,211.77,7.4,0.0,0.9
1/18/2014,2.104,211.85,7.0,0.0,0.8
1/19/2014,2.184,211.92,4.4,0.0,0.4
1/20/2014,2.209,211.94,1.5,0.2,0.4
1/21/2014,2.260,211.94,1.6,1.8,0.3
1/22/2014,2.241,211.97,3.1,0.0,0.3
1/23/2014,2.248,211.99,2.0,2.3,0.6
1/24/2014,2.258,212.02,2.0,0.3,0.6
1/25/2014,2.349,212.04,2.1,7.8,1.3
1/26/2014,2.445,212.08,3.2,11.1,2.4
1/27/2014,2.576,212.14,3.3,0.0,2.4
1/28/2014,2.566,212.19,3.5,0.0,2.4
1/29/2014,2.694,212.25,0.0,0.0,2.4
1/30/2014,2.717,212.29,1.0,0.0,2.3
1/31/2014,2.765,212.29,2.4,0.0,2.2
2/1/2014,2.843,212.31,5.3,0.7,2.2
2/2/2014,2.846,212.32,5.3,0.0,2.0
2/3/2014,2.938,212.34,2.5,0.0,2.0
2/4/2014,3.080,212.33,5.0,0.0,1.2
2/5/2014,3.184,212.36,5.9,0.0,0.1
2/6/2014,3.262,212.36,7.2,2.1,0.3
2/7/2014,3.208,212.37,7.9,1.7,0.5
2/8/2014,3.184,212.37,5.9,0.1,0.5
2/9/2014,3.281,212.35,5.6,0.0,0.5
2/10/2014,3.264,212.34,4.4,1.4,0.6
2/11/2014,3.247,212.36,4.9,1.1,0.6
2/12/2014,3.170,212.36,5.0,0.0,0.6
2/13/2014,3.018,212.38,4.5,4.4,1.1
2/14/2014,3.049,212.39,4.7,0.4,1.1
2/15/2014,3.063,212.42,9.9,7.2,1.8
2/16/2014,3.109,212.44,5.9,0.5,1.7
2/17/2014,2.931,212.46,5.3,0.0,1.5
2/18/2014,3.133,212.49,5.6,1.1,1.6
2/19/2014,3.149,212.49,6.9,0.2,1.6
2/20/2014,3.196,212.49,7.8,1.5,1.6
2/21/2014,3.047,212.52,6.3,1.4,1.7
2/22/2014,3.034,212.54,4.6,0.0,1.7
2/23/2014,3.103,212.54,5.5,0.0,1.2
2/24/2014,3.147,212.54,8.6,0.0,1.2
2/25/2014,3.074,212.58,9.0,0.1,0.5
2/26/2014,3.008,212.58,7.4,0.9,0.5
2/27/2014,2.950,212.51,5.0,0.9,0.6
2/28/2014,3.088,212.53,5.2,0.5,0.6
3/1/2014,3.173,212.55,5.4,0.0,0.5
3/2/2014,3.196,212.58,4.9,0.0,0.4
3/3/2014,3.098,212.6,5.6,0.0,0.2
3/4/2014,3.001,212.59,5.1,0.0,0.2
3/5/2014,3.068,212.61,3.5,0.1,0.3
3/6/2014,3.080,212.63,5.5,0.0,0.3
3/7/2014,3.080,212.63,8.3,0.0,0.2
3/8/2014,3.124,212.59,11.0,0.0,0.2
3/9/2014,3.140,212.61,14.8,0.0,0.1
3/10/2014,3.202,212.61,10.2,0.0,0.0
3/11/2014,3.245,212.59,6.2,0.0,0.0
3/12/2014,3.314,212.56,7.6,0.0,0.0
3/13/2014,3.301,212.52,8.2,0.0,0.0
3/14/2014,3.184,212.49,8.2,0.5,0.1
3/15/2014,3.036,212.46,8.2,1.5,0.2
3/16/2014,3.024,212.49,8.7,0.0,0.2
3/17/2014,3.048,212.46,9.6,0.0,0.2
3/18/2014,3.084,212.42,8.1,4.7,0.7
3/19/2014,3.072,212.39,10.8,0.0,0.7
3/20/2014,3.066,212.34,14.0,0.0,0.7
3/21/2014,2.906,212.34,10.7,1.7,0.8
3/22/2014,2.793,212.31,6.9,6.0,1.4
3/23/2014,2.684,212.29,5.0,0.1,1.5
3/24/2014,2.670,212.29,3.3,0.0,1.4
3/25/2014,2.556,212.26,3.7,0.0,1.3
3/26/2014,2.448,212.21,3.9,1.1,1.4
3/27/2014,2.272,212.19,7.5,0.0,1.4
3/28/2014,2.411,212.18,9.7,0.0,0.9
3/29/2014,2.566,212.13,12.5,0.0,0.9
3/30/2014,2.683,212.11,11.4,0.0,0.9
3/31/2014,2.788,212.09,11.4,0.0,0.7
4/1/2014,2.870,212.04,14.1,0.0,0.1
4/2/2014,2.866,212,14.1,0.0,0.1
4/3/2014,2.774,211.96,15.0,0.0,0.1
4/4/2014,2.656,211.91,13.5,0.1,0.1
4/5/2014,2.567,211.87,11.3,1.8,0.2
4/6/2014,2.421,211.87,13.0,0.1,0.2
4/7/2014,2.232,211.87,16.7,0.4,0.2
4/8/2014,2.118,211.79,9.5,4.0,0.6
4/9/2014,1.954,211.77,8.9,0.0,0.6
4/10/2014,1.753,211.74,11.1,0.0,0.6
4/11/2014,1.725,211.72,9.8,0.3,0.7
4/12/2014,1.758,211.67,9.8,0.0,0.7
4/13/2014,1.452,211.65,9.9,0.0,0.7
4/14/2014,1.438,211.64,7.4,1.7,0.8
4/15/2014,1.691,211.58,5.4,0.0,0.7
4/16/2014,1.582,211.57,7.2,0.0,0.6
4/17/2014,1.528,211.52,11.9,3.0,0.9
4/18/2014,1.639,211.48,7.8,0.6,0.6
4/19/2014,1.569,211.48,10.1,0.0,0.6
4/20/2014,1.603,211.42,14.4,0.0,0.6
4/21/2014,1.741,211.39,10.6,22.0,2.7
4/22/2014,1.838,211.36,11.7,0.2,2.8
4/23/2014,1.737,211.31,13.1,2.5,3.0
4/24/2014,1.633,211.25,13.7,0.1,2.8
4/25/2014,1.633,211.22,16.1,0.0,2.8
4/26/2014,1.469,211.16,13.8,12.7,4.1
4/27/2014,1.384,211.16,11.8,11.3,4.9
4/28/2014,1.320,211.22,12.0,0.0,4.9
4/29/2014,1.278,211.28,13.8,2.6,5.1
4/30/2014,1.176,211.37,14.0,5.0,5.6
5/1/2014,1.044,211.39,13.6,0.0,3.4
5/2/2014,0.850,211.49,8.8,0.0,3.4
5/3/2014,0.864,211.52,8.3,0.0,3.2
5/4/2014,0.938,211.57,7.9,0.0,3.2
5/5/2014,0.877,211.62,11.1,0.0,3.2
5/6/2014,0.779,211.62,14.5,10.4,2.9
5/7/2014,0.690,211.65,12.4,1.7,2.0
5/8/2014,0.779,211.62,11.3,7.5,2.7
5/9/2014,1.072,211.69,12.5,11.8,3.6
5/10/2014,1.097,211.74,10.9,5.4,3.7
5/11/2014,0.988,211.84,10.7,1.9,3.9
5/12/2014,0.737,211.94,9.8,4.2,4.3
5/13/2014,0.660,211.98,9.7,3.2,4.6
5/14/2014,0.735,212.03,8.4,1.0,4.7
5/15/2014,0.705,212.12,8.4,0.2,4.7
5/16/2014,0.839,212.12,11.3,0.0,3.7
5/17/2014,0.879,212.18,12.2,0.0,3.5
5/18/2014,0.945,212.23,15.0,0.0,2.8
5/19/2014,0.975,212.24,17.7,0.0,1.6
5/20/2014,1.032,212.27,21.2,0.0,1.1
5/21/2014,1.134,212.31,21.6,0.0,0.9
5/22/2014,1.030,212.32,21.1,3.1,0.8
5/23/2014,0.755,212.36,15.1,9.6,1.4
5/24/2014,0.560,212.32,15.9,0.0,1.3
5/25/2014,0.269,212.32,16.6,0.0,1.3
5/26/2014,-0.067,212.35,16.1,26.7,3.9
5/27/2014,-0.274,212.31,15.5,8.3,4.8
5/28/2014,-0.457,212.42,12.8,12.9,6.1
5/29/2014,-0.402,212.54,10.0,0.7,6.1
5/30/2014,-0.410,212.67,11.8,0.0,6.1
5/31/2014,-0.432,212.73,14.0,0.0,6.1
6/1/2014,-0.527,212.78,13.6,0.0,5.8
6/2/2014,-0.378,212.84,14.9,0.0,4.9
6/3/2014,-0.183,212.84,16.8,0.0,4.9
6/4/2014,0.088,212.88,16.3,8.1,5.7
6/5/2014,0.149,212.91,12.9,1.6,3.2
6/6/2014,0.031,212.95,17.6,0.0,2.3
6/7/2014,-0.117,212.95,23.1,0.0,1.0
6/8/2014,-0.202,212.99,23.5,0.0,1.0
6/9/2014,-0.312,213.01,23.7,15.5,2.5
6/10/2014,-0.374,213.09,23.0,6.9,3.2
6/11/2014,-0.231,213.09,18.6,0.5,3.3
6/12/2014,-0.327,213.14,17.1,0.0,3.3
6/13/2014,-0.611,213.12,16.2,0.0,3.3
6/14/2014,-1.018,213.13,14.5,3.8,2.8
6/15/2014,-1.349,213.13,15.4,0.0,2.7
6/16/2014,-1.446,213.16,13.8,0.3,2.7
6/17/2014,-1.510,213.15,15.6,0.0,2.7
6/18/2014,-1.436,213.16,15.8,0.0,2.7
6/19/2014,-1.362,213.14,13.3,1.7,1.3
6/20/2014,-1.198,213.14,14.0,0.2,0.7
6/21/2014,-1.131,213.13,14.9,0.3,0.6
6/22/2014,-1.101,213.14,15.5,0.0,0.6
6/23/2014,-1.025,213.16,15.1,0.0,0.6
6/24/2014,-1.104,213.13,15.1,5.7,0.8
6/25/2014,-1.047,213.15,13.5,0.0,0.8
6/26/2014,-0.877,213.12,15.9,0.0,0.8
6/27/2014,-0.895,213.11,17.8,2.6,1.1
6/28/2014,-1.029,213.11,16.2,9.5,2.0
6/29/2014,-1.162,213.1,15.0,0.4,1.9
6/30/2014,-1.295,213.11,13.7,7.0,2.6
7/1/2014,-1.172,213.1,14.5,0.0,2.5
7/2/2014,-1.201,213.08,14.8,0.0,2.5
7/3/2014,-1.339,213.07,19.5,0.0,2.5
7/4/2014,-1.305,213.04,22.0,0.0,2.0
7/5/2014,-1.230,213,21.0,4.8,2.4
7/6/2014,-1.185,212.96,22.7,4.4,2.9
7/7/2014,-1.066,212.94,18.6,10.9,3.7
7/8/2014,-1.164,212.93,15.5,25.8,5.3
7/9/2014,-1.354,212.93,14.3,23.8,7.7
7/10/2014,-1.562,213.06,20.0,3.5,7.3
7/11/2014,-1.688,213.07,19.6,0.0,7.3
7/12/2014,-1.806,212.99,20.0,0.7,7.4
7/13/2014,-1.907,212.97,19.0,5.1,7.9
7/14/2014,-1.795,212.93,18.2,0.0,7.9
7/15/2014,-1.378,212.93,17.8,0.0,7.4
7/16/2014,-1.438,212.92,21.2,0.0,7.0
7/17/2014,-1.665,212.94,22.5,0.0,5.9
7/18/2014,-1.766,212.92,25.4,0.0,3.3
7/19/2014,-1.939,212.91,27.4,0.0,0.9
7/20/2014,-1.923,212.92,24.6,38.7,4.5
7/21/2014,-1.812,212.98,19.6,13.1,5.8
7/22/2014,-1.908,213.1,22.6,0.0,5.7
7/23/2014,-2.164,213.12,23.0,0.0,5.2
7/24/2014,-2.416,213.11,20.7,0.0,5.2
7/25/2014,-2.702,213.1,18.2,0.0,5.2
7/26/2014,-2.867,213.07,20.6,0.0,5.2
7/27/2014,-2.673,213.07,21.2,0.0,5.2
7/28/2014,-2.541,213.09,21.6,10.7,6.3
7/29/2014,-2.655,213.09,21.1,21.1,8.4
7/30/2014,-2.696,213.15,19.5,0.8,4.6
7/31/2014,-2.675,213.18,20.2,0.0,3.3
8/1/2014,-2.643,213.16,22.4,0.0,3.3
8/2/2014,-2.715,213.16,22.2,2.6,3.5
8/3/2014,-2.735,213.13,21.6,0.6,3.6
8/4/2014,-2.684,213.09,20.1,9.1,4.5
8/5/2014,-2.589,213.08,18.6,0.1,4.5
8/6/2014,-2.505,213.08,19.6,0.6,4.6
8/7/2014,-2.573,213.07,19.5,0.0,3.5
8/8/2014,-2.633,213.08,21.2,4.4,1.8
8/9/2014,-2.607,213.03,20.1,3.2,2.1
8/10/2014,-2.631,213.05,20.5,1.0,2.2
8/11/2014,-2.578,213.05,17.0,1.0,2.3
8/12/2014,-2.488,213.02,16.4,7.1,2.7
8/13/2014,-2.499,213,16.6,1.3,2.8
8/14/2014,-2.460,212.98,15.6,2.3,2.1
8/15/2014,-2.502,212.98,15.2,1.2,2.2
8/16/2014,-2.493,212.97,15.2,0.5,2.2
8/17/2014,-2.361,212.97,15.2,2.5,2.5
8/18/2014,-2.226,212.98,14.3,1.4,2.2
8/19/2014,-2.067,212.97,12.2,5.6,2.4
8/20/2014,-1.985,212.96,13.3,2.4,2.5
8/21/2014,-1.914,212.93,13.0,0.2,2.5
8/22/2014,-1.841,212.92,14.8,1.5,1.9
8/23/2014,-1.781,212.91,13.7,1.9,2.0
8/24/2014,-1.715,212.92,12.5,0.0,1.7
8/25/2014,-1.582,212.92,14.0,21.0,3.7
8/26/2014,-1.426,212.92,14.0,6.1,4.3
8/27/2014,-1.349,212.97,15.9,0.0,4.0
8/28/2014,-1.333,212.98,18.0,0.6,3.9
8/29/2014,-1.297,212.98,17.5,0.1,3.4
8/30/2014,-1.215,212.93,16.4,3.8,3.5
8/31/2014,-1.129,212.93,14.3,7.6,4.3
9/1/2014,-1.145,212.93,15.0,0.0,4.1
9/2/2014,-1.104,212.94,14.3,0.1,3.9
9/3/2014,-1.164,212.94,15.6,0.0,3.9
9/4/2014,-1.291,212.93,18.2,0.0,1.8
9/5/2014,-1.286,212.95,19.4,0.0,1.2
9/6/2014,-1.225,212.92,20.1,9.1,2.1
9/7/2014,-1.168,212.93,17.9,0.3,2.1
9/8/2014,-1.134,212.93,16.0,0.0,2.1
9/9/2014,-1.144,212.91,13.7,0.0,1.7
9/10/2014,-1.170,212.91,14.4,0.1,1.0
9/11/2014,-1.269,212.91,14.7,0.0,1.0
9/12/2014,-1.345,212.9,13.9,0.0,1.0
9/13/2014,-1.401,212.88,15.2,0.2,1.0
9/14/2014,-1.333,212.88,16.6,0.1,1.0
9/15/2014,-1.226,212.87,16.7,0.0,1.0
9/16/2014,-1.180,212.86,19.2,0.0,0.1
9/17/2014,-1.170,212.83,18.8,0.0,0.0
9/18/2014,-1.083,212.8,17.8,15.6,1.6
9/19/2014,-1.100,212.77,19.2,3.3,1.9
9/20/2014,-1.136,212.77,18.2,1.8,2.1
9/21/2014,-1.156,212.75,15.2,14.1,3.5
9/22/2014,-1.223,212.8,11.7,3.6,3.9
9/23/2014,-1.254,212.8,11.9,0.0,3.9
9/24/2014,-1.242,212.8,11.8,1.5,4.0
9/25/2014,-1.285,212.76,13.7,0.1,4.0
9/26/2014,-1.289,212.74,15.0,0.7,4.1
9/27/2014,-1.249,212.73,15.6,0.0,4.1
9/28/2014,-1.031,212.72,16.9,0.0,2.5
9/29/2014,-0.831,212.72,18.1,2.9,2.5
9/30/2014,-0.766,212.69,16.8,0.1,2.3
10/1/2014,-0.751,212.67,16.2,0.0,0.9
10/2/2014,-0.796,212.63,16.7,0.0,0.5
10/3/2014,-0.832,212.63,17.0,0.0,0.5
10/4/2014,-0.801,212.6,15.9,0.0,0.4
10/5/2014,-0.866,212.59,13.5,0.0,0.4
10/6/2014,-0.961,212.55,13.6,3.1,0.6
10/7/2014,-0.934,212.53,14.0,6.2,1.2
10/8/2014,-0.902,212.55,14.1,20.8,3.3
10/9/2014,-0.870,212.55,15.8,1.0,3.1
10/10/2014,-0.817,212.55,14.9,0.0,3.1
10/11/2014,-0.773,212.53,15.5,1.6,3.3
10/12/2014,-0.722,212.53,14.1,1.3,3.4
10/13/2014,-0.725,212.53,16.2,0.1,3.4
10/14/2014,-0.650,212.5,14.2,0.0,3.4
10/15/2014,-0.736,212.48,13.1,1.5,3.6
10/16/2014,-0.681,212.45,13.8,2.3,3.5
10/17/2014,-0.670,212.42,14.6,0.7,2.9
10/18/2014,-0.632,212.38,15.7,0.0,0.9
10/19/2014,-0.684,212.38,18.8,0.3,0.8
10/20/2014,-0.631,212.37,14.6,1.6,0.9
10/21/2014,-0.574,212.34,11.3,8.8,1.7
10/22/2014,-0.574,212.31,8.4,0.3,1.6
10/23/2014,-0.598,212.32,10.5,0.1,1.6
10/24/2014,-0.604,212.3,12.2,0.0,1.6
10/25/2014,-0.706,212.28,12.6,0.0,1.4
10/26/2014,-0.740,212.26,11.6,0.0,1.2
10/27/2014,-0.647,212.26,12.8,0.0,1.1
10/28/2014,-0.378,212.23,8.8,0.0,1.1
10/29/2014,-0.305,212.22,8.4,5.2,1.6
10/30/2014,-0.324,212.2,13.0,0.1,1.5
10/31/2014,-0.350,212.21,15.0,0.0,0.6
11/1/2014,-0.356,212.18,16.2,0.0,0.5
11/2/2014,-0.340,212.16,14.8,0.6,0.6
11/3/2014,-0.206,212.16,14.3,5.8,1.2
11/4/2014,-0.058,212.13,10.7,11.6,2.3
11/5/2014,-0.141,212.14,9.7,0.0,2.3
11/6/2014,-0.255,212.15,7.8,0.0,2.3
11/7/2014,-0.292,212.14,7.7,0.0,2.3
11/8/2014,-0.327,212.13,10.5,0.0,1.8
11/9/2014,-0.343,212.11,10.5,0.0,1.8
11/10/2014,-0.286,212.12,10.4,0.0,1.8
11/11/2014,-0.171,212.09,10.6,0.0,1.8
11/12/2014,-0.050,212.06,12.0,0.2,1.8
11/13/2014,0.088,212.04,10.9,0.1,1.2
11/14/2014,0.125,212.03,10.4,0.4,0.1
11/15/2014,0.149,212.01,10.6,19.6,2.0
11/16/2014,0.158,212.02,9.2,11.9,3.2
11/17/2014,0.194,212.1,9.3,0.1,3.2
11/18/2014,0.166,212.06,7.8,0.0,3.2
11/19/2014,0.157,212.06,7.2,0.0,3.2
11/20/2014,0.180,212.1,6.9,0.0,3.2
11/21/2014,0.179,212.08,4.4,0.0,3.2
11/22/2014,0.213,212.07,8.9,0.0,3.2
11/23/2014,0.323,212.06,13.6,4.2,3.6
11/24/2014,0.380,212.07,8.4,0.5,3.6
11/25/2014,0.442,212.07,4.2,0.0,1.7
11/26/2014,0.514,212.05,3.9,0.2,0.5
11/27/2014,0.729,212.06,6.8,0.8,0.6
11/28/2014,0.810,212.04,5.1,0.0,0.6
11/29/2014,0.703,212.01,1.9,0.0,0.6
11/30/2014,0.688,211.98,2.5,0.0,0.6
12/1/2014,0.876,212,2.4,0.0,0.6
12/2/2014,1.006,211.96,0.6,0.0,0.6
12/3/2014,1.000,211.95,-1.1,0.1,0.2
12/4/2014,1.032,211.93,1.1,0.0,0.1
12/5/2014,1.187,211.93,3.7,0.0,0.1
12/6/2014,1.241,211.92,4.8,0.0,0.1
12/7/2014,1.299,211.91,5.1,2.9,0.3
12/8/2014,1.395,211.91,3.6,0.4,0.3
12/9/2014,1.508,211.88,3.3,0.4,0.4
12/10/2014,1.612,211.86,4.7,1.2,0.5
12/11/2014,1.622,211.83,5.0,7.9,1.3
12/12/2014,1.610,211.82,7.3,15.6,2.9
12/13/2014,1.604,211.86,4.5,0.0,2.8
12/14/2014,1.662,211.91,2.7,0.0,2.8
12/15/2014,1.695,211.92,3.5,2.4,3.1
12/16/2014,1.734,211.91,4.9,0.8,3.2
12/17/2014,1.755,211.95,5.6,2.4,3.1
12/18/2014,1.697,211.97,10.9,2.8,3.4
12/19/2014,1.709,212,9.1,12.1,4.5
12/20/2014,1.810,212.11,5.3,6.0,5.0
12/21/2014,1.895,212.22,6.0,0.2,4.2
12/22/2014,1.887,212.25,9.4,2.5,2.9
12/23/2014,1.898,212.28,10.2,0.1,2.9
12/24/2014,1.692,212.3,7.5,6.3,3.6
12/25/2014,1.555,212.34,4.1,1.6,3.5
12/26/2014,1.754,212.37,2.2,0.0,3.4
12/27/2014,1.858,212.39,0.9,0.4,3.2
12/28/2014,1.760,212.39,-3.2,1.5,3.1
12/29/2014,1.642,212.37,-0.1,2.0,2.1
12/30/2014,1.655,212.37,2.3,1.4,1.6
12/31/2014,1.832,212.37,3.6,1.8,1.8
1/1/2015,1.976,212.39,3.3,0.9,1.6
1/2/2015,2.128,212.39,5.8,0.7,1.7
1/3/2015,2.274,212.4,3.1,2.4,1.3
1/4/2015,2.401,212.42,3.4,0.0,1.1
1/5/2015,2.444,212.42,3.1,0.0,1.1
1/6/2015,2.445,212.42,4.3,0.9,1.2
1/7/2015,2.502,212.41,4.1,0.7,1.1
1/8/2015,2.461,212.39,5.4,17.3,2.6
1/9/2015,2.495,212.45,7.8,9.6,3.4
1/10/2015,2.538,212.51,10.0,6.1,3.9
1/11/2015,2.581,212.59,3.7,1.0,3.9
1/12/2015,2.591,212.65,6.6,0.1,3.8
1/13/2015,2.575,212.66,8.9,5.5,4.1
1/14/2015,2.554,212.62,3.8,2.3,4.4
1/15/2015,2.470,212.61,7.2,3.3,4.7
1/16/2015,2.256,212.57,5.9,0.0,4.6
1/17/2015,2.494,212.53,3.3,0.0,4.5
1/18/2015,2.505,212.52,1.9,0.0,2.8
1/19/2015,2.401,212.51,0.7,0.0,1.8
1/20/2015,2.525,212.48,0.4,0.1,1.2
1/21/2015,2.520,212.5,0.3,0.0,1.1
1/22/2015,2.486,212.52,-0.2,0.0,1.1
1/23/2015,2.559,212.52,-0.4,0.0,0.6
1/24/2015,2.712,212.52,0.5,5.4,0.9
1/25/2015,2.810,212.55,2.4,2.6,0.8
1/26/2015,2.868,212.57,3.4,5.8,1.4
1/27/2015,2.966,212.58,3.6,1.5,1.5
1/28/2015,3.033,212.6,3.6,3.8,1.9
1/29/2015,3.085,212.62,2.0,4.2,2.3
1/30/2015,3.169,212.63,0.8,7.7,3.1
1/31/2015,3.202,212.66,1.4,0.9,3.2
2/1/2015,3.144,212.66,1.2,3.6,3.6
2/2/2015,3.142,212.68,1.2,4.5,4.0
2/3/2015,3.118,212.65,0.8,0.4,3.5
2/4/2015,3.213,212.65,-1.3,0.0,3.2
2/5/2015,3.287,212.65,-2.1,0.0,2.7
2/6/2015,3.345,212.64,-2.5,0.0,2.5
2/7/2015,3.393,212.59,-1.0,2.2,2.4
2/8/2015,3.416,212.62,2.3,1.9,2.1
2/9/2015,3.452,212.61,3.9,3.2,1.7
2/10/2015,3.520,212.61,5.0,0.3,1.6
2/11/2015,3.575,212.69,3.5,0.0,1.3
2/12/2015,3.546,212.72,1.5,0.0,0.8
2/13/2015,3.519,212.72,4.6,0.0,0.8
2/14/2015,3.711,212.72,7.0,0.0,0.8
2/15/2015,3.667,212.74,2.8,0.0,0.8
2/16/2015,3.540,212.78,2.9,0.0,0.8
2/17/2015,3.531,212.72,2.4,0.2,0.6
2/18/2015,3.669,212.75,3.5,0.0,0.4
2/19/2015,3.714,212.75,2.4,0.0,0.1
2/20/2015,3.626,212.74,4.9,1.3,0.2
2/21/2015,3.653,212.75,4.3,1.1,0.3
2/22/2015,3.780,212.73,3.9,1.0,0.4
2/23/2015,3.826,212.72,3.1,3.2,0.7
2/24/2015,3.807,212.75,3.8,0.6,0.7
2/25/2015,3.887,212.74,4.8,0.1,0.8
2/26/2015,3.847,212.73,6.1,8.0,1.6
2/27/2015,3.737,212.75,4.6,4.5,2.0
2/28/2015,3.784,212.77,3.6,1.0,2.1
3/1/2015,3.804,212.8,6.9,1.3,2.2
3/2/2015,3.805,212.84,5.0,2.8,2.4
3/3/2015,3.803,212.85,4.0,4.2,2.7
3/4/2015,3.727,212.86,3.6,1.0,2.7
3/5/2015,3.661,212.88,4.5,0.0,2.4
3/6/2015,3.775,212.9,4.8,0.0,2.3
3/7/2015,3.711,212.9,7.4,0.0,2.3
3/8/2015,3.693,212.92,11.4,0.0,1.5
3/9/2015,3.767,212.93,8.4,0.6,1.1
3/10/2015,3.788,212.93,7.2,1.8,1.2
3/11/2015,3.748,212.95,4.4,0.0,1.0
3/12/2015,3.738,212.96,4.7,0.0,0.8
3/13/2015,3.699,212.96,3.9,0.0,0.3
3/14/2015,3.572,212.97,2.6,1.3,0.4
3/15/2015,3.461,213.01,4.7,0.1,0.4
3/16/2015,3.447,213.05,7.4,0.0,0.4
3/17/2015,3.550,213.05,8.0,0.0,0.4
3/18/2015,3.691,213.04,9.5,0.0,0.4
3/19/2015,3.749,213.04,6.0,0.0,0.3
3/20/2015,3.773,213.06,3.9,1.0,0.2
3/21/2015,3.749,213.07,4.3,4.3,0.7
3/22/2015,3.739,213.11,3.4,0.0,0.7
3/23/2015,3.677,213.13,6.4,0.0,0.7
3/24/2015,3.583,213.12,6.8,0.0,0.5
3/25/2015,3.408,213.13,7.7,0.0,0.5
3/26/2015,3.473,213.12,5.6,2.2,0.8
3/27/2015,3.503,213.13,6.0,1.4,0.9
3/28/2015,3.501,213.13,7.1,2.1,1.1
3/29/2015,3.585,213.16,9.4,15.3,2.6
3/30/2015,3.482,213.24,6.0,14.7,4.0
3/31/2015,3.405,213.28,7.0,10.0,4.6
4/1/2015,3.372,213.44,4.1,18.6,6.4
4/2/2015,3.390,213.51,4.7,3.1,6.7
4/3/2015,3.426,213.56,6.0,0.0,6.7
4/4/2015,3.245,213.52,4.2,0.0,6.7
4/5/2015,3.313,213.5,4.3,0.0,6.5
4/6/2015,3.347,213.49,4.8,0.0,6.4
4/7/2015,3.522,213.47,6.6,0.0,6.2
4/8/2015,3.617,213.43,8.5,0.0,4.6
4/9/2015,3.590,213.41,11.3,0.0,3.2
4/10/2015,3.533,213.4,13.8,0.0,2.2
4/11/2015,3.567,213.4,12.4,2.7,0.6
4/12/2015,3.530,213.35,10.3,0.5,0.3
4/13/2015,3.504,213.34,9.3,0.0,0.3
4/14/2015,3.296,213.32,13.3,0.0,0.3
4/15/2015,3.174,213.32,16.5,0.0,0.3
4/16/2015,3.026,213.32,10.1,0.0,0.3
4/17/2015,2.841,213.32,7.6,0.0,0.3
4/18/2015,2.927,213.32,7.6,0.0,0.3
4/19/2015,2.799,213.33,8.6,0.0,0.3
4/20/2015,2.724,213.33,11.1,0.0,0.3
4/21/2015,2.445,213.32,12.3,0.0,0.1
4/22/2015,2.324,213.32,7.9,0.0,0.0
4/23/2015,2.385,213.32,9.9,0.0,0.0
4/24/2015,2.538,213.32,14.1,0.0,0.0
4/25/2015,2.528,213.31,13.5,1.6,0.2
4/26/2015,2.459,213.32,14.0,10.5,1.2
4/27/2015,,213.36,8.4,0.5,1.3
4/28/2015,2.261,213.36,6.5,1.8,1.4
4/29/2015,2.358,213.39,9.4,0.7,1.5
4/30/2015,2.296,213.36,8.7,2.2,1.7
5/1/2015,2.296,213.36,8.4,0.0,1.7
5/2/2015,2.220,213.38,10.3,0.0,1.7
5/3/2015,2.054,213.36,13.0,5.7,2.3
5/4/2015,,213.39,16.9,0.4,2.3
5/5/2015,1.537,213.36,17.3,2.8,2.5
5/6/2015,1.580,213.37,13.1,1.3,1.5
5/7/2015,1.613,213.4,12.0,0.0,1.5
5/8/2015,1.525,213.39,14.0,0.0,1.3
5/9/2015,1.331,213.36,15.5,0.8,1.3
5/10/2015,1.323,213.37,13.6,0.0,1.1
5/11/2015,1.110,213.38,19.2,0.0,1.1
5/12/2015,,213.35,18.7,0.0,1.1
5/13/2015,0.864,213.33,14.2,0.0,0.5
5/14/2015,0.890,213.33,11.6,0.0,0.5
5/15/2015,0.926,213.32,12.2,0.0,0.2
5/16/2015,0.996,213.3,10.1,0.4,0.1
5/17/2015,1.112,213.24,11.9,0.0,0.1
5/18/2015,1.016,213.25,15.0,0.7,0.2
5/19/2015,0.903,213.24,11.8,0.3,0.1
5/20/2015,0.963,213.22,10.9,0.5,0.2
5/21/2015,0.968,213.2,12.0,0.0,0.2
5/22/2015,0.830,213.18,15.2,0.0,0.2
5/23/2015,0.624,213.16,14.6,0.0,0.2
5/24/2015,0.523,213.13,14.7,0.9,0.3
5/25/2015,0.511,213.11,11.7,3.3,0.6
5/26/2015,0.658,213.07,10.8,0.3,0.6
5/27/2015,0.660,213.04,12.6,0.0,0.6
5/28/2015,0.517,213,14.3,3.6,0.9
5/29/2015,0.504,212.98,13.5,3.8,1.2
5/30/2015,0.581,212.93,10.1,2.4,1.4
5/31/2015,0.569,212.89,14.8,1.4,1.6
6/1/2015,0.439,212.88,13.7,0.0,1.6
6/2/2015,0.310,212.84,16.9,0.0,1.6
6/3/2015,0.100,212.79,16.7,0.3,1.5
6/4/2015,0.029,212.76,17.0,0.0,1.2
6/5/2015,-0.346,212.73,24.2,3.0,1.5
6/6/2015,-0.710,212.69,19.3,0.0,1.5
6/7/2015,-0.617,212.65,16.1,0.0,1.1
6/8/2015,-0.570,212.6,13.4,0.0,0.7
6/9/2015,-0.487,212.56,13.0,0.0,0.5
6/10/2015,-0.474,212.53,16.4,0.0,0.3
6/11/2015,-0.851,212.48,19.4,0.0,0.3
6/12/2015,-0.984,212.41,21.4,0.0,0.3
6/13/2015,-1.233,212.37,20.6,0.3,0.3
6/14/2015,-1.281,212.31,18.3,0.0,0.3
6/15/2015,-1.270,212.28,15.2,0.0,0.0
6/16/2015,-1.177,212.21,12.2,0.0,0.0
6/17/2015,-0.990,212.16,16.2,6.4,0.7
6/18/2015,-1.073,212.1,16.5,0.3,0.7
6/19/2015,-0.861,212.04,11.9,9.5,1.7
6/20/2015,-0.683,212.01,12.6,0.0,1.7
6/21/2015,-0.737,211.97,15.1,8.1,2.5
6/22/2015,-0.726,211.95,12.6,20.9,4.6
6/23/2015,-0.554,211.91,12.0,3.2,4.8
6/24/2015,-0.577,211.9,13.7,0.0,4.8
6/25/2015,-0.837,211.87,18.6,0.0,4.8
6/26/2015,-1.119,211.81,20.9,4.0,5.2
6/27/2015,-1.294,211.75,18.9,1.5,4.8
6/28/2015,-1.269,211.71,17.8,0.3,4.8
6/29/2015,-1.478,211.66,21.3,0.0,3.8
6/30/2015,-1.719,211.61,21.7,0.0,3.8
7/1/2015,-2.039,211.55,26.1,0.0,3.0
7/2/2015,-2.478,211.5,29.8,0.0,0.9
7/3/2015,-2.802,211.44,27.0,0.0,0.6
7/4/2015,-3.061,211.35,29.8,0.0,0.6
7/5/2015,-3.119,211.28,23.0,7.7,1.4
7/6/2015,-2.846,211.25,20.4,0.0,1.0
7/7/2015,-2.840,211.19,23.1,3.6,1.2
7/8/2015,-2.642,211.12,16.0,12.7,2.4
7/9/2015,-2.370,211.04,14.2,0.3,2.4
7/10/2015,-2.277,210.98,15.8,0.0,2.4
7/11/2015,-2.508,210.93,21.7,0.0,2.4
7/12/2015,-2.563,210.87,17.1,4.9,2.9
7/13/2015,-2.358,210.82,16.9,8.5,3.8
7/14/2015,-2.310,210.77,18.1,2.4,4.0
7/15/2015,-2.257,210.72,20.0,4.1,3.7
7/16/2015,-2.584,210.68,21.9,0.0,3.7
7/17/2015,-2.923,210.66,26.4,0.0,3.3
7/18/2015,-3.151,210.58,21.6,22.4,4.3
7/19/2015,-2.992,210.53,17.7,1.9,4.4
7/20/2015,-2.802,210.55,20.4,0.5,4.5
7/21/2015,-2.810,210.5,22.8,0.4,4.5
7/22/2015,-3.103,210.42,21.8,0.0,4.0
7/23/2015,-3.091,210.37,19.1,0.0,3.2
7/24/2015,-3.115,210.31,22.0,6.3,3.6
7/25/2015,-3.027,210.24,16.6,4.6,3.6
7/26/2015,-2.669,210.18,16.0,2.9,3.9
7/27/2015,-2.630,210.13,16.6,1.0,4.0
7/28/2015,-2.599,210.06,15.5,0.5,1.8
7/29/2015,-2.491,210,14.0,3.1,1.9
7/30/2015,-2.410,209.95,14.7,0.0,1.9
7/31/2015,-2.427,209.87,14.6,0.0,1.8
8/1/2015,-2.505,209.8,18.8,0.0,1.8
8/2/2015,-2.590,209.73,20.1,0.0,1.8
8/3/2015,-2.826,209.69,24.5,0.0,1.2
8/4/2015,-3.000,209.63,20.3,6.2,1.4
8/5/2015,-2.832,209.55,20.0,0.0,1.1
8/6/2015,-3.031,209.47,25.8,0.0,1.0
8/7/2015,-3.314,209.39,24.4,9.5,1.9
8/8/2015,-3.356,209.34,20.0,0.0,1.6
8/9/2015,-3.224,209.3,21.2,0.0,1.6
8/10/2015,-3.316,209.25,21.1,29.3,4.5
8/11/2015,-3.272,209.2,21.4,0.0,4.5
8/12/2015,-3.287,209.16,21.6,0.0,4.5
8/13/2015,-3.477,209.1,25.1,0.3,4.5
8/14/2015,-3.665,209.03,24.3,1.0,4.0
8/15/2015,-3.668,208.98,22.1,3.9,4.4
8/16/2015,-3.528,208.92,17.0,37.3,8.1
8/17/2015,-3.191,208.97,14.2,32.8,10.5
8/18/2015,-3.039,209.1,15.5,0.0,10.5
8/19/2015,-2.997,209.17,17.0,0.0,10.5
8/20/2015,-3.024,209.23,19.2,0.0,7.5
8/21/2015,-3.085,209.25,20.6,0.0,7.5
8/22/2015,-3.118,209.25,20.5,0.0,7.5
8/23/2015,-3.098,209.25,20.9,2.4,7.7
8/24/2015,-3.138,209.24,20.1,1.2,7.8
8/25/2015,-3.106,209.21,16.8,5.0,7.9
8/26/2015,-3.144,209.18,22.1,0.0,4.1
8/27/2015,-3.218,209.15,18.5,24.3,3.3
8/28/2015,-3.064,209.1,16.8,0.0,3.3
8/29/2015,-3.049,209.11,19.4,0.0,3.3
8/30/2015,-3.208,209.08,25.2,0.0,3.3
8/31/2015,-3.432,209.07,26.2,0.0,3.3
9/1/2015,-3.416,209.03,17.0,10.2,4.3
9/2/2015,-3.087,209,15.1,0.8,4.2
9/3/2015,-2.953,208.97,14.9,2.1,4.2
9/4/2015,-2.855,208.93,13.9,3.5,4.1
9/5/2015,-2.751,208.89,12.7,3.4,4.4
9/6/2015,-2.618,208.84,12.0,5.0,2.5
9/7/2015,-2.579,208.84,13.6,2.8,2.8
9/8/2015,-2.583,208.85,14.2,1.2,2.9
9/9/2015,-2.553,208.87,14.9,0.0,2.9
9/10/2015,-2.511,208.83,14.2,0.0,2.9
9/11/2015,-2.433,208.84,14.3,0.0,1.9
9/12/2015,-2.464,208.82,16.9,11.5,3.0
9/13/2015,-2.591,208.83,17.5,1.8,2.9
9/14/2015,-2.606,208.87,17.2,2.0,2.8
9/15/2015,-2.503,208.86,13.6,2.8,2.7
9/16/2015,-2.496,208.85,16.0,4.2,2.6
9/17/2015,-2.562,208.85,15.7,1.4,2.5
9/18/2015,-2.478,208.85,15.5,0.0,2.4
9/19/2015,-2.479,208.83,14.4,0.9,2.5
9/20/2015,-2.445,208.83,13.5,0.4,2.5
9/21/2015,-2.403,208.83,14.5,0.5,2.6
9/22/2015,-2.402,208.79,13.4,7.0,2.1
9/23/2015,-2.344,208.81,13.0,1.4,2.1
9/24/2015,-2.324,208.77,13.9,0.1,1.9
9/25/2015,-2.331,208.77,14.2,0.0,1.6
9/26/2015,-2.315,208.73,12.6,0.0,1.2
9/27/2015,-2.198,208.72,11.5,0.0,1.0
9/28/2015,-2.090,208.7,11.5,0.0,1.0
9/29/2015,-2.006,208.67,11.6,0.0,0.9
9/30/2015,-1.932,208.64,11.9,0.0,0.9
10/1/2015,-1.842,208.61,10.7,0.0,0.9
10/2/2015,-1.736,208.58,10.9,0.0,0.2
10/3/2015,-1.722,208.57,13.9,0.0,0.0
10/4/2015,-1.792,208.51,14.5,0.0,0.0
10/5/2015,-1.844,208.46,15.0,3.9,0.4
10/6/2015,-2.004,208.42,16.9,0.4,0.4
10/7/2015,-2.113,208.4,16.3,1.1,0.5
10/8/2015,-2.084,208.37,13.0,4.9,1.0
10/9/2015,-2.069,208.33,12.6,5.4,1.6
10/10/2015,-1.963,208.32,11.0,0.0,1.6
10/11/2015,-1.759,208.31,6.5,0.0,1.6
10/12/2015,-1.574,208.26,5.7,0.0,1.6
10/13/2015,-1.458,208.21,3.6,0.0,1.6
10/14/2015,-1.406,208.16,3.0,7.5,2.3
10/15/2015,-1.276,208.14,5.0,8.0,2.7
10/16/2015,-1.284,208.13,7.3,0.0,2.7
10/17/2015,-1.257,208.11,7.2,5.7,3.2
10/18/2015,-1.259,208.08,8.3,0.1,2.7
10/19/2015,-1.265,208.07,8.9,0.1,2.1
10/20/2015,-1.284,208.04,9.3,0.3,2.2
10/21/2015,-1.315,208.01,10.7,0.1,2.2
10/22/2015,-1.373,208.01,11.5,0.7,2.3
10/23/2015,-1.386,207.97,11.4,0.0,2.3
10/24/2015,-1.361,207.94,10.2,0.2,1.5
10/25/2015,-1.387,207.91,10.7,0.7,0.8
10/26/2015,-1.339,207.91,10.6,0.0,0.8
10/27/2015,-1.280,207.89,12.7,0.0,0.2
10/28/2015,-1.237,207.87,11.1,0.1,0.2
10/29/2015,-1.292,207.82,11.8,0.0,0.2
10/30/2015,-1.252,207.78,10.9,0.0,0.2
10/31/2015,-1.182,207.72,11.0,0.0,0.2
11/1/2015,-1.118,207.65,10.4,0.0,0.1
11/2/2015,-1.027,207.61,9.7,0.0,0.1
11/3/2015,-0.917,207.54,8.8,0.0,0.1
11/4/2015,-0.974,207.47,13.1,0.3,0.0
11/5/2015,-1.135,207.38,14.6,0.3,0.1
11/6/2015,-1.310,207.32,15.1,3.5,0.4
11/7/2015,-1.524,207.28,17.4,0.0,0.4
11/8/2015,-1.552,207.23,14.9,4.5,0.9
11/9/2015,-1.617,207.18,14.9,0.1,0.9
11/10/2015,-1.669,207.13,14.2,0.2,0.9
11/11/2015,-1.703,207.08,12.5,0.0,0.9
11/12/2015,-1.674,207.03,12.9,0.0,0.9
11/13/2015,-1.678,206.97,11.7,2.9,1.2
11/14/2015,-1.508,206.91,7.8,15.2,2.7
11/15/2015,-1.545,206.89,12.1,11.7,3.8
11/16/2015,-1.585,206.94,11.6,6.8,4.1
11/17/2015,-1.613,207,13.3,3.6,4.5
11/18/2015,-1.609,207.09,12.4,1.9,4.2
11/19/2015,-1.541,207.2,10.7,16.8,5.9
11/20/2015,-1.383,207.3,7.4,1.6,6.1
11/21/2015,-1.180,207.44,4.5,2.4,6.3
11/22/2015,-0.977,207.55,2.1,2.7,6.6
11/23/2015,-0.802,207.64,2.9,0.0,6.3
11/24/2015,-0.665,207.7,2.4,4.8,5.2
11/25/2015,-0.615,207.77,4.5,2.2,4.3
11/26/2015,-0.568,207.85,4.7,0.0,3.6
11/27/2015,-0.404,207.9,3.5,0.7,3.3
11/28/2015,-0.342,207.96,4.7,7.3,3.9
11/29/2015,-0.362,208.04,8.0,14.5,3.6
11/30/2015,-0.398,208.19,8.4,21.7,5.6
12/1/2015,-0.371,208.54,9.2,2.2,5.6
12/2/2015,-0.314,208.99,9.7,0.0,5.3
12/3/2015,-0.213,209.28,8.7,1.3,5.5
12/4/2015,-0.089,209.45,8.1,2.2,5.2
12/5/2015,0.045,209.61,7.0,0.0,5.0
12/6/2015,0.080,209.73,9.4,1.1,5.1
12/7/2015,0.002,209.85,10.5,0.0,5.0
12/8/2015,0.051,209.93,11.6,3.3,4.6
12/9/2015,0.034,210,7.6,0.0,3.2
12/10/2015,0.317,210.08,5.2,1.9,1.2
12/11/2015,0.391,210.16,5.7,8.9,1.9
12/12/2015,0.445,210.22,6.9,2.4,2.1
12/13/2015,0.428,210.33,7.0,1.1,2.1
12/14/2015,0.498,210.43,7.8,0.1,1.9
12/15/2015,0.554,210.47,7.6,0.1,1.9
12/16/2015,0.515,210.56,10.2,6.3,2.4
12/17/2015,0.363,210.64,13.1,0.7,2.5
12/18/2015,0.296,210.69,11.9,0.0,2.2
12/19/2015,0.343,210.76,11.6,0.0,2.2
12/20/2015,0.351,210.83,12.6,4.6,2.4
12/21/2015,0.332,210.9,10.0,2.3,1.8
12/22/2015,0.378,210.94,11.8,0.4,1.6
12/23/2015,0.328,210.98,10.3,2.2,1.7
12/24/2015,0.434,211.02,10.5,4.3,2.1
12/25/2015,0.444,211.08,9.0,1.5,2.2
12/26/2015,0.393,211.15,12.9,0.0,1.6
12/27/2015,0.424,211.21,11.4,0.0,1.5
12/28/2015,0.480,211.26,10.6,0.0,1.5
12/29/2015,0.590,211.26,9.6,0.0,1.5
12/30/2015,0.696,211.27,6.5,0.0,1.1
12/31/2015,0.814,211.3,6.9,1.3,1.0
1/1/2016,0.924,211.34,5.3,0.1,0.9
1/2/2016,1.049,211.38,4.4,2.5,1.0
1/3/2016,1.126,211.43,4.5,1.8,0.7
1/4/2016,1.227,211.47,4.1,9.2,1.5
1/5/2016,1.248,211.51,6.4,0.4,1.5
1/6/2016,1.274,211.57,6.0,0.2,1.6
1/7/2016,1.344,211.63,5.8,3.6,1.9
1/8/2016,1.466,211.73,5.1,0.0,1.9
1/9/2016,1.607,211.78,5.0,0.1,1.9
1/10/2016,1.614,211.82,6.8,4.7,2.3
1/11/2016,1.690,211.87,5.3,2.7,2.5
1/12/2016,1.724,211.92,5.5,7.8,3.1
1/13/2016,1.758,211.97,4.3,3.2,3.2
1/14/2016,1.926,212.02,2.7,3.4,2.6
1/15/2016,2.027,212.08,1.8,1.2,2.7
1/16/2016,2.130,212.09,1.1,3.5,3.0
1/17/2016,2.240,212.11,-0.9,0.1,2.7
1/18/2016,2.325,212.14,-3.6,0.0,2.7
1/19/2016,2.274,212.12,-2.8,0.0,2.7
1/20/2016,2.403,212.13,0.7,3.0,2.5
1/21/2016,2.617,212.15,-0.3,0.0,2.2
1/22/2016,2.624,212.15,-0.2,4.3,1.9
1/23/2016,2.684,212.17,5.5,0.5,1.6
1/24/2016,2.604,212.19,6.2,1.4,1.4
1/25/2016,2.424,212.24,10.7,0.1,1.3
1/26/2016,2.293,212.27,10.2,0.2,1.0
1/27/2016,2.209,212.27,10.3,7.5,1.7
1/28/2016,2.214,212.29,6.7,0.0,1.7
1/29/2016,2.349,212.3,6.6,0.9,1.8
1/30/2016,2.263,212.28,6.3,16.3,3.1
1/31/2016,2.401,212.31,5.0,11.1,4.2
2/1/2016,2.166,212.4,11.0,0.7,3.9
2/2/2016,2.175,212.5,8.2,14.2,5.2
2/3/2016,2.411,212.68,4.8,0.7,5.2
2/4/2016,2.557,212.78,3.4,6.5,5.8
2/5/2016,2.570,212.78,6.3,1.2,5.9
2/6/2016,2.451,212.74,9.5,0.0,5.2
2/7/2016,2.391,212.7,9.2,2.0,5.4
2/8/2016,2.417,212.65,7.0,10.0,6.3
2/9/2016,2.431,212.62,6.0,13.5,6.0
2/10/2016,2.502,212.62,3.5,5.1,5.4
2/11/2016,2.596,212.63,4.3,0.0,5.3
2/12/2016,2.685,212.68,3.0,0.0,3.9
2/13/2016,2.834,212.67,2.5,2.5,4.1
2/14/2016,2.827,212.71,3.3,1.9,3.6
2/15/2016,2.906,212.7,0.6,3.4,3.8
2/16/2016,3.030,212.67,-1.0,0.9,3.9
2/17/2016,3.061,212.65,-1.1,0.5,3.8
2/18/2016,3.212,212.67,1.8,0.0,2.8
2/19/2016,3.279,212.67,1.9,0.0,1.4
2/20/2016,3.212,212.67,5.9,14.3,2.4
2/21/2016,2.902,212.66,10.3,3.1,2.7
2/22/2016,2.798,212.76,7.2,18.0,4.5
2/23/2016,3.029,212.9,3.8,0.5,4.3
2/24/2016,3.168,213.04,2.6,1.7,4.2
2/25/2016,3.339,213.09,1.2,0.2,3.9
2/26/2016,3.398,213.1,2.1,0.0,3.8
2/27/2016,3.501,213.11,2.0,0.0,3.8
2/28/2016,3.586,213.09,0.9,0.0,3.8
2/29/2016,3.674,213.09,0.9,0.0,3.8
3/1/2016,3.699,213.05,0.9,2.3,2.6
3/2/2016,3.598,213.03,5.2,1.8,2.5
3/3/2016,3.582,213.05,3.5,1.9,0.8
3/4/2016,3.640,213.02,2.9,3.6,1.2
3/5/2016,3.602,213.02,3.7,2.7,1.3
3/6/2016,3.607,213.04,2.8,3.0,1.5
3/7/2016,3.655,213.05,2.4,1.1,1.6
3/8/2016,3.720,213.05,1.8,0.7,1.7
3/9/2016,3.780,213.06,3.4,0.0,1.7
3/10/2016,3.821,213.06,3.5,0.0,1.7
3/11/2016,3.753,213.05,4.3,0.0,1.5
3/12/2016,3.796,213.06,2.0,0.0,1.3
3/13/2016,3.771,213.08,3.3,0.0,1.1
3/14/2016,3.833,213.1,3.9,0.0,0.8
3/15/2016,3.838,213.09,3.2,0.0,0.5
3/16/2016,3.781,213.1,4.3,0.0,0.2
3/17/2016,3.816,213.12,4.9,0.0,0.1
3/18/2016,3.851,213.13,2.2,0.8,0.1
3/19/2016,3.782,213.14,4.8,0.3,0.1
3/20/2016,3.705,213.16,5.9,1.6,0.3
3/21/2016,3.608,213.19,6.6,1.1,0.4
3/22/2016,3.546,213.19,6.4,2.8,0.7
3/23/2016,3.471,213.21,6.7,0.4,0.7
3/24/2016,3.475,213.23,6.2,2.0,0.9
3/25/2016,3.423,213.24,6.6,8.3,1.7
3/26/2016,3.367,213.29,10.1,0.0,1.7
3/27/2016,3.258,213.31,10.0,3.6,2.1
3/28/2016,3.276,213.34,8.5,4.0,2.4
3/29/2016,3.299,213.38,6.8,2.2,2.6
3/30/2016,3.212,213.39,9.4,0.4,2.5
3/31/2016,3.140,213.38,6.6,3.5,2.7
4/1/2016,3.159,213.34,8.3,0.1,2.5
4/2/2016,3.144,213.28,10.8,0.0,2.4
4/3/2016,2.847,213.29,15.7,0.0,2.2
4/4/2016,2.591,213.32,14.7,0.1,1.4
4/5/2016,2.581,213.33,10.6,7.3,2.1
4/6/2016,2.609,213.35,10.6,1.3,1.9
4/7/2016,2.699,213.37,7.6,0.6,1.6
4/8/2016,2.795,213.37,7.1,0.1,1.3
4/9/2016,2.845,213.36,9.4,0.0,1.3
4/10/2016,2.655,213.38,12.4,0.0,1.0
4/11/2016,2.618,213.39,12.2,0.0,0.9
4/12/2016,2.488,213.37,13.3,0.0,0.9
4/13/2016,2.428,213.36,10.4,0.0,0.9
4/14/2016,2.383,213.35,11.7,2.4,1.2
4/15/2016,2.244,213.35,12.1,0.0,0.4
4/16/2016,2.200,213.36,10.9,0.6,0.4
4/17/2016,2.307,213.35,7.3,1.0,0.4
4/18/2016,2.466,213.37,8.3,0.3,0.4
4/19/2016,2.381,213.35,9.7,0.0,0.4
4/20/2016,2.412,213.35,8.3,0.0,0.4
4/21/2016,2.378,213.36,10.7,0.0,0.4
4/22/2016,2.288,213.35,9.9,0.0,0.4
4/23/2016,2.331,213.36,5.9,0.1,0.4
4/24/2016,2.507,213.38,4.1,1.4,0.3
4/25/2016,2.620,213.36,4.3,10.2,1.4
4/26/2016,2.774,213.37,3.4,8.4,2.1
4/27/2016,2.865,213.38,3.9,9.1,3.0
4/28/2016,2.878,213.42,5.7,2.0,3.1
4/29/2016,2.903,213.44,8.2,0.0,3.1
4/30/2016,2.855,213.44,7.0,5.8,3.7
5/1/2016,2.703,213.44,10.0,0.0,3.7
5/2/2016,2.497,213.45,13.1,0.0,3.7
5/3/2016,2.312,213.44,10.4,3.4,4.0
5/4/2016,2.276,213.43,9.5,0.0,3.9
5/5/2016,2.159,213.41,13.3,0.0,2.9
5/6/2016,1.918,213.41,16.8,0.0,2.0
5/7/2016,1.658,213.42,19.4,0.0,1.1
5/8/2016,1.411,213.39,20.0,0.0,0.9
5/9/2016,1.238,213.4,19.6,0.0,0.9
5/10/2016,1.029,213.38,20.7,0.6,0.4
5/11/2016,0.853,213.37,20.2,0.0,0.4
5/12/2016,0.764,213.38,18.8,0.0,0.4
5/13/2016,0.666,213.35,16.8,0.0,0.1
5/14/2016,0.821,213.34,8.9,0.2,0.1
5/15/2016,1.168,213.31,7.6,5.3,0.6
5/16/2016,1.354,213.29,8.7,0.0,0.6
5/17/2016,1.308,213.3,12.4,0.0,0.6
5/18/2016,1.111,213.28,15.3,0.1,0.6
5/19/2016,0.958,213.26,13.9,0.0,0.6
5/20/2016,0.869,213.23,14.5,0.0,0.6
5/21/2016,0.642,213.22,18.9,0.0,0.6
5/22/2016,0.314,213.2,20.2,3.9,1.0
5/23/2016,0.333,213.21,14.5,7.2,1.7
5/24/2016,0.636,213.19,10.7,0.4,1.7
5/25/2016,0.714,213.16,13.1,0.0,1.2
5/26/2016,0.513,213.15,17.1,0.0,1.2
5/27/2016,0.223,213.13,17.7,0.1,1.2
5/28/2016,0.024,213.11,19.5,0.0,1.2
5/29/2016,-0.181,213.09,18.9,2.8,1.4
5/30/2016,-0.331,213.11,18.8,1.9,1.6
5/31/2016,-0.506,213.09,19.0,0.9,1.7
6/1/2016,-0.518,213.04,17.5,14.8,2.8
6/2/2016,-0.400,213.12,18.7,2.3,2.3
6/3/2016,-0.770,213.13,19.3,0.0,2.3
6/4/2016,-0.889,213.12,21.8,0.0,2.3
6/5/2016,-0.995,213.1,21.8,0.4,2.3
6/6/2016,-1.013,213.09,21.1,9.3,3.2
6/7/2016,-0.984,213.08,21.1,0.8,3.3
6/8/2016,-0.980,213.07,18.2,0.0,3.0
6/9/2016,-1.010,213.05,14.8,0.0,2.9
6/10/2016,-1.004,213.03,16.5,0.0,2.8
6/11/2016,-1.164,213.02,17.7,0.1,1.3
6/12/2016,-1.239,213.01,17.6,5.7,1.6
6/13/2016,-1.176,213.02,16.8,10.2,2.7
6/14/2016,-1.156,213.02,16.9,3.1,3.0
6/15/2016,-1.149,213.02,16.3,2.6,3.2
6/16/2016,-1.078,213.01,16.7,0.2,2.3
6/17/2016,-1.082,212.99,15.4,4.2,2.6
6/18/2016,-1.010,212.98,15.6,9.0,3.5
6/19/2016,-0.994,212.97,14.6,0.1,3.5
6/20/2016,-0.962,212.99,16.2,6.5,4.2
6/21/2016,-1.050,212.96,19.3,0.1,4.2
6/22/2016,-1.367,212.94,22.2,0.0,3.6
6/23/2016,-1.753,212.93,26.5,0.0,2.6
6/24/2016,-2.030,212.9,23.0,10.1,3.3
6/25/2016,-1.758,212.96,17.4,10.4,4.1
6/26/2016,-1.465,213.03,15.9,5.1,4.6
6/29/2016,-1.574,213.02,18.3,0.3,4.1
6/30/2016,-1.613,213.01,18.6,4.4,3.9
7/1/2016,-1.673,213,19.8,3.1,4.2
7/2/2016,-1.667,212.98,16.1,0.6,4.2
7/3/2016,-1.593,212.99,15.4,4.1,4.6
7/4/2016,-1.647,213,18.0,0.0,3.6
7/5/2016,-1.735,212.98,18.1,0.3,2.6
7/6/2016,-1.690,212.96,16.1,0.0,2.1
7/7/2016,-1.639,212.93,18.1,0.0,1.9
7/8/2016,-1.788,212.91,20.2,0.7,1.4
7/9/2016,-1.905,212.87,20.6,0.0,1.3
7/10/2016,-2.097,212.85,24.5,0.0,0.9
7/11/2016,-2.337,212.84,21.7,0.0,0.6
7/12/2016,-2.274,212.77,19.6,0.0,0.5
7/13/2016,-2.164,212.72,16.8,1.9,0.3
7/14/2016,-1.956,212.69,14.5,2.1,0.5
7/15/2016,-1.860,212.64,16.1,0.0,0.5
7/16/2016,-1.918,212.59,18.5,0.0,0.5
7/17/2016,-2.053,212.55,20.7,2.8,0.8
7/18/2016,-2.198,212.52,21.8,0.0,0.7
7/19/2016,-2.425,212.48,24.3,0.0,0.7
7/20/2016,-2.691,212.41,26.5,1.6,0.8
7/21/2016,-2.831,212.36,25.3,0.0,0.8
7/22/2016,-2.859,212.29,21.5,12.1,2.1
7/23/2016,-2.795,212.24,21.2,0.1,1.9
7/24/2016,-2.856,212.17,23.8,0.0,1.7
7/25/2016,-2.985,212.12,23.4,0.8,1.7
7/26/2016,-2.983,212.06,20.7,0.5,1.8
7/27/2016,-2.882,212.01,20.7,0.2,1.5
7/28/2016,-2.893,211.93,19.6,3.8,1.9
7/29/2016,-2.858,211.87,19.7,0.9,2.0
7/30/2016,-2.903,211.81,20.1,0.0,1.8
7/31/2016,-2.856,211.77,17.0,3.5,2.2
8/1/2016,-2.664,211.73,16.7,2.2,1.2
8/2/2016,-2.558,211.68,16.8,7.1,1.9
8/3/2016,-2.550,211.63,18.9,6.5,2.6
8/4/2016,-2.521,211.61,17.9,0.0,2.5
8/5/2016,-2.453,211.57,17.5,2.7,2.7
8/6/2016,-2.486,211.54,18.0,0.1,2.7
8/7/2016,-2.510,211.49,20.9,0.0,2.3
8/8/2016,-2.678,211.45,19.0,0.1,2.2
8/9/2016,-2.502,211.39,15.1,3.0,2.5
8/10/2016,-2.387,211.34,13.0,0.1,2.2
8/11/2016,-2.243,211.28,12.6,9.1,2.9
8/12/2016,-2.217,211.23,17.5,3.5,2.5
8/13/2016,-2.361,211.18,20.6,0.0,1.9
8/14/2016,-2.509,211.12,19.3,0.0,1.9
8/15/2016,-2.568,211.07,18.1,0.0,1.6
8/16/2016,-2.565,211.02,18.3,0.0,1.6
8/17/2016,-2.539,210.97,18.7,0.0,1.6
8/18/2016,-2.525,210.9,19.5,0.0,1.6
8/19/2016,-2.534,210.84,20.8,1.0,1.4
8/20/2016,-2.661,210.79,20.3,1.4,1.5
8/21/2016,-2.658,210.72,17.3,1.7,0.8
8/22/2016,-2.576,210.64,17.4,0.1,0.4
8/23/2016,-2.607,210.57,22.3,0.0,0.4
8/24/2016,-2.729,210.5,25.2,0.0,0.4
8/25/2016,-3.003,210.42,27.1,0.0,0.4
8/26/2016,-3.169,210.35,27.8,0.0,0.4
8/27/2016,-3.246,210.28,24.7,5.7,1.0
8/28/2016,-3.192,210.21,22.8,19.1,2.9
8/29/2016,-3.061,210.15,18.2,0.9,2.9
8/30/2016,-2.949,210.09,18.6,0.0,2.8
8/31/2016,-2.903,210.02,19.9,0.0,2.6
9/1/2016,-2.897,209.93,19.4,0.1,2.6
9/2/2016,-2.868,209.86,20.5,0.0,2.6
9/3/2016,-2.936,209.78,20.7,0.2,2.6
9/4/2016,-2.934,209.72,18.5,24.1,5.0
9/5/2016,-2.859,209.68,17.7,1.7,5.2
9/6/2016,-2.820,209.61,20.2,0.0,4.6
9/7/2016,-2.837,209.54,21.1,0.0,2.7
9/8/2016,-2.901,209.46,22.0,0.0,2.6
9/9/2016,-2.943,209.39,20.5,0.0,2.6
9/10/2016,-2.942,209.32,21.3,0.0,2.6
9/11/2016,-3.013,209.24,20.7,0.0,2.6
9/12/2016,-3.024,209.17,22.9,0.0,2.6
9/13/2016,-3.148,209.08,24.7,0.0,2.6
9/14/2016,-3.193,209.01,24.1,0.0,0.2
9/15/2016,-3.242,208.94,24.2,0.0,0.0
9/16/2016,-3.298,208.85,20.1,0.0,0.0
9/17/2016,-3.205,208.77,17.0,2.8,0.3
9/18/2016,-3.134,208.7,17.0,0.0,0.3
9/19/2016,-3.086,208.61,15.2,0.0,0.3
9/20/2016,-3.071,208.52,16.1,0.0,0.3
9/21/2016,-2.924,208.46,14.7,0.0,0.3
9/22/2016,-2.796,208.39,15.8,0.0,0.3
9/23/2016,-2.795,208.34,16.4,0.0,0.3
9/24/2016,-2.778,208.29,17.1,0.0,0.3
9/25/2016,-2.768,208.25,19.4,0.0,0.3
9/26/2016,-2.834,208.17,16.5,0.0,0.3
9/28/2016,-2.771,208.07,17.9,0.0,0.0
9/29/2016,-2.878,207.99,19.9,2.3,0.2
9/30/2016,-2.892,208,15.1,1.9,0.4
10/1/2016,-2.821,207.95,13.6,1.5,0.6
10/2/2016,-2.706,207.9,12.9,4.6,1.0
10/3/2016,-2.638,207.84,12.6,0.1,1.0
10/4/2016,-2.606,207.8,12.3,0.0,1.0
10/5/2016,-2.456,207.73,9.2,0.0,1.0
10/6/2016,-2.314,207.67,8.0,1.9,1.2
10/7/2016,-2.328,207.61,11.4,2.0,1.4
10/8/2016,-2.285,207.57,9.7,0.2,1.5
10/9/2016,-2.213,207.52,9.5,0.0,1.2
10/10/2016,-2.113,207.48,9.4,0.5,1.1
10/11/2016,-2.065,207.41,8.4,2.0,1.1
10/12/2016,-2.056,207.36,8.3,0.0,0.7
10/13/2016,-1.996,207.32,8.3,0.0,0.7
10/14/2016,-1.986,207.26,10.8,0.0,0.7
10/15/2016,-2.065,207.21,12.3,0.0,0.7
10/16/2016,-2.009,207.16,13.5,0.1,0.5
10/17/2016,-2.086,207.11,14.7,0.1,0.3
10/18/2016,-2.083,207.06,12.1,7.5,1.0
10/19/2016,-2.060,207.01,7.8,21.7,3.2
10/21/2016,-1.847,206.98,7.4,8.0,3.9
10/22/2016,-1.824,206.95,8.0,0.4,3.9
10/24/2016,-1.705,206.93,9.1,9.1,4.9
10/25/2016,-1.753,206.9,10.1,0.4,4.9
10/26/2016,-1.737,206.82,9.4,0.2,4.2
10/27/2016,-1.795,206.81,11.5,0.0,2.0
10/28/2016,-1.842,206.78,12.5,0.9,1.9
10/29/2016,-1.872,206.74,10.0,0.0,1.1
10/30/2016,-1.778,206.64,8.6,0.0,1.3
10/31/2016,-1.703,206.64,10.3,0.0,1.1
11/1/2016,-1.665,206.56,10.5,2.3,1.3
11/2/2016,-1.638,206.49,7.4,3.3,1.6
11/3/2016,-1.608,206.43,7.6,0.0,0.7
11/4/2016,-1.562,206.38,7.4,2.1,0.9
11/5/2016,-1.562,206.31,7.4,0.0,0.9
11/6/2016,-1.516,206.26,5.9,2.8,1.1
11/7/2016,-1.475,206.23,5.0,4.5,1.5
11/8/2016,-1.386,206.17,1.9,1.2,1.6
11/9/2016,-1.273,206.1,2.9,5.4,2.2
11/10/2016,-1.256,206.06,4.3,7.8,2.9
11/11/2016,-1.229,206.04,3.0,0.3,2.7
11/12/2016,-1.077,206.02,0.7,0.0,2.4
11/13/2016,-1.002,206,2.4,0.0,2.4
11/14/2016,-0.899,205.98,2.9,1.7,2.4
11/15/2016,-0.928,205.95,6.4,6.8,3.1
11/16/2016,-0.789,205.93,10.8,12.7,4.0
11/17/2016,-1.144,205.94,9.9,9.5,4.5
11/18/2016,-1.138,205.99,7.3,2.9,4.7
11/19/2016,-1.007,206.08,5.6,0.7,4.2
11/20/2016,-0.996,206.18,9.4,0.4,3.5
11/21/2016,-1.157,206.25,13.9,0.1,3.5
11/22/2016,-1.206,206.29,11.6,0.3,3.5
11/23/2016,-1.173,206.31,8.9,0.2,3.5
11/24/2016,-1.148,206.35,7.4,0.1,3.4
11/25/2016,-0.952,206.34,4.1,0.0,2.7
11/26/2016,-0.841,206.32,2.8,1.7,1.6
11/27/2016,-0.809,206.32,4.4,0.1,0.7
11/28/2016,-0.763,206.33,-0.4,0.0,0.4
11/29/2016,-0.505,206.3,-1.5,0.0,0.3
11/30/2016,-0.408,206.27,1.5,0.0,0.3
12/1/2016,-0.425,206.26,5.7,1.1,0.4
12/2/2016,-0.505,206.28,5.4,1.9,0.5
12/3/2016,-0.333,206.22,0.5,0.0,0.5
12/4/2016,-0.220,206.18,-0.7,0.0,0.5
12/5/2016,-0.122,206.19,1.1,0.0,0.5
12/6/2016,-0.047,206.14,0.4,0.0,0.3
12/7/2016,-0.031,206.11,5.7,0.2,0.3
12/8/2016,-0.195,206.08,8.6,0.6,0.4
12/9/2016,-0.303,206.05,9.3,0.1,0.4
12/10/2016,-0.399,206,9.5,2.7,0.7
12/11/2016,-0.493,205.96,8.0,2.6,0.8
12/12/2016,-0.507,205.92,7.4,0.0,0.6
12/13/2016,-0.522,205.88,6.7,0.2,0.6
12/14/2016,-0.545,205.83,8.4,0.1,0.7
12/15/2016,-0.494,205.77,6.2,0.0,0.7
12/16/2016,-0.406,205.7,3.9,0.0,0.7
12/17/2016,-0.356,205.64,4.3,0.5,0.7
12/18/2016,-0.420,205.56,6.3,0.0,0.6
12/19/2016,-0.392,205.5,3.9,0.0,0.6
12/20/2016,-0.215,205.45,0.4,0.0,0.3
12/21/2016,-0.141,205.38,2.9,1.6,0.2
12/22/2016,-0.178,205.32,4.2,5.5,0.8
12/23/2016,-0.213,205.26,5.4,1.1,0.9
12/24/2016,-0.287,205.2,6.9,0.6,0.9
12/25/2016,-0.419,205.16,8.6,1.7,1.1
12/26/2016,-0.509,205.18,7.4,3.7,1.5
12/27/2016,-0.375,205.14,5.5,0.0,1.4
12/28/2016,-0.389,205.1,5.3,0.0,1.4
12/29/2016,-0.229,205.09,1.5,0.0,1.4
12/30/2016,-0.069,205.03,1.6,0.0,1.4
12/31/2016,0.016,205,1.4,0.0,1.3
1/1/2017,0.106,204.99,1.6,5.2,1.2
1/2/2017,0.144,205.01,1.4,0.1,1.1
1/3/2017,0.120,204.97,2.3,2.6,1.3
1/4/2017,0.067,204.95,3.2,1.9,1.4
1/5/2017,0.162,204.94,-1.5,0.0,1.0
1/6/2017,0.019,204.95,-5.3,0.0,1.0
1/7/2017,-0.033,204.96,-2.4,4.3,1.4
1/8/2017,0.210,204.94,1.7,0.1,1.4
1/9/2017,0.311,204.95,2.3,0.5,1.5
1/10/2017,0.303,204.93,2.9,0.3,1.5
1/11/2017,0.254,204.91,4.3,2.6,1.2
1/12/2017,0.229,204.93,4.4,8.1,2.0
1/13/2017,0.280,204.93,1.6,5.3,2.3
1/14/2017,0.332,204.98,1.8,1.1,2.2
1/15/2017,0.386,205.04,0.6,6.4,2.9
1/16/2017,0.449,205.1,-0.8,0.0,2.9
1/17/2017,-0.490,205.12,-3.4,0.0,2.4
1/18/2017,0.460,205.13,-4.7,0.0,2.4
1/19/2017,0.442,205.13,-3.5,0.0,2.4
1/20/2017,0.436,205.17,-2.5,0.0,2.4
1/21/2017,0.491,205.2,-2.0,0.0,2.1
1/22/2017,0.541,205.21,-3.4,0.0,1.3
1/23/2017,0.374,205.22,-5.1,0.5,0.8
1/24/2017,0.333,205.21,0.0,0.2,0.7
1/25/2017,0.459,205.21,-3.1,0.0,0.1
1/26/2017,0.596,205.16,-4.3,0.0,0.1
1/27/2017,0.571,205.13,2.2,0.0,0.1
1/28/2017,0.603,205.12,4.3,0.1,0.1
1/29/2017,0.888,205.14,5.0,0.1,0.1
1/30/2017,0.879,205.18,5.1,6.4,0.7
1/31/2017,0.887,205.21,2.2,0.1,0.7
2/1/2017,0.977,205.28,3.4,0.2,0.8
2/2/2017,0.888,205.34,8.1,0.0,0.7
2/3/2017,0.734,205.39,8.3,1.3,0.8
2/4/2017,0.728,205.47,6.8,2.4,1.1
2/5/2017,0.748,205.57,5.1,0.0,1.1
2/6/2017,0.868,205.66,1.7,0.0,1.1
2/7/2017,0.872,205.7,3.1,0.4,1.1
2/8/2017,0.885,205.76,2.0,0.0,1.1
2/9/2017,0.952,205.8,0.1,0.0,0.4
2/10/2017,1.036,205.84,-0.6,0.0,0.4
2/11/2017,1.066,205.87,2.0,0.0,0.4
2/12/2017,1.080,205.91,2.6,0.0,0.4
2/13/2017,1.165,205.95,3.1,0.0,0.3
2/14/2017,1.231,205.96,4.8,0.0,0.0
2/15/2017,1.282,205.99,7.5,0.0,0.0
2/16/2017,1.172,206,8.0,0.6,0.1
2/17/2017,1.021,206,6.4,4.4,0.5
2/18/2017,0.919,206.02,5.4,0.0,0.5
2/19/2017,0.990,206.07,4.9,1.8,0.7
2/20/2017,0.812,206.11,8.3,4.3,1.1
2/21/2017,0.608,206.15,9.4,0.9,1.2
2/22/2017,0.523,206.21,9.3,28.6,4.1
2/23/2017,0.505,206.39,8.0,14.4,5.5
2/24/2017,0.800,206.82,4.1,0.0,5.5
2/25/2017,1.002,207.11,4.7,0.0,5.5
2/26/2017,0.905,207.34,9.1,0.6,5.5
2/27/2017,0.728,207.52,10.1,4.2,5.5
2/28/2017,0.815,207.67,5.5,5.3,6.0
3/1/2017,0.947,207.77,4.9,6.3,6.5
3/2/2017,0.981,207.89,6.5,0.6,6.1
3/3/2017,1.041,208.02,7.7,0.0,6.0
3/4/2017,0.886,208.12,11.8,0.2,3.2
3/5/2017,0.852,208.22,7.6,1.4,1.9
3/6/2017,0.943,208.32,5.5,1.7,2.0
3/7/2017,0.984,208.35,5.5,6.1,2.6
3/8/2017,1.047,208.45,5.0,9.8,3.6
3/9/2017,1.002,208.58,7.9,1.2,3.3
3/10/2017,1.024,208.73,6.5,0.0,2.7
3/11/2017,1.113,208.82,7.9,0.0,2.1
3/12/2017,1.181,208.92,8.4,0.0,2.0
3/13/2017,1.228,209.01,9.4,0.0,2.0
3/14/2017,1.113,209.07,10.1,0.0,2.0
3/15/2017,1.056,209.11,9.9,0.0,1.9
3/16/2017,1.100,209.16,9.6,0.0,1.7
3/17/2017,1.039,209.2,9.0,4.5,1.6
3/18/2017,1.014,209.23,7.8,19.8,2.6
3/19/2017,0.937,209.38,10.2,0.4,2.5
3/20/2017,0.869,209.57,10.4,1.3,2.6
3/21/2017,0.875,209.69,8.3,0.2,2.6
3/22/2017,1.108,209.81,5.7,0.0,2.6
3/23/2017,1.135,209.9,9.4,0.0,2.6
3/24/2017,1.166,209.98,9.1,0.0,2.6
3/25/2017,1.244,210.03,7.8,0.0,2.6
3/26/2017,1.297,210.1,8.0,0.0,2.6
3/27/2017,1.322,210.16,10.8,0.0,2.2
3/28/2017,1.254,210.19,13.0,0.0,0.2
3/29/2017,1.027,210.24,13.1,0.0,0.2
3/30/2017,0.847,210.28,15.6,0.0,0.0
3/31/2017,0.686,210.31,17.2,0.0,0.0
4/1/2017,0.571,210.33,13.7,0.0,0.0
4/2/2017,0.473,210.36,12.9,0.0,0.0
4/3/2017,0.561,210.4,8.9,0.1,0.0
4/4/2017,0.750,210.4,9.2,0.0,0.0
4/5/2017,0.829,210.42,7.9,0.0,0.0
4/6/2017,0.844,210.43,7.5,0.0,0.0
4/7/2017,0.818,210.44,9.4,0.0,0.0
4/8/2017,0.637,210.45,11.3,0.0,0.0
4/9/2017,0.658,210.47,13.1,0.0,0.0
4/10/2017,0.573,210.49,11.0,0.0,0.0
4/11/2017,0.647,210.49,8.5,0.0,0.0
4/12/2017,0.615,210.47,10.4,4.0,0.4
4/13/2017,0.636,210.45,9.1,0.0,0.4
4/14/2017,0.716,210.43,8.6,0.4,0.4
4/15/2017,0.745,210.42,8.4,1.4,0.6
4/16/2017,0.792,210.41,7.5,3.9,1.0
4/17/2017,0.864,210.41,5.6,7.2,1.7
4/18/2017,1.008,210.42,4.0,0.7,1.8
4/19/2017,1.109,210.39,3.4,0.0,1.8
4/20/2017,1.199,210.4,5.7,0.0,1.8
4/21/2017,1.075,210.41,9.2,2.9,2.1
4/22/2017,0.990,210.39,7.4,0.0,1.7
4/23/2017,1.030,210.39,6.3,0.0,1.7
4/24/2017,1.025,210.38,9.5,3.1,1.9
4/25/2017,0.967,210.36,7.1,0.4,1.8
4/26/2017,1.007,210.33,5.9,0.1,1.4
4/27/2017,0.996,210.3,6.3,0.0,0.7
4/28/2017,0.957,210.28,7.6,1.1,0.8
4/29/2017,0.829,210.25,7.9,0.0,0.8
4/30/2017,0.730,210.23,11.4,0.0,0.8
5/1/2017,0.563,210.23,10.6,6.6,1.1
5/2/2017,0.635,210.24,8.6,9.9,2.1
5/3/2017,0.661,210.23,10.6,5.1,2.6
5/4/2017,0.608,210.24,9.7,0.7,2.4
5/5/2017,0.649,210.24,8.8,0.0,2.4
5/6/2017,0.533,210.23,13.3,0.0,2.3
5/7/2017,0.264,210.22,13.8,0.0,2.3
5/8/2017,0.302,210.24,8.5,0.7,2.3
5/9/2017,0.475,210.22,8.5,0.0,2.3
5/10/2017,0.440,210.2,10.4,0.0,2.3
5/11/2017,0.212,210.18,16.3,1.1,1.8
5/12/2017,-0.106,210.16,15.8,12.7,2.0
5/13/2017,-0.347,210.14,17.4,0.1,1.5
5/14/2017,-0.506,210.14,17.0,4.6,1.9
5/15/2017,-0.583,210.15,16.3,0.0,1.9
5/16/2017,-0.843,210.14,19.4,0.0,1.9
5/17/2017,-1.127,210.11,23.3,0.0,1.9
5/18/2017,-1.377,210.06,20.0,5.3,2.4
5/19/2017,-1.135,210.03,13.4,25.3,4.9
5/20/2017,-0.875,210.03,13.9,0.0,4.9
5/21/2017,-0.886,210.06,15.6,0.0,4.8
5/22/2017,-1.052,210.05,18.4,0.0,3.5
5/23/2017,-1.311,210.02,19.0,0.0,3.5
5/24/2017,-1.300,209.97,15.6,0.0,3.1
5/25/2017,-1.400,209.9,17.0,0.0,3.1
5/26/2017,-1.538,209.89,19.9,0.0,3.1
5/27/2017,-1.876,209.84,24.0,0.0,3.1
5/28/2017,-2.220,209.82,22.3,5.8,3.1
5/29/2017,-2.435,209.8,26.3,0.0,0.6
5/30/2017,-2.614,209.74,21.4,5.2,1.1
5/31/2017,-2.459,209.68,18.5,0.0,1.1
6/1/2017,-2.364,209.61,18.8,0.0,1.1
6/2/2017,-2.467,209.55,22.6,1.7,1.3
6/3/2017,-2.692,209.48,21.1,8.6,2.1
6/4/2017,-2.554,209.45,16.6,0.0,2.1
6/5/2017,-2.493,209.43,17.9,0.0,2.1
6/6/2017,-2.592,209.41,16.2,0.0,2.1
6/7/2017,-2.493,209.38,14.0,0.6,1.6
6/8/2017,-2.480,209.36,18.4,0.6,1.7
6/9/2017,-2.676,209.32,17.8,3.3,1.5
6/10/2017,-2.714,209.27,18.6,0.0,1.5
6/11/2017,-2.896,209.26,22.3,0.7,1.6
6/12/2017,-2.867,209.25,17.6,0.0,1.4
6/13/2017,-2.773,209.19,16.5,0.0,0.5
6/14/2017,-2.727,209.1,18.6,0.0,0.5
6/15/2017,-2.937,209.06,21.4,11.4,1.7
6/16/2017,-2.904,209.02,16.8,0.0,1.7
6/17/2017,-2.780,208.97,16.5,0.3,1.6
6/18/2017,-2.984,208.89,21.7,0.0,1.6
6/19/2017,-3.294,208.85,24.3,0.0,1.2
6/20/2017,-3.540,208.76,23.7,0.0,1.2
6/21/2017,-3.605,208.73,22.4,0.0,1.2
6/22/2017,-3.827,208.66,26.4,0.2,1.2
6/23/2017,-3.914,208.58,21.7,0.0,1.2
6/24/2017,-3.807,208.5,18.5,1.2,1.3
6/25/2017,-3.660,208.46,18.4,0.8,0.3
6/26/2017,-3.693,208.42,19.2,1.1,0.4
6/27/2017,-3.746,208.36,18.0,1.0,0.4
6/28/2017,-3.675,208.28,19.7,2.7,0.7
6/29/2017,-3.605,208.21,18.3,0.2,0.7
6/30/2017,-3.576,208.14,18.2,1.5,0.9
7/1/2017,-3.479,208.07,16.0,4.6,1.3
7/2/2017,-3.386,208.02,16.6,0.9,1.4
7/3/2017,-3.341,207.98,18.6,0.0,1.4
7/4/2017,-3.439,207.92,18.8,0.0,1.3
7/5/2017,-3.619,207.87,21.3,0.0,1.2
7/6/2017,-3.674,207.82,21.6,2.2,1.3
7/7/2017,-3.730,207.75,23.3,0.0,1.2
7/8/2017,-3.892,207.66,22.5,0.0,0.9
7/9/2017,-3.904,207.6,21.8,7.3,1.7
7/10/2017,-4.103,207.59,21.1,10.5,2.6
7/11/2017,-4.000,207.55,19.5,2.9,2.4
7/12/2017,-3.869,207.52,15.7,20.7,4.4
7/13/2017,-3.640,207.51,15.2,0.0,4.4
7/14/2017,-3.609,207.51,15.8,2.5,4.6
7/15/2017,-3.604,207.51,16.4,0.0,4.6
7/16/2017,-3.725,207.5,18.9,0.9,4.5
7/17/2017,-3.901,207.46,19.5,0.0,4.5
7/18/2017,-3.977,207.42,21.2,0.0,4.5
7/19/2017,-4.130,207.37,23.9,15.5,5.3
7/20/2017,-4.137,207.31,21.6,3.6,4.6
7/21/2017,-4.167,207.28,20.6,15.5,5.9
7/22/2017,-4.266,207.23,21.7,19.2,5.7
7/23/2017,-4.205,207.23,17.8,1.3,5.9
7/24/2017,-4.025,207.23,15.0,14.7,7.1
7/25/2017,-3.786,207.22,14.5,41.6,11.2
7/26/2017,-3.705,207.52,18.4,0.7,11.2
7/27/2017,-3.860,207.78,19.1,0.1,11.2
7/28/2017,-3.859,207.89,17.6,0.4,11.3
7/29/2017,-3.890,207.95,20.9,5.7,10.3
7/30/2017,-4.069,208.01,22.8,0.0,9.9
7/31/2017,-4.137,208.06,20.8,2.3,8.6
8/1/2017,-4.180,208.07,20.2,1.8,6.9
8/2/2017,-4.134,208.1,20.0,5.6,7.3
8/3/2017,-4.175,208.13,21.4,0.7,5.9
8/4/2017,-4.254,208.15,19.8,1.9,1.9
8/5/2017,-4.119,208.14,16.0,16.5,3.5
8/6/2017,-3.964,208.23,17.0,0.0,3.5
8/7/2017,-3.950,208.27,18.9,0.0,3.5
8/8/2017,-3.972,208.29,18.1,0.1,2.9
8/9/2017,-4.002,208.3,18.7,0.0,2.9
8/10/2017,-4.019,208.3,16.7,17.0,4.4
8/11/2017,-3.755,208.34,14.0,38.3,8.0
8/12/2017,-3.559,208.59,15.2,1.7,7.6
8/13/2017,-3.550,208.96,18.4,0.0,7.6
8/14/2017,-3.516,209.15,19.7,0.0,7.4
8/15/2017,-3.678,209.26,22.0,0.7,5.8
8/16/2017,-3.669,209.32,20.7,0.0,5.8
8/17/2017,-3.731,209.36,20.1,1.5,5.9
8/18/2017,-3.684,209.4,17.8,9.4,6.9
8/19/2017,-3.495,209.53,15.3,2.9,7.2
8/20/2017,-3.349,209.62,15.0,1.1,5.6
8/21/2017,-3.262,209.7,15.7,0.0,1.7
8/22/2017,-3.248,209.73,17.2,0.0,1.6
8/23/2017,-3.270,209.77,20.0,0.0,1.6
8/24/2017,-3.428,209.78,19.9,0.0,1.6
8/25/2017,-3.392,209.81,19.0,0.0,1.5
8/26/2017,-3.472,209.83,20.9,0.0,1.5
8/27/2017,-3.479,209.85,19.2,0.0,1.3
8/28/2017,-3.435,209.89,20.0,0.0,0.4
8/29/2017,-3.529,209.88,23.4,0.0,0.1
8/30/2017,-3.726,209.89,23.6,21.5,2.2
8/31/2017,-3.598,209.94,15.4,5.1,2.7
9/1/2017,-3.300,209.97,14.1,7.5,3.4
9/2/2017,-3.200,209.97,14.5,1.1,3.5
9/3/2017,-3.074,210,14.4,0.0,3.5
9/4/2017,-2.985,210.02,16.6,0.0,3.5
9/5/2017,-3.085,210.02,19.2,0.2,3.5
9/6/2017,-3.121,210.01,16.1,4.5,4.0
9/7/2017,-2.983,210.02,14.7,0.4,4.0
9/8/2017,-2.948,210.01,15.1,15.9,5.6
9/9/2017,-2.918,210,14.9,3.3,3.8
9/10/2017,-2.814,210.05,14.6,0.0,3.3
9/11/2017,-2.769,210.07,14.8,1.2,2.7
9/12/2017,-2.729,210.09,14.1,7.5,3.3
9/13/2017,-2.673,210.1,14.5,0.8,3.4
9/14/2017,-2.577,210.1,11.6,7.0,4.1
9/15/2017,-2.465,210.15,12.2,2.3,4.3
9/16/2017,-2.373,210.19,11.6,0.0,3.8
9/17/2017,-2.326,210.2,11.0,3.0,4.1
9/18/2017,-2.277,210.24,11.3,4.3,2.9
9/19/2017,-2.250,210.26,12.0,0.0,2.6
9/20/2017,-2.268,210.27,12.5,0.2,2.6
9/21/2017,-2.246,210.29,13.9,0.0,2.5
9/22/2017,-2.210,210.3,14.6,3.0,2.1
9/23/2017,-2.262,210.29,14.2,0.0,2.0
9/24/2017,-2.283,210.3,14.9,0.0,1.3
9/25/2017,-2.280,210.33,14.0,0.0,1.1
9/26/2017,-2.245,210.33,13.8,21.8,3.2
9/27/2017,-2.260,210.34,15.1,3.8,3.3
9/28/2017,-2.288,210.38,16.5,0.2,2.9
9/29/2017,-2.427,210.38,18.6,3.5,3.3
9/30/2017,-2.423,210.38,14.7,21.2,5.4
10/1/2017,-2.199,210.49,13.6,0.3,5.4
10/2/2017,-2.172,210.55,15.2,4.0,5.5
10/3/2017,-2.073,210.57,12.5,0.6,5.5
10/4/2017,-2.036,210.61,11.9,6.1,6.2
10/5/2017,-1.960,210.63,11.6,2.0,6.4
10/6/2017,-1.838,210.69,10.4,2.4,4.4
10/7/2017,-1.741,210.73,10.1,12.1,5.2
10/8/2017,-1.699,210.81,10.9,1.3,5.4
10/9/2017,-1.583,210.96,10.2,3.9,5.4
10/10/2017,-1.596,211.07,13.0,1.7,3.4
10/11/2017,-1.617,211.18,14.0,0.2,3.4
10/12/2017,-1.615,211.25,13.6,0.0,3.0
10/13/2017,-1.601,211.31,14.5,0.0,3.0
10/14/2017,-1.667,211.35,16.9,0.0,2.4
10/15/2017,-1.642,211.4,17.2,0.0,2.2
10/16/2017,-1.693,211.46,18.5,0.0,1.9
10/17/2017,-1.727,211.49,15.9,0.0,0.7
10/18/2017,-1.631,211.52,15.2,0.0,0.6
10/19/2017,-1.557,211.55,15.8,0.0,0.2
10/20/2017,-1.585,211.56,14.8,2.7,0.3
10/21/2017,-1.528,211.58,12.8,3.2,0.6
10/22/2017,-1.404,211.62,10.0,1.7,0.8
10/23/2017,-1.300,211.63,10.6,0.0,0.8
10/24/2017,-1.328,211.64,13.7,0.2,0.8
10/25/2017,-1.431,211.66,14.8,1.4,0.9
10/26/2017,-1.427,211.69,14.1,1.3,1.1
10/27/2017,-1.348,211.68,10.7,0.3,1.1
10/28/2017,-1.212,211.68,9.7,10.3,2.1
10/29/2017,-1.132,211.7,9.1,0.6,2.2
10/30/2017,-0.916,211.73,6.4,0.2,1.9
10/31/2017,-0.807,211.75,7.5,4.6,2.1
11/1/2017,-0.803,211.78,10.5,0.0,1.9
11/2/2017,-0.794,211.82,10.5,0.3,1.9
11/3/2017,-0.776,211.81,10.1,0.0,1.9
11/4/2017,-0.709,211.82,10.9,10.1,2.8
11/5/2017,-0.705,211.87,8.5,9.7,3.6
11/6/2017,-0.493,211.97,5.4,0.1,3.6
11/7/2017,-0.356,211.98,4.7,0.1,2.6
11/8/2017,-0.306,212.01,7.2,0.0,2.5
11/9/2017,-0.291,212.05,7.5,1.7,2.7
11/10/2017,-0.248,212.03,7.0,4.7,2.7
11/11/2017,-0.130,212,5.4,3.4,3.0
11/12/2017,-0.018,212.01,4.2,9.3,3.9
11/13/2017,0.078,212.05,5.5,0.0,3.9
11/14/2017,0.146,212.06,5.6,0.4,2.9
11/15/2017,0.100,212.07,8.1,0.0,2.0
11/16/2017,0.081,212.08,7.7,1.2,2.1
11/17/2017,0.102,212.07,6.7,0.0,2.1
11/18/2017,0.252,212.03,4.2,5.8,2.7
11/19/2017,0.332,212.05,4.5,8.5,3.3
11/20/2017,0.382,212.09,4.8,15.8,4.4
11/21/2017,0.327,212.12,10.0,3.7,4.5
11/22/2017,0.316,212.23,10.1,0.0,3.5
11/23/2017,0.317,212.32,11.8,11.1,4.7
11/24/2017,0.314,212.34,7.6,7.6,5.4
11/25/2017,0.453,212.39,4.4,2.0,5.6
11/26/2017,0.729,212.43,3.4,2.1,5.7
11/27/2017,0.727,212.46,4.3,10.9,6.8
11/28/2017,0.817,212.47,4.7,0.3,6.2
11/29/2017,0.895,212.5,2.6,0.0,5.4
11/30/2017,1.023,212.51,0.9,3.8,4.2
12/1/2017,1.089,212.49,1.4,0.0,3.8
12/2/2017,1.161,212.48,0.7,0.7,3.9
12/3/2017,1.242,212.43,1.0,5.2,3.3
12/4/2017,1.175,212.39,5.3,1.0,2.6
12/5/2017,1.121,212.4,5.8,0.0,2.4
12/6/2017,1.123,212.39,6.4,0.0,2.2
12/7/2017,1.128,212.37,4.7,6.1,1.7
12/8/2017,1.184,212.35,2.4,4.4,2.1
12/9/2017,1.357,212.34,0.4,1.0,2.2
12/10/2017,1.449,212.32,1.3,3.4,2.2
12/11/2017,1.470,212.3,2.9,7.0,2.9
12/12/2017,1.497,212.29,2.0,1.9,3.0
12/13/2017,1.575,212.31,2.6,10.2,3.5
12/14/2017,1.576,212.33,3.2,2.4,3.6
12/15/2017,1.644,212.39,2.6,0.0,3.6
12/16/2017,1.677,212.42,2.9,0.8,3.7
12/17/2017,1.713,212.44,2.3,3.2,3.4
12/18/2017,1.754,212.47,2.0,1.0,3.1
12/19/2017,1.754,212.45,3.6,7.6,3.8
12/20/2017,1.677,212.42,5.7,2.7,3.7
12/21/2017,1.569,212.43,7.6,3.7,3.4
12/22/2017,1.523,212.45,7.3,0.2,3.2
12/23/2017,1.484,212.47,7.7,0.1,2.2
12/24/2017,1.408,212.48,8.2,0.0,1.9
12/25/2017,1.431,212.54,6.5,0.0,1.9
12/26/2017,1.556,212.59,5.1,1.5,2.0
12/27/2017,1.643,212.63,5.0,1.1,1.8
12/28/2017,1.709,212.62,2.7,0.0,1.7
12/29/2017,1.812,212.6,2.1,0.8,1.0
12/30/2017,1.796,212.59,7.1,9.3,1.7
12/31/2017,1.535,212.61,10.9,6.4,1.9
1/1/2018,1.572,212.67,6.1,10.2,2.9
1/2/2018,1.703,212.66,4.7,15.5,4.5
1/3/2018,1.690,212.65,6.1,8.8,5.4
1/4/2018,1.725,212.83,7.4,1.1,5.5
1/5/2018,1.730,212.95,7.3,0.0,5.3
1/6/2018,1.846,212.97,4.9,2.0,5.4
1/7/2018,1.915,212.92,1.9,0.0,5.4
1/8/2018,2.000,212.85,2.6,0.0,5.3
1/9/2018,2.034,212.75,4.3,0.0,4.4
1/10/2018,1.960,212.7,6.9,0.1,3.8
1/11/2018,1.928,212.71,6.1,0.0,2.8
1/12/2018,1.921,212.66,4.6,0.2,1.2
1/13/2018,1.945,212.63,4.2,0.0,0.3
1/14/2018,2.012,212.6,2.4,0.0,0.2
1/15/2018,2.090,212.55,3.8,4.6,0.7
1/16/2018,2.055,212.52,3.6,4.1,0.9
1/17/2018,2.165,212.51,1.6,4.7,1.4
1/18/2018,2.195,212.51,3.8,10.3,2.4
1/19/2018,2.271,212.52,1.7,6.5,3.1
1/20/2018,2.341,212.54,1.9,3.1,3.4
1/21/2018,2.381,212.55,1.5,1.2,3.5
1/22/2018,2.375,212.57,4.1,0.9,3.5
1/23/2018,2.262,212.56,6.5,0.4,3.6
1/24/2018,2.062,212.58,10.7,2.8,3.9
1/25/2018,1.973,212.65,7.7,3.5,3.8
1/26/2018,2.044,212.7,6.0,0.0,3.3
1/27/2018,2.127,212.73,5.2,0.2,2.9
1/28/2018,2.087,212.73,7.6,0.1,1.9
1/29/2018,1.933,212.71,8.7,3.0,1.5
1/30/2018,2.032,212.71,4.5,0.6,1.3
1/31/2018,2.052,212.68,6.3,11.7,2.3
2/1/2018,2.185,212.67,2.4,3.3,2.6
2/2/2018,2.285,212.67,2.6,1.0,2.6
2/3/2018,2.334,212.65,2.0,2.0,2.5
2/4/2018,2.473,212.67,-1.2,0.0,2.2
2/5/2018,2.614,212.68,-1.5,0.0,2.2
2/6/2018,2.686,212.66,-2.3,0.2,2.2
2/7/2018,2.821,212.69,-1.2,0.0,2.2
2/8/2018,2.807,212.72,-3.1,0.0,1.9
2/9/2018,2.833,212.74,-1.9,0.0,1.8
2/10/2018,2.970,212.73,1.5,0.4,0.7
2/11/2018,3.077,212.73,2.2,2.9,0.7
2/12/2018,3.130,212.77,1.5,5.3,1.1
2/13/2018,3.190,212.76,0.7,0.0,0.9
2/14/2018,3.201,212.76,1.2,0.0,0.9
2/15/2018,3.246,212.75,2.7,0.9,1.0
2/16/2018,3.273,212.75,2.5,0.0,1.0
2/17/2018,3.313,212.75,0.3,0.0,1.0
2/18/2018,3.338,212.75,1.4,0.1,1.0
2/19/2018,3.378,212.75,1.6,0.0,1.0
2/20/2018,3.428,212.74,0.6,0.0,0.9
2/21/2018,3.474,212.73,0.4,0.0,0.6
2/22/2018,3.437,212.73,-0.8,0.0,0.1
2/23/2018,3.464,212.76,-1.2,0.0,0.1
2/24/2018,3.399,212.77,-2.1,0.0,0.1
2/25/2018,3.399,212.79,-4.2,0.4,0.1
2/26/2018,3.391,212.81,-5.0,0.0,0.1
2/27/2018,3.369,212.8,-5.9,0.3,0.1
2/28/2018,3.350,212.8,-8.0,0.1,0.1
3/1/2018,3.199,212.8,-5.5,0.0,0.1
3/2/2018,3.162,212.78,-4.2,0.4,0.1
3/3/2018,3.078,212.76,-1.5,0.0,0.1
3/4/2018,3.230,212.78,5.6,0.1,0.1
3/5/2018,3.723,212.8,6.8,0.0,0.1
3/6/2018,3.912,212.79,5.8,0.0,0.1
3/7/2018,3.812,212.79,5.7,3.1,0.4
3/8/2018,3.690,212.79,4.8,3.5,0.8
3/9/2018,3.667,212.8,5.7,3.4,1.1
3/10/2018,3.390,212.82,10.7,0.0,1.1
3/11/2018,3.173,212.87,11.2,0.0,1.1
3/12/2018,3.105,212.91,10.3,2.3,1.2
3/13/2018,3.058,212.93,6.3,12.2,2.5
3/14/2018,3.174,212.98,4.8,0.2,2.5
3/15/2018,3.294,213.04,6.5,11.7,3.6
3/16/2018,3.304,213.1,2.8,2.6,3.9
3/17/2018,3.577,213.19,-3.2,0.0,3.6
3/18/2018,3.766,213.24,-2.4,0.0,3.2
3/19/2018,3.869,213.3,-1.9,1.2,3.0
3/20/2018,3.965,213.31,0.3,0.0,3.0
3/21/2018,4.036,213.35,0.8,1.2,3.1
3/22/2018,4.022,213.36,3.8,6.6,3.6
3/23/2018,3.852,213.42,5.8,0.4,2.4
3/24/2018,3.837,213.47,4.6,0.0,2.4
3/25/2018,3.851,213.45,5.4,0.0,1.2
3/26/2018,3.716,213.46,5.8,0.0,0.9
3/27/2018,3.705,213.45,5.6,1.6,1.1
3/28/2018,3.574,213.44,6.5,7.7,1.9
3/29/2018,3.556,213.44,4.0,0.3,1.8
3/30/2018,3.545,213.42,8.2,2.1,2.0
3/31/2018,3.450,213.44,7.9,1.7,2.0
4/1/2018,3.436,213.42,4.6,2.5,1.6
4/2/2018,3.374,213.42,8.1,0.0,1.6
4/3/2018,3.123,213.42,12.1,0.1,1.6
4/4/2018,2.994,213.41,10.5,2.4,1.8
4/5/2018,2.989,213.4,6.6,0.2,1.9
4/6/2018,3.198,213.39,8.0,0.0,1.7
4/7/2018,3.041,213.41,16.0,0.0,0.9
4/8/2018,2.664,213.41,18.5,0.0,0.9
4/9/2018,2.488,213.44,14.7,0.0,0.7
4/10/2018,2.293,213.46,16.6,0.0,0.5
4/11/2018,2.158,213.47,13.3,0.2,0.3
4/12/2018,2.191,213.48,13.6,0.1,0.3
4/13/2018,2.186,213.49,11.7,0.0,0.3
4/14/2018,2.081,213.5,13.5,5.6,0.6
4/15/2018,1.945,213.51,13.7,1.0,0.7
4/16/2018,1.802,213.54,13.1,0.0,0.7
4/17/2018,1.910,213.54,14.1,0.0,0.7
4/18/2018,1.760,213.53,17.0,0.0,0.7
4/19/2018,1.510,213.52,19.9,0.0,0.7
4/20/2018,1.223,213.51,20.3,0.0,0.7
4/21/2018,1.044,213.5,17.2,0.0,0.7
4/22/2018,0.980,213.5,17.8,4.7,1.1
4/23/2018,0.914,213.49,15.4,0.0,1.1
4/24/2018,1.074,213.47,12.2,0.0,0.6
4/25/2018,1.024,213.45,12.5,5.9,1.1
4/26/2018,1.251,213.45,8.7,6.8,1.7
4/27/2018,1.328,213.45,11.8,0.0,1.7
4/28/2018,1.169,213.43,14.3,0.0,1.7
4/29/2018,1.064,213.41,14.8,1.0,1.8
4/30/2018,1.025,213.41,13.4,0.6,1.9
5/1/2018,1.234,213.39,8.7,0.2,1.9
5/2/2018,1.342,213.4,11.6,0.0,1.4
5/3/2018,1.213,213.36,12.2,0.0,1.4
5/4/2018,1.490,213.34,12.7,0.0,1.4
5/5/2018,1.301,213.3,14.9,0.0,0.9
5/6/2018,0.837,213.27,16.8,0.0,0.2
5/7/2018,0.604,213.25,18.7,0.0,0.2
5/8/2018,0.362,213.21,20.9,0.0,0.2
5/9/2018,0.146,213.16,20.5,0.0,0.1
5/10/2018,0.144,213.13,14.1,5.6,0.6
5/11/2018,0.332,213.11,14.6,0.0,0.6
5/12/2018,0.168,213.06,18.8,0.1,0.6
5/13/2018,0.059,213.03,16.0,29.1,3.5
5/14/2018,0.011,213.07,19.9,0.0,3.5
5/15/2018,-0.166,213.05,17.7,1.8,3.7
5/16/2018,-0.081,213.02,14.5,5.7,4.2
5/17/2018,0.024,213.05,12.4,0.2,4.3
5/18/2018,0.016,213,11.8,0.0,4.3
5/19/2018,-0.001,212.96,12.8,0.0,4.3
5/20/2018,-0.139,212.92,17.0,0.0,3.7
5/21/2018,-0.265,212.9,19.0,0.0,3.7
5/23/2018,-0.466,212.83,18.8,0.9,1.2
5/25/2018,-0.986,212.74,20.0,0.9,1.3
5/26/2018,-1.075,212.72,22.4,0.0,0.7
5/27/2018,-1.186,212.7,20.7,0.1,0.7
5/28/2018,-1.237,212.69,22.9,0.0,0.7
5/29/2018,-1.320,212.67,22.1,0.6,0.8
5/30/2018,-1.442,212.63,23.8,0.0,0.8
5/31/2018,-1.668,212.59,22.1,0.7,0.9
6/1/2018,-1.620,212.59,19.3,26.2,3.1
6/2/2018,-1.558,212.63,18.9,0.0,3.0
6/3/2018,-1.585,212.62,20.1,0.0,2.9
6/4/2018,-1.917,212.62,20.7,0.0,2.8
6/5/2018,-1.987,212.59,17.6,0.0,2.8
6/6/2018,-2.034,212.57,22.0,0.0,2.8
6/7/2018,-2.183,212.54,22.9,0.0,2.8
6/8/2018,-2.217,212.5,21.3,0.2,2.7
6/9/2018,-2.347,212.45,23.5,31.6,5.9
6/10/2018,-2.462,212.42,21.0,0.0,5.8
6/11/2018,-2.457,212.42,19.1,0.1,3.2
6/12/2018,-2.270,212.38,15.7,0.5,3.2
6/13/2018,-2.056,212.37,13.9,0.1,3.3
6/14/2018,-1.890,212.33,16.1,3.5,3.6
6/15/2018,-2.003,212.27,19.7,0.0,3.6
6/16/2018,-2.254,212.19,21.1,0.0,3.6
6/17/2018,-2.311,212.15,17.4,0.0,3.6
6/18/2018,-2.335,212.13,18.4,0.0,3.6
6/19/2018,-2.354,212.06,18.8,0.0,0.4
6/20/2018,-2.585,212,22.8,0.0,0.4
6/21/2018,-2.677,211.94,15.9,2.3,0.6
6/22/2018,-2.307,211.89,12.2,1.4,0.7
6/23/2018,-2.217,211.82,14.0,0.0,0.7
6/24/2018,-2.201,211.73,13.5,0.5,0.4
6/25/2018,-2.193,211.66,16.4,0.6,0.5
6/26/2018,-2.332,211.66,14.7,0.0,0.5
6/27/2018,-2.414,211.57,19.1,0.0,0.5
6/28/2018,-2.615,211.5,21.2,0.0,0.5
6/29/2018,-2.855,211.44,22.5,0.0,0.5
6/30/2018,-3.039,211.39,21.7,0.0,0.5
7/1/2018,-3.076,211.31,20.1,0.0,0.3
7/2/2018,-3.135,211.26,20.2,0.0,0.1
7/3/2018,-3.222,211.17,21.6,0.0,0.1
7/4/2018,-3.427,211.08,23.1,0.0,0.1
7/5/2018,-3.448,210.99,20.9,1.2,0.1
7/6/2018,-3.361,210.89,18.9,0.0,0.1
7/7/2018,-3.437,210.8,20.1,0.0,0.1
7/8/2018,-3.425,210.72,19.0,0.0,0.1
7/9/2018,-3.410,210.67,18.0,0.0,0.1
7/10/2018,-3.187,210.57,13.8,13.9,1.5
7/11/2018,-2.983,210.51,15.3,9.8,2.5
7/12/2018,-3.001,210.44,18.9,1.4,2.6
7/13/2018,-3.117,210.38,19.9,0.0,2.6
7/14/2018,-3.329,210.3,20.6,0.0,2.6
7/15/2018,-3.491,210.25,21.2,0.0,2.5
7/16/2018,-3.573,210.2,22.7,0.0,2.5
7/17/2018,-3.675,210.11,23.4,1.9,2.7
7/18/2018,-3.690,210.02,20.5,0.0,2.7
7/19/2018,-3.725,209.93,21.5,0.0,2.7
7/20/2018,-3.792,209.84,23.8,0.0,1.3
7/21/2018,-3.929,209.76,22.5,0.0,0.3
7/22/2018,-3.921,209.67,22.7,0.0,0.2
7/23/2018,-3.969,209.61,23.4,0.0,0.2
7/24/2018,-4.070,209.54,26.1,0.0,0.2
7/25/2018,-4.187,209.45,26.3,0.0,0.2
7/26/2018,-4.398,209.38,28.8,0.0,0.2
7/27/2018,-4.647,209.29,28.8,0.0,0.0
7/28/2018,-4.636,209.21,24.3,0.1,0.0
7/29/2018,-4.547,209.14,23.9,0.0,0.0
7/30/2018,-4.633,209.1,26.5,0.0,0.0
7/31/2018,-4.761,209.03,26.6,0.0,0.0
8/1/2018,-4.791,208.97,25.1,0.0,0.0
8/2/2018,-4.756,208.91,26.7,0.0,0.0
8/3/2018,-4.840,208.85,28.2,0.0,0.0
8/4/2018,-4.977,208.77,26.5,0.0,0.0
8/5/2018,-4.946,208.71,23.3,0.0,0.0
8/6/2018,-4.870,208.68,25.4,0.0,0.0
8/7/2018,-4.974,208.6,29.3,0.0,0.0
8/8/2018,-5.113,208.52,24.9,0.2,0.0
8/9/2018,-4.953,208.46,21.1,8.3,0.9
8/10/2018,-4.791,208.4,19.1,0.3,0.9
8/11/2018,-4.696,208.34,17.9,0.0,0.9
8/12/2018,-4.598,208.28,20.6,0.0,0.9
8/13/2018,-4.594,208.23,18.9,1.5,1.0
8/14/2018,-4.534,208.17,19.4,1.6,1.2
8/15/2018,-4.603,208.1,20.7,0.0,1.2
8/16/2018,-4.591,208.05,23.1,0.0,1.2
8/17/2018,-4.613,207.97,18.7,5.5,1.7
8/18/2018,-4.459,207.92,19.6,0.0,1.7
8/19/2018,-4.487,207.84,21.4,0.0,0.9
8/20/2018,-4.604,207.8,20.6,0.0,0.9
8/21/2018,-4.671,207.71,21.9,0.0,0.9
8/22/2018,-4.777,207.64,24.7,0.0,0.9
8/23/2018,-4.814,207.56,22.8,1.5,0.9
8/24/2018,-4.763,207.48,17.5,0.9,0.8
8/25/2018,-4.513,207.4,13.2,4.8,1.3
8/26/2018,-4.304,207.34,15.2,1.0,1.4
8/27/2018,-4.332,207.28,17.1,0.0,0.8
8/28/2018,-4.434,207.19,18.9,0.0,0.8
8/29/2018,-4.440,207.09,20.2,9.9,1.8
8/30/2018,-4.428,207.03,16.3,0.3,1.8
8/31/2018,-4.354,206.97,14.6,0.0,1.8
9/1/2018,-4.265,206.92,14.8,0.0,1.8
9/2/2018,-4.200,206.82,17.1,0.0,1.7
9/3/2018,-4.278,206.76,18.3,0.6,1.7
9/4/2018,-4.345,206.68,19.8,0.0,1.2
9/5/2018,-4.364,206.56,21.0,0.0,1.1
9/6/2018,-4.400,206.48,17.8,12.7,2.4
9/7/2018,-4.371,206.44,15.2,0.0,2.4
9/8/2018,-4.259,206.38,15.3,0.0,1.4
9/9/2018,-4.303,206.28,18.2,0.0,1.3
9/10/2018,-4.345,206.18,18.0,0.0,1.3
9/11/2018,-4.417,206.12,20.6,0.0,1.3
9/12/2018,-4.464,206.05,18.9,2.7,1.6
9/13/2018,-4.383,205.98,14.0,0.7,1.6
9/14/2018,-4.287,205.89,15.1,0.0,1.6
9/15/2018,-4.248,205.78,14.7,0.0,1.6
9/16/2018,-4.185,205.7,16.7,0.0,0.3
9/17/2018,-4.192,205.65,18.9,0.0,0.3
9/18/2018,-4.285,205.58,23.6,0.0,0.3
9/19/2018,-4.420,205.48,21.5,0.0,0.3
9/20/2018,-4.470,205.4,21.0,0.0,0.3
9/21/2018,-4.518,205.32,17.4,4.1,0.8
9/22/2018,-4.351,205.24,12.2,2.1,0.7
9/23/2018,-4.217,205.15,10.1,19.6,2.6
9/24/2018,-4.024,205.11,9.4,2.9,2.9
9/25/2018,-3.911,205.03,9.7,0.0,2.9
9/26/2018,-3.866,204.98,12.0,0.0,2.9
9/27/2018,-3.857,204.92,15.8,0.0,2.9
9/28/2018,-3.843,204.82,10.2,0.8,3.0
9/29/2018,-3.730,204.75,9.8,0.0,3.0
9/30/2018,-3.590,204.68,10.9,0.0,3.0
10/1/2018,-3.563,204.59,8.8,2.2,2.8
10/2/2018,-3.517,204.51,8.8,3.3,2.9
10/3/2018,-3.591,204.45,11.7,0.0,0.9
10/4/2018,-3.628,204.36,12.0,0.0,0.6
10/5/2018,-3.616,204.29,15.8,0.0,0.6
10/6/2018,-3.634,204.23,17.2,0.3,0.7
10/7/2018,-3.653,204.16,11.9,0.0,0.7
10/8/2018,-3.513,204.09,10.4,0.0,0.6
10/9/2018,-3.485,204.01,13.3,0.0,0.6
10/10/2018,-3.484,203.93,16.2,0.0,0.6
10/11/2018,-3.527,203.84,19.0,0.0,0.4
10/12/2018,-3.637,203.76,20.3,0.0,0.0
10/13/2018,-3.756,203.67,21.0,0.0,0.0
10/14/2018,-3.795,203.6,20.1,0.0,0.0
10/15/2018,-3.810,203.5,19.2,0.0,0.0
10/16/2018,-3.801,203.42,16.5,0.0,0.0
10/17/2018,-3.772,203.35,16.2,0.0,0.0
10/18/2018,-3.292,203.27,13.4,0.1,0.0
10/19/2018,-3.788,203.18,12.5,0.0,0.0
10/20/2018,-3.670,203.08,9.3,0.0,0.0
10/21/2018,-3.510,203.01,9.9,0.0,0.0
10/22/2018,-3.457,202.94,9.0,3.1,0.3
10/23/2018,-2.796,202.84,8.6,7.0,1.0
10/24/2018,-3.562,202.78,12.3,3.6,1.4
10/25/2018,-3.603,202.7,11.5,1.5,1.5
10/26/2018,-3.586,202.64,9.1,4.6,2.0
10/27/2018,-3.488,202.6,6.7,0.0,2.0
10/28/2018,-3.387,202.51,4.1,0.7,2.1
10/29/2018,-3.324,202.47,4.5,1.9,2.2
10/30/2018,-3.279,202.36,6.1,3.1,2.6
10/31/2018,-3.263,202.28,9.3,0.2,2.6
11/1/2018,-3.280,202.2,9.0,1.3,2.4
11/2/2018,-3.313,202.11,9.3,0.0,1.7
11/3/2018,-3.185,202.03,4.9,0.0,1.3
11/4/2018,-3.138,201.97,8.1,0.0,1.2
11/5/2018,-3.117,201.89,8.8,0.0,0.7
11/6/2018,-3.127,201.87,11.7,0.0,0.7
11/7/2018,-3.123,201.81,13.2,0.1,0.7
11/8/2018,-3.151,201.76,10.3,0.1,0.5
11/9/2018,-3.107,201.7,10.7,0.0,0.2
11/10/2018,-3.202,201.62,12.7,0.3,0.2
11/11/2018,-3.289,201.58,12.2,2.6,0.3
11/12/2018,-3.186,201.56,13.0,1.1,0.4
11/13/2018,-3.291,201.51,10.9,0.1,0.4
11/14/2018,-3.134,201.44,8.8,0.0,0.4
11/15/2018,-2.919,201.37,6.3,0.0,0.4
11/16/2018,-2.770,201.25,6.3,0.0,0.4
11/17/2018,-2.643,201.2,3.2,0.0,0.4
11/18/2018,-2.526,201.15,1.7,0.5,0.5
11/19/2018,-2.492,201.11,3.2,1.2,0.6
11/20/2018,-2.473,201.04,1.8,0.4,0.6
11/21/2018,-2.417,200.99,1.8,0.0,0.3
11/22/2018,-2.437,200.94,3.1,0.0,0.2
11/23/2018,-2.372,200.87,3.3,0.0,0.2
11/24/2018,-2.326,200.79,3.1,2.1,0.4
11/25/2018,-2.370,200.71,4.4,0.2,0.4
11/26/2018,-2.420,200.67,4.2,0.0,0.4
11/27/2018,-2.402,200.59,2.5,0.0,0.4
11/28/2018,-2.361,200.55,4.2,1.3,0.5
11/29/2018,-2.482,200.47,8.7,0.2,0.4
11/30/2018,-2.570,200.42,9.2,0.0,0.4
12/1/2018,-2.547,200.37,8.2,4.9,0.9
12/2/2018,-2.638,200.32,10.4,13.6,2.2
12/3/2018,-2.760,200.32,11.5,8.1,3.0
12/4/2018,-2.661,200.31,5.5,0.0,2.8
12/5/2018,-2.535,200.32,4.4,0.4,2.9
12/6/2018,-2.598,200.34,9.7,1.0,3.0
12/7/2018,-2.712,200.33,10.2,5.6,3.5
12/8/2018,-2.653,200.34,6.8,13.2,4.7
12/9/2018,-2.636,200.42,6.4,11.2,5.8
12/10/2018,-2.538,200.64,4.2,0.8,5.9
12/11/2018,-2.465,200.76,3.8,1.7,5.6
12/12/2018,-2.398,200.79,3.1,0.0,4.2
12/13/2018,-2.263,200.81,0.7,0.1,3.4
12/14/2018,-2.163,200.82,0.7,0.0,3.4
12/15/2018,-2.109,200.83,-0.4,0.4,3.4
12/16/2018,-2.050,200.87,0.2,0.9,3.4
12/17/2018,-2.038,200.9,4.1,3.9,3.2
12/18/2018,-2.015,200.91,5.2,0.2,1.9
12/19/2018,-2.008,200.91,6.6,0.2,0.8
12/20/2018,-2.014,200.92,6.8,5.4,1.3
12/21/2018,-2.092,200.93,8.9,14.7,2.6
12/22/2018,-2.147,200.97,8.1,8.4,3.4
12/23/2018,-2.145,201.1,7.2,17.5,5.2
12/24/2018,-2.053,201.29,3.7,0.0,5.2
12/25/2018,-1.966,201.52,4.3,0.0,5.1
12/26/2018,-1.897,201.67,2.5,0.0,5.0
12/27/2018,-1.821,201.77,3.2,0.0,4.6
12/28/2018,-1.682,201.84,1.9,1.4,4.8
12/29/2018,-1.705,201.91,5.7,2.4,5.0
12/30/2018,-1.765,201.97,6.8,2.6,4.7
12/31/2018,-1.843,202.04,8.4,1.8,3.4
1/1/2019,-1.829,202.11,6.0,2.6,2.8
1/2/2019,-1.666,202.2,2.7,0.2,1.1
1/3/2019,-1.558,202.28,2.1,1.9,1.3
1/4/2019,-1.535,202.36,2.8,6.9,2.0
1/5/2019,-1.566,202.44,5.6,8.4,2.8
1/6/2019,-1.564,202.72,5.5,4.4,3.3
1/7/2019,-1.456,203.38,5.0,4.0,3.5
1/8/2019,-1.379,203.94,5.0,13.5,4.6
1/9/2019,-1.186,204.44,2.1,0.0,4.4
1/10/2019,-1.029,204.82,0.4,1.6,4.4
1/11/2019,-0.955,205.09,3.6,3.8,4.5
1/12/2019,-0.983,205.3,5.3,9.4,5.4
1/13/2019,-0.983,205.57,6.8,16.5,6.9
1/14/2019,-0.777,206.13,3.6,0.2,6.2
1/15/2019,-0.577,206.7,4.3,0.1,5.4
1/16/2019,-0.531,207.05,5.2,3.6,5.3
1/17/2019,-0.427,207.28,3.3,2.7,5.1
1/18/2019,-0.187,207.49,0.1,0.0,3.8
1/19/2019,-0.008,207.65,-1.9,0.0,3.8
1/20/2019,0.021,207.78,-3.4,0.0,3.6
1/21/2019,0.014,207.85,-3.8,0.0,3.3
1/22/2019,0.053,207.94,-2.6,0.0,2.3
1/23/2019,0.162,208.03,-3.4,0.0,0.7
1/24/2019,0.291,208.1,-6.1,0.0,0.6
1/25/2019,0.316,208.17,-2.0,8.2,1.5
1/26/2019,0.552,208.2,5.1,3.8,1.5
1/27/2019,0.604,208.31,4.7,5.5,1.8
1/28/2019,0.745,208.45,2.0,7.6,2.5
1/29/2019,0.872,208.61,1.3,0.3,2.5
1/30/2019,1.011,208.73,-0.3,2.1,2.8
1/31/2019,1.079,208.83,-0.2,0.3,2.8
2/1/2019,1.128,208.92,2.0,0.4,2.8
2/2/2019,1.170,208.99,0.9,5.4,3.4
2/3/2019,1.200,209.08,1.2,0.0,3.4
2/4/2019,1.261,209.17,2.1,0.1,2.6
2/5/2019,1.240,209.22,2.6,0.0,2.2
2/6/2019,1.261,209.27,5.1,0.0,1.6
2/7/2019,1.150,209.32,6.8,0.0,0.9
2/8/2019,1.097,209.38,6.6,0.9,0.9
2/9/2019,1.056,209.45,7.2,7.0,1.4
2/10/2019,1.045,209.55,6.1,19.4,3.3
2/11/2019,1.210,209.71,3.1,3.2,3.6
2/12/2019,1.356,210.01,3.6,0.0,3.1
2/13/2019,1.434,210.25,5.6,0.0,3.1
2/14/2019,1.549,210.44,5.2,0.0,3.1
2/15/2019,1.672,210.58,8.9,0.0,3.1
2/16/2019,1.634,210.7,10.3,0.0,3.1
2/17/2019,1.695,210.81,8.6,0.0,3.1
2/18/2019,1.698,210.91,9.5,0.3,3.0
2/19/2019,1.619,210.97,8.2,0.0,2.3
2/20/2019,1.606,211.04,7.1,0.0,0.4
2/21/2019,1.573,211.1,8.5,1.8,0.2
2/22/2019,1.411,211.15,8.6,0.0,0.2
2/23/2019,1.584,211.2,5.4,0.0,0.2
2/24/2019,1.753,211.24,6.9,0.0,0.2
2/25/2019,1.830,211.28,7.2,0.0,0.2
2/26/2019,1.866,211.28,7.6,0.0,0.2
2/27/2019,1.911,211.3,8.2,0.0,0.2
2/28/2019,1.877,211.32,8.9,1.8,0.4
3/1/2019,1.728,211.35,6.6,1.7,0.5
3/2/2019,1.767,211.39,6.4,0.3,0.6
3/3/2019,1.627,211.42,9.5,1.5,0.5
3/4/2019,1.566,211.46,8.3,4.8,1.0
3/5/2019,1.680,211.48,5.9,0.2,1.0
3/6/2019,1.661,211.52,9.0,0.1,1.0
3/7/2019,1.508,211.56,9.4,1.8,1.2
3/8/2019,1.591,211.58,6.6,4.3,1.7
3/9/2019,1.618,211.61,7.5,9.7,2.6
3/10/2019,1.658,211.67,6.0,12.1,3.7
3/11/2019,1.874,211.8,3.0,10.7,4.6
3/12/2019,1.978,211.91,5.5,1.4,4.7
3/13/2019,2.020,212.07,4.8,14.2,5.9
3/14/2019,2.087,212.24,5.7,9.9,6.4
3/15/2019,2.116,212.46,7.9,16.4,8.1
3/16/2019,2.148,212.73,8.6,2.0,8.3
3/17/2019,2.184,212.94,6.9,6.9,8.8
3/18/2019,2.417,213.1,4.7,1.1,8.4
3/19/2019,2.595,213.21,4.4,0.0,7.5
3/20/2019,2.644,213.28,6.7,0.0,6.3
3/21/2019,2.604,213.33,9.2,0.0,5.2
3/22/2019,2.543,213.37,11.6,0.0,5.1
3/23/2019,2.497,213.41,8.4,0.1,3.6
3/24/2019,2.410,213.43,7.3,1.4,2.8
3/25/2019,2.519,213.44,4.8,5.6,1.7
3/26/2019,2.603,213.46,5.8,0.3,1.5
3/27/2019,2.568,213.47,7.4,0.0,0.9
3/28/2019,2.452,213.45,9.0,0.0,0.7
3/29/2019,2.428,213.43,10.5,0.0,0.7
3/30/2019,2.349,213.42,11.6,0.0,0.7
3/31/2019,2.266,213.42,7.2,0.0,0.7
4/1/2019,2.378,213.42,8.3,0.0,0.7
4/2/2019,2.279,213.41,11.5,1.6,0.9
4/3/2019,2.225,213.4,7.6,6.7,1.4
4/4/2019,2.358,213.41,5.2,4.9,1.4
4/5/2019,2.428,213.41,6.1,0.1,1.3
4/6/2019,2.315,213.4,11.8,0.0,1.3
4/7/2019,2.201,213.4,12.8,0.0,1.3
4/8/2019,2.096,213.39,12.7,0.0,1.3
4/9/2019,2.036,213.38,9.9,0.0,1.3
4/10/2019,2.155,213.39,6.8,0.0,1.3
4/11/2019,2.275,213.4,4.9,0.0,1.3
4/12/2019,2.343,213.4,3.2,0.7,1.2
4/13/2019,2.484,213.41,2.1,2.7,0.8
4/14/2019,2.554,213.42,4.5,0.0,0.4
4/15/2019,2.511,213.44,10.0,0.0,0.3
4/16/2019,2.392,213.44,12.0,0.0,0.3
4/17/2019,2.185,213.44,12.6,0.0,0.3
4/18/2019,2.003,213.43,16.1,0.0,0.3
4/19/2019,1.834,213.43,16.9,0.0,0.3
4/20/2019,1.647,213.43,16.0,0.0,0.3
4/21/2019,1.517,213.43,15.1,0.0,0.3
4/22/2019,1.390,213.42,16.5,0.0,0.3
4/23/2019,1.355,213.41,15.6,0.0,0.0
4/24/2019,1.146,213.37,19.0,1.2,0.1
4/25/2019,1.154,213.34,15.9,0.0,0.1
4/26/2019,1.151,213.31,11.4,2.5,0.4
4/27/2019,1.242,213.31,9.4,4.3,0.8
4/28/2019,1.302,213.31,9.1,0.4,0.8
4/29/2019,1.415,213.29,8.7,0.3,0.9
4/30/2019,1.311,213.27,12.6,0.0,0.9
5/1/2019,1.159,213.25,10.7,0.0,0.9
5/2/2019,1.103,213.24,10.5,3.5,1.2
5/3/2019,1.187,213.22,8.5,9.1,2.1
5/4/2019,1.362,213.2,5.1,0.4,2.1
5/5/2019,1.530,213.17,5.0,4.3,2.5
5/6/2019,1.561,213.17,6.9,0.8,2.3
5/7/2019,1.510,213.15,8.5,0.2,1.9
5/8/2019,1.442,213.13,10.4,9.3,2.8
5/9/2019,1.362,213.12,11.8,0.9,2.9
5/10/2019,1.254,213.09,10.7,4.2,3.3
5/11/2019,1.263,213.06,9.2,0.5,3.3
5/12/2019,1.270,213.04,8.9,0.0,3.0
5/13/2019,1.254,213.03,9.7,0.0,2.1
5/14/2019,1.140,213,9.8,0.0,2.0
5/15/2019,1.156,212.95,10.1,0.0,1.6
5/16/2019,1.097,212.9,9.1,2.7,1.8
5/17/2019,1.082,212.85,11.5,0.1,1.8
5/18/2019,0.960,212.83,15.8,0.0,0.8
5/19/2019,0.747,212.8,15.1,2.3,1.0
5/20/2019,0.659,212.79,13.6,24.4,3.0
5/21/2019,0.679,212.79,12.9,6.7,3.6
5/22/2019,0.708,213.05,13.1,0.3,3.7
5/23/2019,0.587,213.16,15.5,0.0,3.7
5/24/2019,0.440,213.23,17.0,0.0,3.7
5/25/2019,0.310,213.28,13.7,0.0,3.7
5/26/2019,0.216,213.31,16.1,1.6,3.5
5/27/2019,0.125,213.33,15.6,0.9,3.6
5/28/2019,0.234,213.35,12.0,12.4,4.9
5/29/2019,0.391,213.43,13.2,0.0,4.6
5/30/2019,0.167,213.45,16.0,0.0,2.2
5/31/2019,-0.107,213.43,19.2,0.0,1.5
6/1/2019,-0.365,213.42,20.2,0.0,1.5
6/2/2019,-0.736,213.43,23.8,0.0,1.5
6/3/2019,-0.999,213.44,21.1,0.8,1.6
6/4/2019,-1.036,213.43,23.0,0.1,1.6
6/5/2019,-1.287,213.42,23.6,0.1,1.4
6/6/2019,-1.306,213.37,15.7,0.1,1.4
6/7/2019,-0.989,213.34,17.2,5.1,0.6
6/8/2019,-0.839,213.33,15.5,0.6,0.7
6/9/2019,-0.782,213.32,17.9,0.0,0.7
6/10/2019,-0.965,213.3,19.8,9.6,1.6
6/11/2019,-0.990,213.3,17.4,0.1,1.7
6/12/2019,-1.038,213.28,16.2,12.2,2.9
6/13/2019,-1.095,213.27,18.0,0.2,2.8
6/14/2019,-1.225,213.28,21.0,1.6,3.0
6/15/2019,-1.455,213.25,19.2,0.0,3.0
6/16/2019,-1.554,213.22,18.8,0.0,2.9
6/17/2019,-1.577,213.19,20.6,0.0,2.4
6/18/2019,-1.748,213.17,23.3,0.0,2.4
6/19/2019,-1.947,213.14,23.8,13.4,3.7
6/20/2019,-1.974,213.1,18.9,0.3,2.8
6/21/2019,-1.898,213.05,18.0,0.0,2.8
6/22/2019,-1.932,213.01,19.0,0.0,1.6
6/23/2019,-2.099,212.97,22.6,0.0,1.5
6/24/2019,-2.378,212.92,25.5,0.0,1.4
6/25/2019,-2.695,212.87,28.1,0.0,1.4
6/26/2019,-2.410,212.82,26.3,0.0,1.4
6/27/2019,-2.916,212.77,19.7,0.0,1.4
6/28/2019,-2.854,212.69,19.2,0.0,1.4
6/29/2019,-2.960,212.61,24.4,0.0,0.0
6/30/2019,-3.237,212.54,26.3,0.0,0.0
7/1/2019,-3.210,212.47,20.8,0.0,0.0
7/2/2019,-3.083,212.41,17.5,0.0,0.0
7/3/2019,-2.978,212.33,16.1,0.0,0.0
7/4/2019,-2.873,212.25,17.1,0.0,0.0
7/5/2019,-2.949,212.17,20.4,0.0,0.0
7/6/2019,-3.004,212.13,19.1,1.6,0.2
7/7/2019,-2.851,212.04,15.2,0.0,0.2
7/8/2019,-2.657,211.96,13.3,0.1,0.2
7/9/2019,-2.572,211.88,15.1,0.0,0.2
7/10/2019,-2.575,211.8,16.7,0.5,0.2
7/11/2019,-2.597,211.73,16.9,7.4,1.0
7/12/2019,-2.603,211.64,18.1,32.4,4.2
7/13/2019,-2.549,211.63,17.0,1.6,4.4
7/14/2019,-2.479,211.61,14.8,0.0,4.4
7/15/2019,-2.397,211.58,14.0,0.1,4.4
7/16/2019,-2.345,211.54,14.2,0.0,4.2
7/17/2019,-2.423,211.47,16.4,0.0,4.2
7/18/2019,-2.502,211.39,19.5,0.1,4.2
7/19/2019,-2.722,211.31,20.9,0.0,4.2
7/20/2019,-2.863,211.21,20.9,6.3,4.8
7/21/2019,-2.945,211.15,20.0,0.0,4.1
7/22/2019,-3.165,211.09,22.1,0.0,0.8
7/23/2019,-3.456,211.02,25.6,0.0,0.7
7/24/2019,-3.775,210.96,29.0,0.0,0.7
7/25/2019,-4.106,210.89,30.6,0.0,0.6
7/26/2019,-4.286,210.8,29.0,0.0,0.6
7/27/2019,-4.212,210.68,25.4,0.0,0.6
7/28/2019,-3.917,210.59,21.3,9.5,1.6
7/29/2019,-4.034,210.51,20.9,0.0,1.6
7/30/2019,-4.066,210.44,23.8,0.0,1.0
7/31/2019,-4.075,210.37,20.9,0.1,1.0
8/1/2019,-3.891,210.29,19.2,0.0,1.0
8/2/2019,-3.781,210.2,20.0,5.5,1.5
8/3/2019,-3.771,210.11,18.2,0.4,1.6
8/4/2019,-3.770,210.04,20.6,0.0,1.6
8/5/2019,-3.972,209.98,23.3,0.0,1.6
8/6/2019,-4.067,209.9,21.7,0.1,1.6
8/7/2019,-4.082,209.83,20.7,0.0,0.6
8/8/2019,-4.021,209.75,19.9,0.0,0.6
8/9/2019,,209.67,21.5,1.6,0.8
8/10/2019,-4.071,209.55,21.7,0.0,0.8
8/11/2019,-4.056,209.49,19.7,0.0,0.8
8/12/2019,-3.931,209.44,16.7,5.6,0.8
8/13/2019,-3.733,209.35,14.9,2.9,1.0
8/14/2019,-3.619,209.24,17.0,1.0,1.1
8/15/2019,-3.718,209.18,17.6,10.2,2.1
8/16/2019,-3.683,209.13,18.3,0.6,2.2
8/17/2019,-3.800,209.06,19.8,2.8,2.5
8/18/2019,-3.788,208.99,17.6,10.1,3.5
8/19/2019,-3.732,208.94,17.9,0.0,3.3
8/20/2019,-3.729,208.87,16.9,0.3,3.4
8/21/2019,-3.656,208.8,16.9,0.0,3.4
8/22/2019,-3.660,208.73,19.7,0.0,2.8
8/23/2019,-3.718,208.67,20.6,0.0,2.5
8/24/2019,-3.815,208.61,22.4,0.0,2.4
8/25/2019,-3.941,208.54,24.2,0.0,1.4
8/26/2019,-3.505,208.47,24.8,0.0,1.3
8/27/2019,-4.136,208.39,24.3,0.0,1.0
8/28/2019,-4.234,208.28,26.0,0.0,0.0
8/29/2019,-4.331,208.19,21.6,1.7,0.2
8/30/2019,-4.283,208.11,20.7,0.1,0.2
8/31/2019,-4.317,208.03,24.0,6.5,0.8
9/1/2019,-4.352,207.96,16.8,2.7,1.1
9/2/2019,-4.117,207.89,15.0,0.0,1.1
9/3/2019,-4.034,207.81,15.9,0.0,1.1
9/4/2019,-4.030,207.7,18.4,1.0,1.2
9/5/2019,-3.938,207.6,13.6,1.1,1.3
9/6/2019,-3.422,207.51,14.4,1.2,1.4
9/7/2019,-3.793,207.44,14.0,6.7,2.1
9/8/2019,-3.732,207.36,12.9,0.0,1.9
9/9/2019,-3.734,207.28,13.4,0.0,1.9
9/10/2019,-3.632,207.23,13.4,0.0,1.3
9/11/2019,-3.590,207.17,14.6,3.1,1.3
9/12/2019,-3.715,207.11,18.3,0.1,1.3
9/13/2019,-3.872,207.05,17.1,1.3,1.5
9/14/2019,-3.745,206.99,14.9,0.1,1.4
9/15/2019,-3.690,206.93,17.2,0.0,1.3
9/16/2019,-3.731,206.87,14.3,4.8,1.6
9/17/2019,-3.636,206.81,12.8,0.2,1.0
9/18/2019,-3.494,206.76,11.3,0.0,1.0
9/19/2019,-3.410,206.69,10.8,0.0,1.0
9/20/2019,-3.315,206.65,12.1,0.0,1.0
9/21/2019,-3.282,206.6,15.8,0.0,0.7
9/22/2019,-3.060,206.54,19.3,5.2,1.2
9/23/2019,-3.527,206.49,16.3,2.1,1.2
9/24/2019,-3.535,206.44,15.4,2.1,1.4
9/25/2019,-3.584,206.39,15.5,2.1,1.7
9/27/2019,-3.658,206.31,15.8,1.2,1.8
9/28/2019,-3.629,206.26,14.7,2.8,2.1
9/29/2019,-3.617,206.21,15.1,23.7,4.5
9/30/2019,-3.611,206.2,13.5,2.5,4.7
10/1/2019,-3.588,206.17,14.7,27.5,7.5
10/2/2019,-3.485,206.21,10.4,0.2,7.0
10/3/2019,-3.268,206.23,10.4,3.5,7.1
10/4/2019,-3.297,206.23,10.1,12.1,8.1
10/5/2019,-3.222,206.25,9.6,0.0,7.9
10/6/2019,-2.887,206.29,8.3,3.7,7.7
10/7/2019,-3.066,206.32,10.5,3.8,8.0
10/8/2019,-3.121,206.31,12.6,1.2,7.8
10/9/2019,-3.133,206.28,12.0,4.2,5.9
10/10/2019,-3.087,206.28,11.5,0.0,5.6
10/11/2019,-3.133,206.28,14.3,0.3,2.9
10/12/2019,-3.241,206.28,16.8,0.0,2.9
10/13/2019,-3.395,206.27,19.5,0.5,2.6
10/14/2019,-3.485,206.29,19.2,0.0,1.4
10/15/2019,-3.459,206.27,17.0,15.6,2.9
10/16/2019,-3.395,206.24,13.4,0.2,2.6
10/17/2019,-3.399,206.23,15.0,0.2,2.2
10/18/2019,-3.372,206.25,13.2,0.8,2.2
10/19/2019,-2.621,206.25,12.5,6.7,2.4
10/20/2019,-3.280,206.26,12.7,16.4,4.1
10/21/2019,-3.274,206.3,14.6,0.4,4.1
10/22/2019,-3.196,206.33,11.4,0.1,4.1
10/23/2019,-3.132,206.36,13.1,0.0,4.0
10/24/2019,-3.095,206.38,15.1,0.0,4.0
10/25/2019,-3.108,206.38,14.5,0.0,2.5
10/26/2019,-3.105,206.38,16.1,2.3,2.7
10/27/2019,-3.094,206.4,10.2,0.2,2.7
10/28/2019,-2.885,206.41,7.4,0.0,2.6
10/29/2019,-2.751,206.39,6.9,0.0,1.9
10/30/2019,-2.567,206.39,4.2,0.0,0.3
10/31/2019,-2.405,206.39,4.2,0.0,0.3
11/1/2019,-2.349,206.37,7.7,3.8,0.6
11/2/2019,-2.525,206.36,13.1,0.7,0.7
11/3/2019,-2.573,206.34,12.2,0.1,0.7
11/4/2019,-2.596,206.31,10.6,7.6,1.5
11/5/2019,-2.551,206.32,8.6,2.0,1.4
11/6/2019,-2.489,206.33,7.8,4.4,1.9
11/7/2019,-2.411,206.36,7.6,1.2,2.0
11/8/2019,-2.298,206.37,6.5,0.0,2.0
11/9/2019,-2.224,206.38,5.2,0.0,2.0
11/10/2019,-2.061,206.37,4.0,0.0,2.0
11/11/2019,-1.945,206.4,4.1,0.2,1.6
11/12/2019,-1.911,206.4,4.7,1.0,1.7
11/13/2019,-1.840,206.4,4.5,0.7,1.7
11/14/2019,-1.801,206.4,5.3,0.1,1.0
11/15/2019,-1.749,206.4,4.2,0.7,0.8
11/16/2019,-1.730,206.4,5.1,0.0,0.4
11/17/2019,-1.636,206.41,3.1,9.7,1.2
11/18/2019,-1.609,206.42,4.2,18.8,3.1
11/19/2019,-1.559,206.45,4.0,4.0,3.5
11/20/2019,-1.489,206.51,2.9,0.0,3.5
11/21/2019,-1.393,206.56,3.0,0.1,3.5
11/22/2019,-1.398,206.59,6.3,0.1,3.4
11/23/2019,-1.341,206.6,6.5,0.0,3.4
11/24/2019,-1.285,206.62,5.5,0.0,3.3
11/25/2019,-1.290,206.64,6.9,0.2,3.3
11/26/2019,-1.352,206.63,9.0,0.1,3.3
11/27/2019,-1.445,206.64,10.2,2.5,2.6
11/28/2019,-1.493,206.66,8.9,6.5,1.4
11/29/2019,-1.396,206.71,5.3,0.3,1.0
11/30/2019,-1.247,206.76,3.0,0.0,1.0
12/1/2019,-1.096,206.8,0.3,0.0,1.0
12/2/2019,-1.044,206.84,3.0,4.9,1.5
12/3/2019,-1.050,206.85,5.7,0.2,1.5
12/4/2019,-0.943,206.88,2.8,0.0,1.5
12/5/2019,-0.805,206.91,2.5,0.0,1.5
12/6/2019,-0.782,206.94,4.4,2.4,1.7
12/7/2019,-0.882,206.96,7.9,0.4,1.5
12/8/2019,-0.938,206.98,8.5,1.1,0.9
12/9/2019,-0.902,207.02,5.7,7.5,1.7
12/10/2019,-0.782,207.06,3.6,3.9,2.0
12/11/2019,-0.748,207.13,3.7,4.4,2.5
12/12/2019,-0.677,207.22,3.8,0.2,2.0
12/13/2019,-0.600,207.32,3.4,8.4,2.8
12/14/2019,-0.582,207.38,4.5,5.0,3.3
12/15/2019,-0.535,207.51,6.7,3.5,3.7
12/16/2019,-0.523,207.64,7.7,0.3,3.5
12/17/2019,-0.627,207.73,12.6,6.1,4.0
12/18/2019,-0.659,207.82,7.8,0.2,4.0
12/19/2019,-0.607,207.9,11.2,0.0,3.2
12/20/2019,-0.673,207.98,10.6,1.5,3.0
12/21/2019,-0.611,208.03,7.6,0.2,2.5
12/22/2019,-0.559,208.08,7.5,5.8,3.1
12/23/2019,-0.550,208.14,6.9,0.5,2.3
12/24/2019,-0.521,208.2,6.9,12.7,3.1
12/25/2019,-0.520,208.28,6.6,2.8,3.0
12/26/2019,-0.399,208.44,4.9,0.0,3.0
12/27/2019,-0.249,208.6,3.0,0.0,2.4
12/28/2019,-0.030,208.7,0.0,0.0,2.4
12/29/2019,0.114,208.78,2.2,0.2,2.4
12/30/2019,0.133,208.86,8.2,0.0,2.2
12/31/2019,0.152,208.92,4.2,0.5,2.3
1/1/2020,0.323,208.98,1.2,0.0,1.7
1/2/2020,0.446,209.03,1.4,0.1,1.6
1/3/2020,0.388,209.06,6.9,7.9,1.2
1/4/2020,0.383,209.12,4.9,4.7,1.3
1/5/2020,0.401,209.19,4.9,0.1,1.4
1/6/2020,0.442,209.26,4.8,0.2,1.4
1/7/2020,0.462,209.31,5.8,0.1,1.4
1/8/2020,0.386,209.38,8.3,2.8,1.6
1/9/2020,0.221,209.44,10.7,2.6,1.9
1/10/2020,0.197,209.52,7.2,5.7,2.4
1/11/2020,0.436,209.59,3.6,0.0,2.4
1/12/2020,0.548,209.67,5.0,3.2,2.7
1/13/2020,0.528,209.75,6.6,0.3,2.0
1/14/2020,0.476,209.81,9.0,0.0,1.5
1/15/2020,0.377,209.87,10.9,0.0,1.5
1/16/2020,0.453,209.91,7.2,0.0,1.5
1/17/2020,0.494,209.94,8.4,0.6,1.5
1/18/2020,0.569,209.97,4.3,1.1,1.4
1/19/2020,0.681,209.99,2.9,0.6,1.2
1/20/2020,0.769,210.04,3.2,0.0,0.6
1/21/2020,0.962,210.09,0.9,0.0,0.6
1/22/2020,1.090,210.12,1.0,1.1,0.4
1/23/2020,1.106,210.13,2.5,0.0,0.3
1/24/2020,1.244,210.15,-0.9,0.0,0.3
1/25/2020,1.316,210.16,0.4,0.0,0.3
1/26/2020,1.341,210.16,4.2,0.7,0.4
1/27/2020,1.224,210.19,6.8,1.7,0.5
1/28/2020,1.212,210.21,4.3,3.5,0.8
1/29/2020,1.297,210.27,3.8,0.1,0.7
1/30/2020,1.256,210.3,7.2,2.7,1.0
1/31/2020,1.007,210.33,11.4,0.4,1.0
2/1/2020,0.878,210.37,9.9,13.9,2.3
2/2/2020,0.937,210.49,8.5,6.2,2.9
2/3/2020,0.895,210.61,9.0,19.6,4.9
2/4/2020,1.117,210.76,3.6,6.9,5.6
2/5/2020,1.371,211.02,3.7,0.1,5.5
2/6/2020,1.524,211.22,3.9,0.0,5.3
2/7/2020,1.608,211.37,4.9,0.0,5.0
2/8/2020,1.692,211.49,6.5,0.0,5.0
2/9/2020,1.573,211.6,9.6,11.1,5.8
2/10/2020,1.540,211.69,6.5,13.6,7.1
2/11/2020,1.763,211.84,3.5,0.8,5.8
2/12/2020,1.933,212.01,3.7,0.9,5.3
2/13/2020,2.049,212.12,3.9,7.2,4.1
2/14/2020,2.045,212.22,5.5,0.4,3.4
2/15/2020,2.039,212.29,8.3,0.9,3.5
2/16/2020,1.800,212.31,12.4,8.1,4.3
2/17/2020,1.794,212.37,7.4,2.3,4.5
2/18/2020,1.918,212.4,6.0,8.3,5.4
2/19/2020,2.013,212.42,4.5,0.7,4.3
2/20/2020,2.045,212.5,6.6,5.5,3.5
2/21/2020,2.082,212.53,5.6,0.0,3.4
2/22/2020,2.009,212.53,8.3,10.7,4.4
2/23/2020,1.894,212.51,8.2,21.1,5.8
2/24/2020,2.069,212.75,6.2,1.6,5.9
2/25/2020,2.083,212.97,7.2,7.1,6.5
2/26/2020,2.327,213.09,2.3,4.9,6.2
2/27/2020,2.479,213.14,2.1,5.4,6.5
2/28/2020,2.571,213.15,3.3,2.1,5.9
2/29/2020,2.485,213.14,7.8,1.9,6.0
3/1/2020,2.504,213.15,6.2,8.0,6.3
3/2/2020,2.492,213.17,6.4,6.8,7.0
3/3/2020,2.539,213.25,5.2,0.4,5.9
3/4/2020,2.614,213.28,5.2,0.2,3.8
3/5/2020,2.604,213.28,5.2,10.7,4.8
3/6/2020,2.628,213.27,3.8,7.3,4.8
3/7/2020,2.678,213.29,5.4,0.0,4.3
3/8/2020,2.570,213.29,8.3,0.9,3.8
3/9/2020,2.471,213.26,7.2,3.3,4.0
3/10/2020,2.429,213.23,8.3,13.1,5.1
3/11/2020,2.224,213.23,10.2,8.8,5.2
3/12/2020,2.201,213.3,9.2,1.6,4.6
3/13/2020,2.347,213.34,6.1,1.6,4.8
3/14/2020,2.421,213.35,6.8,0.0,4.7
3/15/2020,2.403,213.34,9.7,0.0,3.7
3/16/2020,2.378,213.34,10.1,0.2,3.0
3/17/2020,2.300,213.32,10.4,0.0,3.0
3/18/2020,2.282,213.33,10.8,0.0,2.9
3/19/2020,2.257,213.35,9.4,0.0,2.5
3/20/2020,2.237,213.35,7.0,0.0,1.2
3/21/2020,2.379,213.37,4.4,0.0,0.3
3/22/2020,2.590,213.38,3.6,0.0,0.2
3/23/2020,2.742,213.4,3.9,0.0,0.0
3/24/2020,2.848,213.42,4.7,0.0,0.0
3/25/2020,2.920,213.42,5.2,0.0,0.0
3/26/2020,2.963,213.41,4.9,0.0,0.0
3/27/2020,2.915,213.42,8.9,0.0,0.0
3/28/2020,2.836,213.44,7.7,0.0,0.0
3/29/2020,2.905,213.46,2.1,1.6,0.2
3/30/2020,3.092,213.49,1.6,3.0,0.5
3/31/2020,3.090,213.51,4.0,0.0,0.5
4/1/2020,3.157,213.53,4.0,0.0,0.5
4/2/2020,3.139,213.53,4.9,0.0,0.5
4/3/2020,3.014,213.54,6.7,2.8,0.7
4/4/2020,3.042,213.56,7.6,0.0,0.7
4/5/2020,2.966,213.58,11.7,0.0,0.7
4/6/2020,2.793,213.6,16.3,0.0,0.7
4/7/2020,2.551,213.59,13.0,0.0,0.7
4/8/2020,2.348,213.59,16.3,0.0,0.6
4/9/2020,2.208,213.6,13.2,0.0,0.3
4/10/2020,2.168,213.6,11.1,0.0,0.3
4/11/2020,2.192,213.61,12.1,0.0,0.3
4/12/2020,1.991,213.58,16.4,0.2,0.3
4/13/2020,1.938,213.58,7.5,0.0,0.0
4/14/2020,2.116,213.58,5.6,0.0,0.0
4/15/2020,2.204,213.56,9.0,0.0,0.0
4/16/2020,2.076,213.55,13.9,0.0,0.0
4/17/2020,1.913,213.53,12.3,0.0,0.0
4/18/2020,1.792,213.51,13.7,0.3,0.1
4/19/2020,1.623,213.51,13.3,0.0,0.1
4/20/2020,1.734,213.5,11.4,0.0,0.1
4/21/2020,1.820,213.46,12.9,0.0,0.1
4/22/2020,1.739,213.45,14.2,0.0,0.0
4/23/2020,1.599,213.43,14.9,0.0,0.0
4/24/2020,1.417,213.42,13.9,0.0,0.0
4/25/2020,1.319,213.38,10.4,0.0,0.0
4/26/2020,1.307,213.35,11.6,0.0,0.0
4/27/2020,1.220,213.32,14.1,0.0,0.0
4/28/2020,1.119,213.28,13.6,3.0,0.3
4/29/2020,1.049,213.24,13.4,1.7,0.5
4/30/2020,1.048,213.22,12.0,8.8,1.4
5/1/2020,1.123,213.21,10.5,5.3,1.9
5/2/2020,1.237,213.24,8.6,13.6,3.2
5/3/2020,1.276,213.26,11.5,2.1,3.5
5/4/2020,1.148,213.29,10.8,0.0,3.5
5/5/2020,1.134,213.29,9.0,0.0,3.5
5/6/2020,1.110,213.27,10.4,0.0,3.5
5/7/2020,1.033,213.26,12.6,0.0,3.5
5/8/2020,0.908,213.24,14.6,0.0,3.2
5/9/2020,0.597,213.2,16.9,0.0,3.0
5/10/2020,0.405,213.17,14.4,0.2,2.1
5/11/2020,0.670,213.14,7.2,0.2,1.6
5/12/2020,0.887,213.1,6.3,0.0,0.3
5/13/2020,0.996,213.07,7.9,0.3,0.1
5/14/2020,1.006,213.03,8.6,0.0,0.1
5/15/2020,0.953,212.99,8.9,0.0,0.1
5/16/2020,0.904,212.95,11.7,0.0,0.1
5/17/2020,0.739,212.92,12.6,0.0,0.1
5/18/2020,0.517,212.88,16.0,0.0,0.1
5/19/2020,0.298,212.85,16.7,0.0,0.1
5/20/2020,0.001,212.79,16.3,0.0,0.1
5/21/2020,-0.176,212.72,18.6,0.0,0.0
5/22/2020,-0.458,212.69,18.7,8.5,0.9
5/23/2020,-0.466,212.64,14.9,1.0,1.0
5/24/2020,-0.305,212.6,12.3,1.6,1.1
5/25/2020,-0.286,212.55,14.4,0.0,1.1
5/26/2020,-0.347,212.48,14.5,0.0,1.1
5/27/2020,-0.466,212.43,16.9,0.0,1.1
5/28/2020,-0.537,212.38,14.6,0.0,1.1
5/29/2020,-0.636,212.32,15.4,0.0,1.1
5/30/2020,-0.802,212.24,16.2,0.0,1.1
5/31/2020,-0.919,212.16,15.4,0.0,1.1
6/1/2020,-1.045,212.1,18.3,0.0,0.3
6/2/2020,-1.228,212.05,20.6,0.0,0.2
6/3/2020,-1.424,211.95,20.1,3.8,0.4
6/4/2020,-1.307,211.87,13.4,13.9,1.8
6/5/2020,-0.971,211.83,10.1,7.9,2.6
6/6/2020,-0.851,211.79,12.7,1.6,2.7
6/7/2020,-0.979,211.76,13.7,0.0,2.7
6/8/2020,-1.081,211.73,14.5,0.0,2.7
6/9/2020,-1.131,211.65,13.6,7.1,3.4
6/10/2020,-1.090,211.58,14.6,0.3,3.5
6/11/2020,-1.199,211.52,17.0,0.0,3.5
6/12/2020,-1.422,211.46,20.7,0.0,3.5
6/13/2020,-1.817,211.41,22.3,0.4,3.1
6/14/2020,-2.005,211.35,18.9,14.0,3.1
6/15/2020,-1.847,211.33,17.9,0.2,2.4
6/16/2020,-1.810,211.31,17.2,3.5,2.6
6/17/2020,-1.858,211.3,19.0,7.4,3.3
6/18/2020,-1.878,211.26,18.0,3.7,3.7
6/19/2020,-1.963,211.27,19.2,3.4,3.3
6/20/2020,-2.174,211.29,18.1,0.0,3.3
6/21/2020,-2.231,211.27,20.1,0.9,3.4
6/22/2020,-2.375,211.25,19.1,0.1,3.4
6/23/2020,-2.488,211.19,20.4,0.0,3.3
6/24/2020,-2.675,211.13,21.5,0.0,1.9
6/25/2020,-2.860,211.08,22.4,0.0,1.9
6/26/2020,-3.052,211.01,23.9,0.1,1.6
6/27/2020,-3.266,210.94,24.0,6.9,1.5
6/28/2020,-3.254,210.89,18.5,0.1,1.2
6/29/2020,-3.127,210.81,17.7,0.0,0.8
6/30/2020,-3.024,210.74,17.5,3.7,1.2
7/1/2020,-2.971,210.71,18.4,16.9,2.8
7/2/2020,-2.865,210.66,17.3,10.4,3.8
7/3/2020,-2.813,210.63,16.8,0.0,3.8
7/4/2020,-2.970,210.6,19.0,0.4,3.9
7/5/2020,-3.056,210.56,20.4,0.0,3.9
7/6/2020,-2.956,210.53,14.0,11.3,5.0
7/7/2020,-2.744,210.5,15.3,1.6,4.4
7/8/2020,-2.657,210.44,14.7,3.4,4.8
7/9/2020,-2.717,210.38,18.2,1.5,4.9
7/10/2020,-2.769,210.35,16.2,2.3,4.8
7/11/2020,-2.673,210.32,14.7,0.0,3.1
7/12/2020,-2.676,210.29,16.3,0.0,2.1
7/13/2020,-2.885,210.24,18.8,0.0,2.1
7/14/2020,-2.979,210.19,17.3,5.6,2.6
7/15/2020,-2.890,210.11,16.1,0.5,2.6
7/16/2020,-2.868,210.06,15.6,0.6,1.6
7/17/2020,-2.892,210.02,18.6,0.0,1.4
7/18/2020,-2.959,209.98,19.4,0.0,1.1
7/19/2020,-3.190,209.9,22.1,0.0,0.9
7/20/2020,-3.347,209.85,17.4,0.7,0.7
7/21/2020,-3.285,209.78,15.9,0.0,0.7
7/22/2020,-3.212,209.73,15.8,0.0,0.7
7/23/2020,-3.199,209.68,18.4,0.0,0.7
7/24/2020,-3.366,209.61,19.8,0.3,0.2
7/25/2020,-3.382,209.53,19.9,12.1,1.4
7/26/2020,-3.402,209.47,19.6,1.0,1.4
7/27/2020,-3.394,209.45,19.6,0.0,1.4
7/28/2020,-3.523,209.37,20.0,0.0,1.4
7/29/2020,-3.533,209.3,17.7,0.0,1.4
7/30/2020,-3.583,209.24,19.2,0.0,1.3
7/31/2020,-3.734,209.16,23.9,0.0,1.3
8/1/2020,-4.022,209.08,24.1,8.0,2.1
8/2/2020,-4.047,209.01,19.9,0.1,2.2
8/3/2020,-3.856,208.92,17.9,0.0,2.1
8/4/2020,-3.795,208.85,17.3,0.0,0.9
8/5/2020,-3.839,208.78,21.6,0.0,0.8
8/6/2020,-4.016,208.7,24.9,0.0,0.8
8/7/2020,-3.741,208.64,25.5,0.0,0.8
8/8/2020,-4.359,208.57,27.2,0.0,0.8
8/9/2020,-4.495,208.49,24.5,2.0,1.0
8/10/2020,-4.545,208.45,26.6,0.0,1.0
8/11/2020,-4.601,208.38,25.9,0.0,0.2
8/12/2020,-4.644,208.31,25.0,0.0,0.2
8/13/2020,-4.736,208.26,25.1,0.0,0.2
8/14/2020,-4.776,208.22,23.1,9.4,1.1
8/15/2020,-4.706,208.19,22.0,0.0,1.1
8/16/2020,-4.738,208.15,24.8,1.4,1.3
8/17/2020,-4.736,208.08,20.6,4.3,1.7
8/18/2020,-4.607,208.06,19.8,0.4,1.8
8/19/2020,-4.508,208.02,21.6,0.0,1.6
8/20/2020,-4.682,207.99,24.6,0.0,1.6
8/21/2020,-4.866,207.96,26.4,0.0,1.6
8/22/2020,-4.851,207.9,22.1,0.1,1.6
8/23/2020,-4.698,207.82,17.6,1.7,1.7
8/24/2020,-4.579,207.75,17.0,0.0,0.8
8/25/2020,-4.503,207.69,18.0,1.5,0.9
8/26/2020,-4.436,207.6,17.2,0.3,0.8
8/27/2020,-4.408,207.53,17.5,1.0,0.5
8/28/2020,-4.447,207.46,17.7,2.2,0.7
8/29/2020,-4.376,207.4,16.6,0.0,0.7
8/30/2020,-4.295,207.35,16.4,8.5,1.5
8/31/2020,-4.311,207.28,16.2,0.2,1.6
9/1/2020,-4.252,207.22,14.5,1.8,1.7
9/2/2020,-4.169,207.14,15.5,0.0,1.6
9/3/2020,-4.122,207.04,14.4,8.3,2.4
9/4/2020,-4.227,206.99,18.5,11.8,3.4
9/5/2020,-4.207,206.96,14.8,0.4,3.4
9/6/2020,-4.063,206.9,14.0,0.0,3.3
9/7/2020,-3.977,206.86,14.6,0.0,3.1
9/8/2020,-4.039,206.8,16.8,0.0,3.1
9/9/2020,-4.135,206.73,18.2,1.5,2.4
9/10/2020,-4.100,206.67,14.6,0.0,2.4
9/11/2020,-3.979,206.61,15.0,0.0,2.2
9/12/2020,-3.979,206.54,17.3,0.0,2.2
9/13/2020,-3.990,206.47,18.1,0.0,1.4
9/14/2020,-4.049,206.38,21.5,0.0,0.2
9/15/2020,-4.157,206.34,22.2,0.0,0.2
9/16/2020,-4.230,206.24,20.4,0.0,0.2
9/17/2020,-4.168,206.15,14.7,0.0,0.2
9/18/2020,-3.993,206.08,15.2,0.0,0.2
9/19/2020,-3.904,205.99,16.2,0.0,0.0
9/20/2020,-3.840,205.9,16.0,0.0,0.0
9/21/2020,-3.812,205.8,16.7,0.0,0.0
9/22/2020,-3.824,205.71,17.7,0.0,0.0
9/23/2020,-3.872,205.62,18.8,2.0,0.2
9/24/2020,-3.929,205.52,16.3,1.4,0.3
9/25/2020,-3.876,205.42,12.5,0.0,0.3
9/26/2020,-3.809,205.37,10.6,19.2,2.3
9/27/2020,-3.740,205.32,11.1,0.0,2.3
9/28/2020,-3.742,205.25,12.1,0.0,2.3
9/29/2020,-3.747,205.18,11.9,0.6,2.3
9/30/2020,-3.791,205.13,15.1,0.0,2.3
10/1/2020,-3.835,205.05,14.1,0.4,2.4
10/2/2020,-3.831,204.97,14.7,0.0,2.4
10/3/2020,-3.852,204.91,13.8,3.4,2.5
10/4/2020,-3.772,204.83,12.2,0.0,2.4
10/5/2020,-3.742,204.74,12.1,4.7,2.8
10/6/2020,-3.756,204.67,12.4,4.6,1.4
10/7/2020,-3.747,204.6,11.5,5.4,1.9
10/8/2020,-3.722,204.54,12.6,5.1,2.4
10/9/2020,-3.758,204.51,12.0,3.1,2.7
10/10/2020,-3.662,204.47,9.5,2.5,2.9
10/11/2020,-3.573,204.45,9.0,2.4,3.1
10/12/2020,-3.558,204.42,9.6,0.5,3.2
10/13/2020,-3.454,204.37,9.1,0.1,2.8
10/14/2020,-3.381,204.32,7.8,3.1,3.2
10/15/2020,-3.343,204.25,7.8,2.6,2.9
10/16/2020,-3.330,204.19,8.3,0.0,2.5
10/17/2020,-3.311,204.1,7.9,0.0,1.9
10/18/2020,-3.292,204.05,8.3,1.4,1.6
10/19/2020,-3.307,204.02,9.8,0.1,1.3
10/20/2020,-3.313,203.98,11.5,1.9,1.2
10/21/2020,-3.404,203.95,15.6,0.7,1.0
10/22/2020,-3.557,203.93,16.4,8.3,1.8
10/23/2020,-3.541,203.91,13.5,11.7,3.0
10/24/2020,-3.502,203.91,13.5,0.0,2.7
10/25/2020,-3.503,203.92,13.1,1.6,2.6
10/26/2020,-3.476,203.93,10.6,0.1,2.6
10/27/2020,-3.373,203.98,10.4,0.4,2.6
10/28/2020,-3.340,203.97,12.0,6.5,3.1
10/29/2020,-3.273,203.98,9.8,6.6,3.8
10/30/2020,-3.320,204,13.3,0.3,3.6
10/31/2020,-3.370,204.04,13.5,1.5,3.7
11/1/2020,-3.423,204.06,14.9,0.7,2.9
11/2/2020,-3.601,204.08,16.8,4.3,2.2
11/3/2020,-3.410,204.1,10.1,0.8,2.3
11/4/2020,-3.120,204.12,6.7,0.0,2.1
11/5/2020,-2.911,204.14,5.7,0.0,2.1
11/6/2020,-2.799,204.14,7.7,0.0,2.1
11/7/2020,-2.704,204.14,11.7,0.0,1.4
11/8/2020,-2.668,204.15,12.1,0.1,0.8
11/9/2020,-2.727,204.15,11.0,0.0,0.7
11/10/2020,-2.673,204.07,10.4,0.0,0.6
11/11/2020,-2.707,204.06,11.2,0.2,0.5
11/12/2020,-2.685,204.04,10.3,0.3,0.1
11/13/2020,-2.643,203.99,10.1,0.0,0.1
11/14/2020,-2.752,203.94,13.5,0.0,0.1
11/15/2020,-2.827,203.9,13.7,2.9,0.4
11/16/2020,-2.808,203.84,10.0,1.6,0.5
11/17/2020,-2.805,203.8,10.5,0.3,0.5
11/18/2020,-2.803,203.77,12.4,0.8,0.6
11/19/2020,-2.761,203.74,8.3,1.9,0.8
11/20/2020,-2.623,203.73,4.0,0.0,0.8
11/21/2020,-2.532,203.71,5.4,0.2,0.8
11/22/2020,-2.572,203.66,8.4,3.5,1.1
11/23/2020,-2.495,203.66,6.3,0.1,1.1
11/24/2020,-2.395,203.63,6.2,0.0,1.1
11/25/2020,-2.300,203.6,6.3,0.1,0.9
11/26/2020,-2.317,203.57,8.6,0.0,0.7
11/27/2020,-2.264,203.56,5.1,0.0,0.7
11/28/2020,-2.114,203.52,2.6,0.0,0.6
11/29/2020,-1.948,203.5,-0.1,0.0,0.4
11/30/2020,-1.852,203.47,0.3,6.4,1.0
12/1/2020,-1.899,203.43,4.7,1.0,1.1
12/2/2020,-1.941,203.37,4.3,0.4,0.8
12/3/2020,-1.911,203.34,3.4,0.5,0.8
12/4/2020,-1.909,203.37,5.5,3.0,1.1
12/5/2020,-1.910,203.32,4.3,0.9,1.2
12/6/2020,-1.857,203.3,3.1,4.3,1.7
12/7/2020,-1.835,203.28,2.9,1.2,1.8
12/8/2020,-1.783,203.27,2.3,0.0,1.8
12/9/2020,-1.728,203.24,1.5,0.0,1.8
12/10/2020,-1.656,203.25,0.7,0.0,1.1
12/11/2020,-1.611,203.26,2.9,0.2,1.1
12/12/2020,-1.645,203.29,6.2,0.3,1.0
12/13/2020,-1.707,203.31,6.9,0.0,1.0
12/14/2020,-1.719,203.34,8.3,2.8,1.0
12/15/2020,-1.804,203.32,8.7,2.9,1.2
12/16/2020,-1.740,203.28,7.2,0.2,0.8
12/17/2020,-1.783,203.31,9.0,0.6,0.7
12/18/2020,-1.694,203.3,7.8,0.0,0.7
12/19/2020,-1.674,203.32,9.6,0.0,0.7
12/20/2020,-1.738,203.31,9.0,0.2,0.7
12/21/2020,-1.717,203.34,7.3,3.2,1.0
12/22/2020,-1.867,203.33,11.8,2.5,1.2
12/23/2020,-1.913,203.33,10.9,6.2,1.9
12/24/2020,-1.851,203.35,5.5,4.1,2.0
12/25/2020,-1.682,203.41,2.2,0.4,1.7
12/26/2020,-1.585,203.43,2.9,0.0,1.7
12/27/2020,-1.536,203.48,3.3,5.8,2.2
12/28/2020,-1.491,203.55,4.0,0.0,2.2
12/29/2020,-1.394,203.59,2.2,0.0,2.2
12/30/2020,-1.349,203.64,3.2,0.3,2.3
12/31/2020,-1.312,203.68,2.8,0.2,2.0
1/1/2021,-1.287,203.72,2.8,0.1,1.7
1/2/2021,-1.235,203.76,3.0,0.0,1.1
1/3/2021,-1.209,203.77,1.7,2.0,0.9
1/4/2021,-1.142,203.81,0.9,0.2,0.9
1/5/2021,-1.103,203.82,1.3,1.1,1.0
1/6/2021,-1.071,203.86,1.5,0.6,0.5
1/7/2021,-1.014,203.88,1.0,6.9,1.1
1/8/2021,-0.956,203.91,1.0,1.4,1.3
1/9/2021,-0.918,203.92,1.3,0.3,1.3
1/10/2021,-0.895,203.95,1.7,0.1,1.3
1/11/2021,-0.846,203.95,1.5,10.2,2.3
1/12/2021,-0.866,204,3.5,7.8,3.1
1/13/2021,-0.791,204.11,2.2,0.1,2.9
1/14/2021,-0.732,204.24,0.6,0.0,2.9
1/15/2021,-0.654,204.34,-0.2,0.1,2.8
1/16/2021,-0.586,204.39,-0.5,1.3,2.8
1/17/2021,-0.562,204.46,0.8,4.9,2.6
1/18/2021,-0.600,204.52,4.0,3.0,2.8
1/19/2021,-0.606,204.57,4.9,5.7,3.3
1/20/2021,-0.644,204.66,7.3,1.0,3.4
1/21/2021,-0.701,204.79,7.6,5.8,3.0
1/22/2021,-0.680,204.9,4.6,0.0,2.2
1/23/2021,-0.515,205.06,2.5,2.1,2.4
1/24/2021,-0.422,205.15,0.9,5.5,2.9
1/25/2021,-0.294,205.28,0.4,4.4,3.4
1/26/2021,-0.252,205.37,2.1,1.2,3.4
1/27/2021,-0.213,205.48,2.2,2.2,3.1
1/28/2021,-0.258,205.53,4.1,19.4,4.7
1/29/2021,-0.282,205.69,6.7,11.3,5.3
1/30/2021,-0.153,206.1,0.6,0.0,5.2
1/31/2021,0.107,206.48,-1.0,0.4,4.7
2/1/2021,0.191,206.74,3.4,1.3,4.8
2/2/2021,0.164,206.94,5.4,8.8,5.5
2/3/2021,0.028,207.1,8.9,13.8,6.3
2/4/2021,0.048,207.32,6.6,0.1,5.9
2/5/2021,0.143,207.59,6.6,0.1,5.7
2/6/2021,0.204,207.8,3.3,14.3,7.0
2/7/2021,0.468,208,-4.1,2.4,5.3
2/8/2021,0.611,208.16,-7.5,3.4,4.5
2/9/2021,0.664,208.26,-9.9,0.3,4.5
2/10/2021,0.672,208.36,-9.3,0.3,4.5
2/11/2021,0.725,208.44,-5.2,0.1,4.4
2/12/2021,0.718,208.51,-9.7,0.0,3.5
2/13/2021,0.662,208.57,-7.5,0.0,2.1
2/14/2021,0.628,208.62,-1.8,0.0,2.1
2/15/2021,0.678,208.68,2.0,3.8,2.5
2/16/2021,1.088,208.73,6.7,1.8,1.2
2/17/2021,1.059,208.84,8.1,0.0,1.0
2/18/2021,1.294,209.04,7.4,0.9,0.7
2/19/2021,1.109,209.22,6.9,0.0,0.7
2/20/2021,1.038,209.35,11.3,0.0,0.7
2/21/2021,0.957,209.48,13.8,0.0,0.7
2/22/2021,0.904,209.61,13.3,0.0,0.7
2/23/2021,0.694,209.7,14.7,0.0,0.7
2/24/2021,0.611,209.79,15.0,0.0,0.7
2/25/2021,0.615,209.88,13.9,1.8,0.5
2/26/2021,0.630,209.94,7.5,0.9,0.4
2/27/2021,0.788,210.01,4.2,0.0,0.4
2/28/2021,0.881,210.07,6.3,0.0,0.3
3/1/2021,0.956,210.13,4.3,0.0,0.3
3/2/2021,1.086,210.15,7.5,0.0,0.3
3/3/2021,1.077,210.2,8.4,0.0,0.3
3/4/2021,1.087,210.24,3.5,6.9,1.0
3/5/2021,1.213,210.3,1.7,0.0,1.0
3/6/2021,1.426,210.35,0.8,0.0,1.0
3/7/2021,1.547,210.39,0.8,0.1,0.8
3/8/2021,1.543,210.43,2.9,1.3,0.8
3/9/2021,1.519,210.44,3.4,8.2,1.7
3/10/2021,1.455,210.49,6.1,2.5,1.9
3/11/2021,1.318,210.54,8.2,9.1,2.8
3/12/2021,1.321,210.61,6.2,4.2,3.2
3/13/2021,1.367,210.68,5.5,5.8,3.8
3/14/2021,1.468,210.81,4.7,9.4,4.1
3/15/2021,1.505,210.94,4.8,3.0,4.4
3/16/2021,1.593,211.11,5.1,3.0,4.7
3/17/2021,1.687,211.27,2.7,0.6,4.7
3/18/2021,1.819,211.41,2.4,0.2,4.6
3/19/2021,1.893,211.54,2.8,0.0,3.8
3/20/2021,2.009,211.63,2.2,1.2,3.7
3/21/2021,1.965,211.73,4.9,0.8,2.8
3/22/2021,1.988,211.82,4.5,1.2,2.5
3/23/2021,1.931,211.9,7.0,0.0,1.9
3/24/2021,1.877,211.97,8.9,0.0,1.0
3/25/2021,1.716,212.02,8.5,0.0,0.7
3/26/2021,1.609,212.08,10.3,2.4,0.6
3/27/2021,1.639,212.14,5.5,4.2,1.0
3/28/2021,1.671,212.21,9.3,0.0,1.0
3/29/2021,1.473,212.26,14.6,0.0,1.0
3/30/2021,1.428,212.31,12.5,0.0,0.9
3/31/2021,1.334,212.34,15.3,0.0,0.8
4/1/2021,1.206,212.37,11.3,0.0,0.7
4/2/2021,1.316,212.41,5.2,1.2,0.8
4/3/2021,1.424,212.45,6.1,0.0,0.8
4/4/2021,1.471,212.49,4.7,0.1,0.8
4/5/2021,1.638,212.53,2.6,5.9,1.1
4/6/2021,1.884,212.57,0.9,6.1,1.3
4/7/2021,2.060,212.61,1.2,7.9,2.1
4/8/2021,2.083,212.66,3.7,0.1,2.1
4/9/2021,1.957,212.7,8.0,2.4,2.4
4/10/2021,1.831,212.75,8.0,4.6,2.8
4/11/2021,1.853,212.8,5.9,6.2,3.5
4/12/2021,2.034,212.87,2.8,2.9,3.6
4/13/2021,2.134,212.93,3.9,0.1,3.6
4/14/2021,2.208,212.99,2.7,0.4,3.7
4/15/2021,2.246,213.03,4.2,0.0,3.1
4/16/2021,2.171,213.08,6.5,0.0,2.5
4/17/2021,2.095,213.11,6.2,0.0,1.7
4/18/2021,1.969,213.16,8.8,7.2,2.4
4/19/2021,1.784,213.2,10.1,0.1,2.2
4/20/2021,1.724,213.24,11.4,0.0,1.7
4/21/2021,1.637,213.27,10.1,0.0,1.1
4/22/2021,1.649,213.3,6.2,0.0,0.8
4/23/2021,1.700,213.32,6.3,0.0,0.8
4/24/2021,1.685,213.35,6.9,0.0,0.7
4/25/2021,1.668,213.36,5.6,0.0,0.7
4/26/2021,1.702,213.38,7.4,0.0,0.7
4/27/2021,1.669,213.39,9.4,0.0,0.7
4/28/2021,1.587,213.4,12.9,0.0,0.0
4/29/2021,1.439,213.42,10.6,0.2,0.0
4/30/2021,1.590,213.44,7.3,0.4,0.1
5/1/2021,1.575,213.45,8.7,0.0,0.1
5/2/2021,1.537,213.44,6.5,0.2,0.1
5/3/2021,1.608,213.44,8.8,0.7,0.2
5/4/2021,1.550,213.45,9.5,3.8,0.5
5/5/2021,1.602,213.45,6.5,3.1,0.8
5/6/2021,1.608,213.46,7.0,3.2,1.2
5/7/2021,1.627,213.47,6.6,0.9,1.3
5/8/2021,1.598,213.48,10.0,0.0,1.3
5/9/2021,1.375,213.47,20.1,0.0,1.2
5/10/2021,0.965,213.47,18.4,7.2,1.9
5/11/2021,0.875,213.45,13.9,3.3,2.2
5/12/2021,0.839,213.42,13.8,0.0,2.2
5/13/2021,0.811,213.43,13.3,0.4,2.2
5/14/2021,0.678,213.42,13.5,1.6,2.0
5/15/2021,0.661,213.42,11.3,2.4,1.9
5/16/2021,0.700,213.41,11.7,2.4,1.8
5/17/2021,0.708,213.41,11.1,4.7,2.2
5/18/2021,0.726,213.41,10.4,12.9,3.5
5/19/2021,0.754,213.41,10.4,0.0,3.5
5/20/2021,0.749,213.41,12.9,0.0,2.8
5/21/2021,0.568,213.42,13.9,0.9,2.5
5/22/2021,0.588,213.42,10.2,2.0,2.7
5/23/2021,0.632,213.44,11.5,1.5,2.8
5/24/2021,0.630,213.45,13.3,0.2,2.7
5/25/2021,0.670,213.45,9.5,4.5,2.9
5/26/2021,0.712,213.44,10.9,13.4,4.0
5/27/2021,0.733,213.47,9.8,4.7,4.0
5/28/2021,0.694,213.51,13.7,0.6,2.8
5/29/2021,0.435,213.54,12.0,0.0,2.8
5/30/2021,0.258,213.56,15.1,0.0,2.8
5/31/2021,0.021,213.58,16.7,0.0,2.7
6/1/2021,-0.234,213.58,18.2,0.0,2.5
6/2/2021,-0.520,213.61,20.3,0.0,2.3
6/3/2021,-0.790,213.62,20.4,16.7,4.0
6/4/2021,-0.869,213.64,21.2,1.1,3.7
6/5/2021,-0.978,213.67,19.1,0.6,2.4
6/6/2021,-0.830,213.68,15.6,0.3,1.9
6/7/2021,-0.748,213.67,16.7,0.0,1.9
6/8/2021,-0.918,213.66,18.6,0.0,1.9
6/9/2021,-1.216,213.62,21.1,0.0,1.9
6/10/2021,-1.465,213.61,21.2,0.0,1.9
6/11/2021,-1.685,213.6,21.6,0.0,1.9
6/12/2021,-1.779,213.58,18.4,0.0,1.9
6/13/2021,-1.659,213.56,16.5,0.0,0.2
6/14/2021,-1.803,213.55,20.9,0.0,0.1
6/15/2021,-2.067,213.52,19.9,0.0,0.0
6/16/2021,-2.201,213.47,23.4,0.0,0.0
6/17/2021,-2.553,213.43,28.1,0.0,0.0
6/18/2021,-2.903,213.4,26.5,0.0,0.0
6/19/2021,-3.080,213.36,25.7,20.5,2.1
6/20/2021,-3.058,213.32,23.2,14.1,3.5
6/21/2021,-2.857,213.35,18.1,1.4,3.6
6/22/2021,-2.454,213.37,14.6,2.0,3.8
6/23/2021,-2.367,213.38,16.9,0.1,3.8
6/24/2021,-2.362,213.38,16.4,10.2,4.8
6/25/2021,-2.356,213.37,18.4,0.0,4.8
6/26/2021,-2.502,213.36,20.1,0.1,4.8
6/27/2021,-2.691,213.35,21.9,4.1,5.3
6/28/2021,-2.797,213.33,22.2,1.6,5.4
6/29/2021,-2.994,213.33,21.6,4.5,3.8
6/30/2021,-2.891,213.33,17.6,1.4,2.5
7/1/2021,-2.530,213.36,13.5,4.5,2.9
7/2/2021,-2.433,213.37,17.0,0.0,2.7
7/3/2021,-2.547,213.37,20.3,1.0,2.7
7/4/2021,-2.638,213.37,18.9,12.2,2.9
7/5/2021,-2.565,213.39,18.4,1.8,3.1
7/6/2021,-2.666,213.39,20.0,1.7,3.3
7/7/2021,-2.706,213.4,20.0,0.0,2.9
7/8/2021,-2.755,213.39,18.5,2.2,2.9
7/9/2021,-2.675,213.4,18.0,4.7,3.0
7/10/2021,-2.659,213.4,19.2,1.2,2.9
7/11/2021,-2.712,213.41,19.0,0.1,2.5
7/12/2021,-2.782,213.42,21.6,2.6,2.8
7/13/2021,-2.867,213.43,20.3,30.9,5.7
7/14/2021,-2.579,213.37,17.7,62.2,10.7
7/15/2021,-2.244,213.66,20.3,1.1,10.7
7/16/2021,-2.242,213.72,17.6,0.0,10.5
7/17/2021,-2.243,213.68,20.2,0.0,10.5
7/18/2021,-2.397,213.61,21.2,0.1,10.3
7/19/2021,-2.451,213.54,17.6,0.0,9.8
7/20/2021,-2.438,213.5,18.1,0.0,9.7
7/21/2021,-2.559,213.44,18.0,0.0,9.7
7/22/2021,-2.684,213.37,19.9,0.0,9.4
7/23/2021,-2.729,213.3,20.1,0.0,6.3
7/24/2021,-2.796,213.2,20.3,1.9,0.3
7/25/2021,-2.786,213.09,21.6,1.5,0.4
7/26/2021,-2.904,213.02,21.2,4.4,0.8
7/27/2021,-2.899,212.94,19.6,0.8,0.9
7/28/2021,-2.868,212.89,19.4,6.4,1.5
7/29/2021,-2.897,212.81,18.2,0.1,1.5
7/30/2021,-2.913,212.77,20.2,0.4,1.6
7/31/2021,-2.918,212.75,17.8,0.5,1.6
8/1/2021,-2.849,212.73,17.7,1.4,1.7
8/2/2021,-2.744,212.72,15.7,0.9,1.8
8/3/2021,-2.639,212.7,15.4,0.3,1.7
8/4/2021,-2.669,212.68,17.5,0.8,1.6
8/5/2021,-2.684,212.68,18.4,0.5,1.2
8/6/2021,-2.722,212.69,18.3,6.1,1.7
8/7/2021,-2.765,212.69,18.7,0.7,1.2
8/8/2021,-2.727,212.68,16.7,1.1,1.3
8/9/2021,-2.655,212.68,17.3,6.1,1.8
8/10/2021,-2.606,212.67,17.6,0.7,1.9
8/11/2021,-2.644,212.66,19.5,0.0,1.7
8/12/2021,-2.787,212.64,20.9,0.0,1.6
8/13/2021,-2.877,212.62,20.7,0.0,1.6
8/14/2021,-2.860,212.6,19.9,0.0,1.5
8/15/2021,-2.952,212.58,20.8,0.0,1.5
8/16/2021,-2.894,212.57,15.2,5.6,1.4
8/17/2021,-2.623,212.52,14.0,5.7,1.9
8/18/2021,-2.561,212.49,16.4,2.7,2.1
8/19/2021,-2.568,212.48,17.1,2.7,1.7
8/20/2021,-2.614,212.48,18.3,0.0,1.7
8/21/2021,-2.665,212.46,19.4,4.7,2.1
8/22/2021,-2.751,212.45,18.9,3.5,2.5
8/23/2021,-2.701,212.46,17.1,0.5,2.5
8/24/2021,-2.576,212.44,16.0,0.0,2.5
8/25/2021,-2.488,212.43,16.3,2.7,2.8
8/26/2021,-2.424,212.43,14.6,11.4,3.4
8/27/2021,-2.263,212.44,13.9,15.7,4.4
8/28/2021,-2.194,212.47,15.3,11.7,5.3
8/29/2021,-2.096,212.57,15.0,10.3,6.1
8/30/2021,-2.054,212.8,17.2,0.0,6.1
8/31/2021,-2.072,212.88,16.9,0.2,5.6
9/1/2021,-2.106,212.9,15.1,0.0,5.3
9/2/2021,-1.997,212.92,16.5,0.0,5.2
9/3/2021,-2.001,212.91,18.6,0.0,5.2
9/4/2021,-2.028,212.91,15.3,0.0,4.9
9/5/2021,-1.982,212.91,17.7,0.0,3.8
9/6/2021,-1.964,212.9,18.1,0.0,2.2
9/7/2021,-2.055,212.89,18.6,0.0,1.1
9/8/2021,-2.094,212.88,20.2,0.0,0.0
9/9/2021,-2.141,212.85,20.7,13.1,1.3
9/10/2021,-2.254,212.83,20.5,5.6,1.9
9/11/2021,-2.268,212.83,18.9,0.9,2.0
9/12/2021,-2.282,212.81,17.6,0.0,2.0
9/13/2021,-2.188,212.8,16.3,0.0,2.0
9/14/2021,-2.103,212.78,19.1,0.9,2.1
9/15/2021,-2.217,212.78,19.2,10.9,3.1
9/16/2021,-2.143,212.76,15.3,0.3,3.2
9/17/2021,-2.051,212.75,15.7,0.0,3.2
9/18/2021,-2.020,212.72,16.1,0.0,3.2
9/19/2021,-1.936,212.7,12.8,0.0,1.9
9/20/2021,-1.784,212.66,11.7,0.0,1.3
9/21/2021,-1.693,212.62,11.9,0.0,1.2
9/22/2021,-1.616,212.61,13.6,0.0,1.2
9/23/2021,-1.589,212.57,15.7,0.5,1.3
9/24/2021,-1.686,212.53,16.1,0.0,1.2
9/25/2021,-1.751,212.5,16.7,0.0,0.1
9/26/2021,-1.816,212.46,19.2,0.1,0.1
9/27/2021,-1.877,212.43,17.2,3.3,0.4
9/28/2021,-1.777,212.4,13.8,0.1,0.4
9/29/2021,-1.647,212.33,11.3,6.6,1.1
9/30/2021,-1.491,212.29,11.6,0.0,1.1
10/1/2021,-1.458,212.26,14.4,2.0,1.3
10/2/2021,-1.538,212.21,15.1,0.7,1.3
10/3/2021,-1.679,212.19,17.2,0.7,1.4
10/4/2021,-1.609,212.15,13.0,0.0,1.4
10/5/2021,-1.545,212.12,13.4,1.4,1.5
10/6/2021,-1.498,212.07,11.8,3.6,1.8
10/7/2021,-1.461,212.02,12.5,0.0,1.5
10/8/2021,-1.352,211.98,12.5,0.0,1.5
10/9/2021,-1.270,211.95,11.6,0.0,0.8
10/10/2021,-1.151,211.91,10.5,1.5,1.0
10/11/2021,-1.136,211.86,11.0,0.9,0.9
10/12/2021,-0.533,211.81,9.4,6.2,1.4
10/13/2021,-1.037,211.79,9.5,1.1,1.5
10/14/2021,-1.049,211.76,11.4,0.5,1.5
10/15/2021,-1.074,211.74,10.8,1.4,1.5
10/16/2021,-0.970,211.71,7.3,0.0,1.2
10/17/2021,-0.902,211.65,8.6,0.0,1.2
10/18/2021,-0.897,211.62,11.0,0.1,1.2
10/19/2021,-1.056,211.58,14.7,0.1,1.2
10/20/2021,-1.181,211.53,15.8,6.0,1.6
10/21/2021,-1.151,211.49,10.0,5.7,2.1
10/22/2021,-0.952,211.43,7.7,4.1,1.9
10/23/2021,-0.840,211.4,7.5,0.0,1.8
10/24/2021,-0.723,211.38,8.9,0.0,1.7
10/25/2021,-0.709,211.34,10.9,0.9,1.7
10/26/2021,-0.808,211.33,12.3,0.2,1.7
10/27/2021,-0.900,211.31,13.1,0.0,1.7
10/28/2021,-0.884,211.28,12.5,0.0,1.7
10/29/2021,-0.884,211.25,13.2,0.0,1.7
10/30/2021,-0.963,211.22,12.8,0.2,1.1
10/31/2021,-1.028,211.17,13.9,5.2,1.1
11/1/2021,-1.020,211.15,10.5,0.7,0.7
11/2/2021,-0.898,211.12,8.8,0.2,0.7
11/3/2021,-0.777,211.09,6.5,7.3,1.5
11/4/2021,-0.700,211.06,6.8,1.3,1.5
11/5/2021,-0.658,211.03,8.0,0.6,1.6
11/6/2021,-0.620,211.02,8.6,1.5,1.7
11/7/2021,-0.638,211.01,8.7,1.0,1.8
11/8/2021,-0.559,211.01,8.2,0.1,1.8
11/9/2021,-0.511,211.01,8.3,0.0,1.8
11/10/2021,-0.382,211,5.8,0.0,1.3
11/11/2021,-0.270,210.98,5.7,0.0,1.2
11/12/2021,-0.274,210.96,8.5,0.8,1.3
11/13/2021,-0.302,210.93,8.2,1.2,0.7
11/14/2021,-0.317,210.91,7.7,0.0,0.5
11/15/2021,-0.299,210.89,6.1,0.0,0.5
11/16/2021,-0.252,210.87,5.2,0.8,0.4
11/17/2021,-0.218,210.85,6.3,1.9,0.5
11/18/2021,-0.205,210.81,8.3,0.8,0.6
11/19/2021,-0.292,210.78,10.2,0.3,0.6
11/20/2021,-0.353,210.76,9.4,0.1,0.6
11/21/2021,-0.311,210.74,6.9,1.0,0.7
11/22/2021,-0.199,210.71,3.7,0.3,0.6
11/23/2021,-0.051,210.68,3.8,1.5,0.7
11/24/2021,-0.062,210.66,5.9,0.2,0.7
11/25/2021,0.031,210.64,3.5,0.3,0.7
11/26/2021,0.082,210.61,3.6,3.0,0.9
11/27/2021,0.161,210.61,3.1,0.0,0.8
11/28/2021,0.270,210.57,2.2,0.0,0.7
11/29/2021,0.340,210.53,1.6,3.8,1.0
11/30/2021,0.332,210.5,5.6,19.2,2.9
12/1/2021,0.255,210.6,7.1,3.9,3.2
12/2/2021,0.396,210.74,2.4,1.8,3.4
12/3/2021,0.554,210.83,1.9,0.0,3.2
12/4/2021,0.581,210.91,4.0,3.9,3.6
12/5/2021,0.619,210.99,4.2,0.0,3.6
12/6/2021,0.710,211.05,3.1,2.6,3.5
12/7/2021,0.783,211.1,3.3,0.3,3.6
12/8/2021,0.826,211.17,4.5,0.1,3.6
12/9/2021,0.869,211.18,3.9,0.0,3.2
12/10/2021,0.944,211.17,2.3,0.0,1.3
12/11/2021,1.077,211.18,0.5,0.2,0.9
12/12/2021,1.052,211.2,5.8,5.7,1.3
12/13/2021,0.914,211.24,8.5,0.2,1.3
12/14/2021,0.879,211.25,7.5,1.6,1.1
12/15/2021,0.813,211.3,8.5,0.3,1.1
12/16/2021,0.776,211.34,8.5,0.5,0.9
12/17/2021,0.737,211.36,7.5,0.7,0.9
12/18/2021,0.774,211.38,6.3,0.8,1.0
12/19/2021,0.824,211.42,5.4,1.0,1.1
12/20/2021,0.934,211.43,1.8,0.1,1.1
12/21/2021,1.164,211.47,-1.8,0.1,1.1
12/22/2021,1.289,211.51,-0.9,0.1,0.5
12/23/2021,1.386,211.53,3.5,7.8,1.3
12/24/2021,1.251,211.55,7.2,5.8,1.7
12/25/2021,1.387,211.63,-1.0,0.0,1.7
12/26/2021,1.573,211.69,0.4,0.8,1.7
12/27/2021,1.529,211.76,6.1,0.1,1.7
12/28/2021,1.419,211.79,8.0,6.6,2.2
12/29/2021,1.318,211.8,8.7,5.1,2.7
12/30/2021,1.083,211.84,12.8,1.7,2.8
12/31/2021,0.912,211.9,13.0,0.7,2.9
1/1/2022,0.837,211.91,12.0,0.3,2.9
1/2/2022,0.844,211.94,11.2,6.7,2.8
1/3/2022,0.895,211.96,9.0,4.7,2.7
1/4/2022,1.003,212.06,6.2,3.5,3.0
1/5/2022,1.236,212.15,2.6,7.3,3.7
1/6/2022,1.415,212.2,2.9,0.2,3.7
1/7/2022,1.551,212.24,2.5,0.9,3.1
1/8/2022,1.634,212.25,2.4,5.6,3.2
1/9/2022,1.648,212.24,4.0,1.6,3.2
1/10/2022,1.692,212.24,3.3,0.0,3.1
1/11/2022,1.848,212.22,1.6,0.1,3.1
1/12/2022,1.876,212.17,2.6,0.1,2.4
1/13/2022,1.938,212.2,3.2,0.1,1.9
1/14/2022,2.031,212.22,1.8,0.2,1.6
1/15/2022,2.018,212.24,2.4,0.0,0.9
1/16/2022,2.093,212.22,3.1,1.0,1.0
1/17/2022,2.002,212.24,5.4,1.9,1.1
1/18/2022,1.930,212.24,5.8,0.1,0.5
1/19/2022,2.011,212.25,2.7,2.9,0.6
1/20/2022,2.075,212.26,2.1,0.0,0.6
1/21/2022,2.145,212.26,2.3,4.0,1.0
1/22/2022,2.078,212.25,4.9,0.8,1.1
1/23/2022,2.048,212.28,4.9,0.3,1.1
1/24/2022,2.057,212.3,3.9,0.1,1.1
1/25/2022,2.138,212.32,2.1,0.0,1.1
1/26/2022,2.217,212.32,1.6,0.0,1.0
1/27/2022,2.213,212.33,4.1,6.3,1.5
1/28/2022,2.203,212.35,4.3,0.0,1.4
1/29/2022,2.132,212.37,7.0,2.7,1.4
1/30/2022,2.114,212.39,4.5,3.2,1.7
1/31/2022,2.192,212.4,3.6,10.6,2.4
2/1/2022,2.244,212.49,4.4,5.7,2.9
2/2/2022,2.194,212.54,5.7,0.5,2.9
2/3/2022,2.175,212.57,6.5,0.8,3.0
2/4/2022,2.127,212.56,5.8,2.8,3.3
2/5/2022,2.199,212.53,4.5,5.0,3.8
2/6/2022,2.162,212.48,5.0,16.0,4.7
2/7/2022,2.278,212.57,3.9,1.3,4.9
2/8/2022,2.248,212.67,7.5,0.2,4.6
2/9/2022,2.114,212.7,8.4,0.0,4.3
2/10/2022,2.126,212.7,5.4,7.1,3.9
2/11/2022,2.250,212.68,2.6,2.2,3.6
2/12/2022,2.413,212.66,2.1,0.0,3.5
2/13/2022,2.473,212.6,5.6,0.0,3.5
2/14/2022,2.295,212.53,8.7,0.7,3.3
2/15/2022,2.229,212.46,6.5,3.7,3.1
2/16/2022,2.077,212.38,9.0,19.2,3.4
2/17/2022,1.949,212.32,8.1,4.1,3.7
2/18/2022,2.000,212.37,7.8,1.9,3.9
2/19/2022,2.053,212.37,5.1,5.5,4.4
2/20/2022,2.042,212.35,6.7,17.2,5.5
2/21/2022,2.102,212.42,4.2,7.7,6.0
2/22/2022,2.236,212.67,5.7,2.8,6.3
2/23/2022,2.323,212.86,7.0,0.1,6.3
2/24/2022,2.337,212.95,6.5,4.5,6.7
2/25/2022,2.495,212.99,2.4,3.5,6.7
2/26/2022,2.616,213,3.1,0.0,4.7
2/27/2022,2.720,212.98,3.6,0.0,4.3
2/28/2022,2.762,212.94,5.7,0.0,4.1
3/1/2022,2.749,212.9,5.2,0.0,3.6
3/2/2022,2.757,212.86,4.7,0.0,1.9
3/3/2022,2.870,212.9,3.5,0.0,1.1
3/4/2022,2.988,212.94,1.9,0.0,0.8
3/5/2022,3.085,212.96,2.9,0.0,0.8
3/6/2022,3.160,212.99,1.1,0.0,0.4
3/7/2022,3.206,213.04,2.7,0.0,0.0
3/8/2022,3.254,213.05,3.8,0.0,0.0
3/9/2022,3.303,213.09,5.4,0.0,0.0
3/10/2022,3.313,213.11,7.1,0.0,0.0
3/11/2022,3.250,213.14,8.6,0.0,0.0
3/12/2022,3.123,213.17,9.6,0.0,0.0
3/13/2022,3.041,213.19,10.5,8.5,0.9
3/14/2022,2.899,213.23,8.0,1.1,1.0
3/15/2022,2.908,213.27,6.1,0.7,1.0
3/16/2022,2.962,213.29,7.8,0.1,1.0
3/17/2022,2.850,213.33,7.6,1.2,1.2
3/18/2022,2.978,213.33,6.3,0.0,1.2
3/19/2022,3.016,213.33,6.1,0.0,1.2
3/20/2022,3.007,213.35,8.2,0.0,1.2
3/21/2022,2.920,213.35,11.0,0.0,1.2
3/22/2022,2.850,213.35,11.2,0.0,1.2
3/23/2022,2.842,213.39,9.6,0.0,0.3
3/24/2022,2.824,213.39,9.3,0.0,0.2
3/25/2022,2.819,213.41,8.8,0.0,0.1
3/26/2022,2.785,213.4,10.0,0.0,0.1
3/27/2022,2.578,213.4,10.8,0.0,0.0
3/28/2022,2.521,213.4,10.6,0.0,0.0
3/29/2022,2.478,213.41,7.4,0.0,0.0
3/30/2022,2.523,213.42,6.6,0.6,0.1
3/31/2022,2.571,213.44,4.4,2.9,0.4
4/1/2022,2.825,213.42,0.0,13.0,1.7
4/2/2022,3.017,213.41,1.3,0.0,1.7
4/3/2022,3.108,213.4,2.1,0.0,1.7
4/4/2022,3.092,213.39,3.6,15.7,3.2
4/5/2022,2.944,213.45,8.8,6.2,3.8
4/6/2022,2.812,213.53,9.0,4.3,4.3
4/7/2022,2.744,213.51,8.2,11.1,5.4
4/8/2022,2.785,213.52,5.9,1.2,5.5
4/9/2022,2.831,213.49,4.3,2.7,5.7
4/10/2022,2.843,213.43,4.9,0.0,5.4
4/11/2022,2.781,213.36,8.7,0.0,4.1
4/12/2022,2.555,213.31,15.3,0.0,4.1
4/13/2022,2.238,213.34,16.0,0.4,4.2
4/14/2022,1.984,213.35,14.4,0.0,2.6
4/15/2022,1.976,213.37,8.9,0.0,2.0
4/16/2022,2.089,213.39,9.4,0.0,1.5
4/17/2022,2.107,213.41,10.4,0.0,0.4
4/18/2022,2.017,213.42,12.2,0.0,0.3
4/19/2022,1.958,213.43,10.4,0.0,0.0
4/20/2022,1.932,213.43,10.3,0.0,0.0
4/21/2022,1.878,213.43,9.3,0.0,0.0
4/22/2022,1.751,213.43,11.1,0.0,0.0
4/23/2022,1.688,213.4,13.2,0.0,0.0
4/24/2022,1.642,213.39,11.4,0.6,0.1
4/25/2022,1.655,213.37,9.4,6.8,0.7
4/26/2022,1.646,213.36,9.6,6.7,1.4
4/27/2022,1.623,213.34,10.9,0.0,1.4
4/28/2022,1.558,213.34,10.6,0.0,1.4
4/29/2022,1.481,213.34,9.8,0.0,1.4
4/30/2022,1.446,213.34,9.5,0.0,1.4
5/1/2022,1.369,213.36,11.1,0.0,1.4
5/2/2022,1.321,213.36,13.1,0.0,1.4
5/3/2022,1.215,213.36,12.4,0.0,1.4
5/4/2022,1.102,213.36,12.0,0.0,1.4
5/5/2022,0.982,213.36,13.0,0.0,0.7
5/6/2022,0.933,213.36,14.5,0.0,0.0
5/7/2022,0.820,213.35,14.7,9.8,1.0
5/8/2022,0.702,213.35,13.2,0.0,1.0
5/9/2022,0.545,213.35,16.6,0.0,1.0
5/10/2022,0.217,213.32,20.1,0.0,1.0
5/11/2022,-0.087,213.3,21.1,2.4,1.2
5/12/2022,-0.137,213.26,15.2,0.0,1.2
5/13/2022,-0.067,213.23,14.3,0.0,1.2
5/14/2022,-0.157,213.19,16.0,0.0,1.2
5/15/2022,-0.285,213.2,17.9,0.0,1.2
5/16/2022,-0.451,213.17,17.8,10.2,2.2
